"Step","young-flower-175 - rollout_scores/mean","young-flower-175 - rollout_scores/mean__MIN","young-flower-175 - rollout_scores/mean__MAX","young-flower-175 - rollout_scores/running_mean","young-flower-175 - rollout_scores/running_mean__MIN","young-flower-175 - rollout_scores/running_mean__MAX","young-flower-175 - rollout_scores/running_std","young-flower-175 - rollout_scores/running_std__MIN","young-flower-175 - rollout_scores/running_std__MAX","young-flower-175 - rollout_scores/std","young-flower-175 - rollout_scores/std__MIN","young-flower-175 - rollout_scores/std__MAX","young-flower-175 - time/rollout_generate","young-flower-175 - time/rollout_generate__MIN","young-flower-175 - time/rollout_generate__MAX","young-flower-175 - time/rollout_score","young-flower-175 - time/rollout_score__MIN","young-flower-175 - time/rollout_score__MAX","young-flower-175 - time/rollout_time","young-flower-175 - time/rollout_time__MIN","young-flower-175 - time/rollout_time__MAX"
"0","0.17675310000777245","0.17675310000777245","0.17675310000777245","0.1272983526190122","0.1272983526190122","0.1272983526190122","0.2520944227774938","0.2520944227774938","0.2520944227774938","0.32328428158264916","0.32328428158264916","0.32328428158264916","2.7116869688034058","2.7116869688034058","2.7116869688034058","12.189384202162424","12.189384202162424","12.189384202162424","15.11288313070933","15.11288313070933","15.11288313070933"
"60","0.27014201506972313","0.27014201506972313","0.27014201506972313","0.19885567327340445","0.19885567327340445","0.19885567327340445","0.3588508764902751","0.3588508764902751","0.3588508764902751","0.3628705005685333","0.3628705005685333","0.3628705005685333","2.135772625605265","2.135772625605265","2.135772625605265","12.075256725152334","12.075256725152334","12.075256725152334","14.422661185264587","14.422661185264587","14.422661185264587"
"120","0.15778387089570364","0.15778387089570364","0.15778387089570364","0.2092483527958393","0.2092483527958393","0.2092483527958393","0.37546931952238083","0.37546931952238083","0.37546931952238083","0.2890674141969403","0.2890674141969403","0.2890674141969403","1.937863032023112","1.937863032023112","1.937863032023112","12.121977726618448","12.121977726618448","12.121977726618448","14.274562875429789","14.274562875429789","14.274562875429789"
"180","0.3869228425125281","0.3869228425125281","0.3869228425125281","0.2217647172510624","0.2217647172510624","0.2217647172510624","0.38543592145045596","0.38543592145045596","0.38543592145045596","0.46672487976805616","0.46672487976805616","0.46672487976805616","1.8693237503369649","1.8693237503369649","1.8693237503369649","12.168544034163157","12.168544034163157","12.168544034163157","14.281985660394033","14.281985660394033","14.281985660394033"
"240","0.17416502038637796","0.17416502038637796","0.17416502038637796","0.23774158830444017","0.23774158830444017","0.23774158830444017","0.3945392519235611","0.3945392519235611","0.3945392519235611","0.28855693811703986","0.28855693811703986","0.28855693811703986","1.9331435759862263","1.9331435759862263","1.9331435759862263","12.207962453365326","12.207962453365326","12.207962453365326","14.356922586758932","14.356922586758932","14.356922586758932"
"300","0.15744277214010557","0.15744277214010557","0.15744277214010557","0.2242588773369789","0.2242588773369789","0.2242588773369789","0.395716426273187","0.395716426273187","0.395716426273187","0.3786077511019054","0.3786077511019054","0.3786077511019054","1.9936747352282207","1.9936747352282207","1.9936747352282207","12.13806184132894","12.13806184132894","12.13806184132894","14.328887939453125","14.328887939453125","14.328887939453125"
"360","0.21936964988708496","0.21936964988708496","0.21936964988708496","0.22228003293275833","0.22228003293275833","0.22228003293275833","0.3967207769552867","0.3967207769552867","0.3967207769552867","0.339239295538088","0.339239295538088","0.339239295538088","1.9128865996996562","1.9128865996996562","1.9128865996996562","12.17874562740326","12.17874562740326","12.17874562740326","14.289340257644653","14.289340257644653","14.289340257644653"
"420","0.15448710694909096","0.15448710694909096","0.15448710694909096","0.21610038354992867","0.21610038354992867","0.21610038354992867","0.3909832388162613","0.3909832388162613","0.3909832388162613","0.24434608550897488","0.24434608550897488","0.24434608550897488","2.057076116402944","2.057076116402944","2.057076116402944","12.177659312884012","12.177659312884012","12.177659312884012","14.50836424032847","14.50836424032847","14.50836424032847"
"480","0.1284948599835237","0.1284948599835237","0.1284948599835237","0.20534601186712584","0.20534601186712584","0.20534601186712584","0.3821980704863866","0.3821980704863866","0.3821980704863866","0.19897888786848247","0.19897888786848247","0.19897888786848247","2.18148006995519","2.18148006995519","2.18148006995519","12.154866695404053","12.154866695404053","12.154866695404053","14.562434534231821","14.562434534231821","14.562434534231821"
"540","0.2520602693160375","0.2520602693160375","0.2520602693160375","0.20670107752084732","0.20670107752084732","0.20670107752084732","0.3865716780225436","0.3865716780225436","0.3865716780225436","0.33466163051161857","0.33466163051161857","0.33466163051161857","2.0803428093592324","2.0803428093592324","2.0803428093592324","12.20796263217926","12.20796263217926","12.20796263217926","14.497327228387197","14.497327228387197","14.497327228387197"
"600","0.19419088835517564","0.19419088835517564","0.19419088835517564","0.20693771168589592","0.20693771168589592","0.20693771168589592","0.38557767619689304","0.38557767619689304","0.38557767619689304","0.30829668024489365","0.30829668024489365","0.30829668024489365","2.2004035115242004","2.2004035115242004","2.2004035115242004","12.25236173470815","12.25236173470815","12.25236173470815","14.66425883769989","14.66425883769989","14.66425883769989"
"660","0.2893677055835724","0.2893677055835724","0.2893677055835724","0.2088607686261336","0.2088607686261336","0.2088607686261336","0.3877570951978366","0.3877570951978366","0.3877570951978366","0.432985713871858","0.432985713871858","0.432985713871858","2.0450541774431863","2.0450541774431863","2.0450541774431863","12.189375400543213","12.189375400543213","12.189375400543213","14.435546100139618","14.435546100139618","14.435546100139618"
"720","0.1659695766866207","0.1659695766866207","0.1659695766866207","0.20969888816277185","0.20969888816277185","0.20969888816277185","0.38984959075848263","0.38984959075848263","0.38984959075848263","0.24628458238172848","0.24628458238172848","0.24628458238172848","1.9076500137646992","1.9076500137646992","1.9076500137646992","12.137303471565247","12.137303471565247","12.137303471565247","14.229182402292887","14.229182402292887","14.229182402292887"
"780","0.1190478578209877","0.1190478578209877","0.1190478578209877","0.20637418578068414","0.20637418578068414","0.20637418578068414","0.38667068630456924","0.38667068630456924","0.38667068630456924","0.1881845882696022","0.1881845882696022","0.1881845882696022","1.82596755027771","1.82596755027771","1.82596755027771","12.08162647485733","12.08162647485733","12.08162647485733","14.116868416468302","14.116868416468302","14.116868416468302"
"840","0.17777092506488165","0.17777092506488165","0.17777092506488165","0.20182541633645693","0.20182541633645693","0.20182541633645693","0.38340390970309574","0.38340390970309574","0.38340390970309574","0.31925268707952154","0.31925268707952154","0.31925268707952154","2.1562450726826987","2.1562450726826987","2.1562450726826987","12.245313465595245","12.245313465595245","12.245313465595245","14.626629571119944","14.626629571119944","14.626629571119944"
"900","0.28833284601569176","0.28833284601569176","0.28833284601569176","0.2037007287144661","0.2037007287144661","0.2037007287144661","0.38363011678059894","0.38363011678059894","0.38363011678059894","0.40626519126817584","0.40626519126817584","0.40626519126817584","2.2544263998667398","2.2544263998667398","2.2544263998667398","12.260745108127594","12.260745108127594","12.260745108127594","14.746539831161499","14.746539831161499","14.746539831161499"
"960","0.1890676642457644","0.1890676642457644","0.1890676642457644","0.20701389635602632","0.20701389635602632","0.20701389635602632","0.38662053147951764","0.38662053147951764","0.38662053147951764","0.3134233367163688","0.3134233367163688","0.3134233367163688","2.196815252304077","2.196815252304077","2.196815252304077","12.246970196564993","12.246970196564993","12.246970196564993","14.683049519856771","14.683049519856771","14.683049519856771"
"1020","0.24277377128601074","0.24277377128601074","0.24277377128601074","0.20748026917378107","0.20748026917378107","0.20748026917378107","0.3873346174756686","0.3873346174756686","0.3873346174756686","0.3648418241950064","0.3648418241950064","0.3648418241950064","2.3292198181152344","2.3292198181152344","2.3292198181152344","12.233166635036469","12.233166635036469","12.233166635036469","14.770317872365316","14.770317872365316","14.770317872365316"
"1080","0.27566420783599216","0.27566420783599216","0.27566420783599216","0.20965450877944627","0.20965450877944627","0.20965450877944627","0.38868466516335803","0.38868466516335803","0.38868466516335803","0.37417148063347366","0.37417148063347366","0.37417148063347366","2.200660487016042","2.200660487016042","2.200660487016042","12.200587610403696","12.200587610403696","12.200587610403696","14.61145826180776","14.61145826180776","14.61145826180776"
"1140","0.14906938622395197","0.14906938622395197","0.14906938622395197","0.2115438704689344","0.2115438704689344","0.2115438704689344","0.390224056939284","0.390224056939284","0.390224056939284","0.2351378865400875","0.2351378865400875","0.2351378865400875","2.101738393306732","2.101738393306732","2.101738393306732","12.22049448887507","12.22049448887507","12.22049448887507","14.523722052574158","14.523722052574158","14.523722052574158"
"1200","0.2929049842059612","0.2929049842059612","0.2929049842059612","0.21018426368633905","0.21018426368633905","0.21018426368633905","0.38921727736790973","0.38921727736790973","0.38921727736790973","0.3570631503826007","0.3570631503826007","0.3570631503826007","2.2259506384531655","2.2259506384531655","2.2259506384531655","12.153296689192453","12.153296689192453","12.153296689192453","14.61030799150467","14.61030799150467","14.61030799150467"
"1260","0.2781524459520976","0.2781524459520976","0.2781524459520976","0.21496283759673437","0.21496283759673437","0.21496283759673437","0.3929785415530205","0.3929785415530205","0.3929785415530205","0.3501764876030696","0.3501764876030696","0.3501764876030696","2.0929766098658242","2.0929766098658242","2.0929766098658242","12.14229049285253","12.14229049285253","12.14229049285253","14.436583856741587","14.436583856741587","14.436583856741587"
"1320","0.1864732007185618","0.1864732007185618","0.1864732007185618","0.2156984694302082","0.2156984694302082","0.2156984694302082","0.39371132602294284","0.39371132602294284","0.39371132602294284","0.3254212072303441","0.3254212072303441","0.3254212072303441","2.1552844047546387","2.1552844047546387","2.1552844047546387","12.065802951653799","12.065802951653799","12.065802951653799","14.42186826467514","14.42186826467514","14.42186826467514"
"1380","0.17899092038472494","0.17899092038472494","0.17899092038472494","0.21405027930935225","0.21405027930935225","0.21405027930935225","0.3945060397187869","0.3945060397187869","0.3945060397187869","0.3576277215227795","0.3576277215227795","0.3576277215227795","2.0409608085950217","2.0409608085950217","2.0409608085950217","12.582984864711761","12.582984864711761","12.582984864711761","14.83176072438558","14.83176072438558","14.83176072438558"
"1440","0.14148633430401483","0.14148633430401483","0.14148633430401483","0.21100094666083655","0.21100094666083655","0.21100094666083655","0.39318252354860306","0.39318252354860306","0.39318252354860306","0.28481539753132284","0.28481539753132284","0.28481539753132284","2.249123434225718","2.249123434225718","2.249123434225718","12.107144594192505","12.107144594192505","12.107144594192505","14.57237978776296","14.57237978776296","14.57237978776296"
"1500","0.2318895955880483","0.2318895955880483","0.2318895955880483","0.21111808841427168","0.21111808841427168","0.21111808841427168","0.39382564028104144","0.39382564028104144","0.39382564028104144","0.2953536553433575","0.2953536553433575","0.2953536553433575","2.2539075215657554","2.2539075215657554","2.2539075215657554","12.04717735449473","12.04717735449473","12.04717735449473","14.51888632774353","14.51888632774353","14.51888632774353"
"1560","0.30216322590907413","0.30216322590907413","0.30216322590907413","0.2122852106889089","0.2122852106889089","0.2122852106889089","0.39399221787850064","0.39399221787850064","0.39399221787850064","0.41735755869497854","0.41735755869497854","0.41735755869497854","2.098553558190664","2.098553558190664","2.098553558190664","12.087990085283915","12.087990085283915","12.087990085283915","14.393871168295542","14.393871168295542","14.393871168295542"
"1620","0.18347430725892386","0.18347430725892386","0.18347430725892386","0.21351015816132227","0.21351015816132227","0.21351015816132227","0.39448678990205127","0.39448678990205127","0.39448678990205127","0.33193645408997935","0.33193645408997935","0.33193645408997935","2.091911812623342","2.091911812623342","2.091911812623342","12.110830187797546","12.110830187797546","12.110830187797546","14.40762354930242","14.40762354930242","14.40762354930242"
"1680","0.24160318821668625","0.24160318821668625","0.24160318821668625","0.21361687034368515","0.21361687034368515","0.21361687034368515","0.3948742225766182","0.3948742225766182","0.3948742225766182","0.4034595218254253","0.4034595218254253","0.4034595218254253","2.1635424892107644","2.1635424892107644","2.1635424892107644","12.140741924444834","12.140741924444834","12.140741924444834","14.504979292551676","14.504979292551676","14.504979292551676"
"1740","0.3631182983517647","0.3631182983517647","0.3631182983517647","0.2179328997929891","0.2179328997929891","0.2179328997929891","0.3984876200556755","0.3984876200556755","0.3984876200556755","0.4052946598579486","0.4052946598579486","0.4052946598579486","1.648095468680064","1.648095468680064","1.648095468680064","12.123830695947012","12.123830695947012","12.123830695947012","13.943982799847921","13.943982799847921","13.943982799847921"
"1800","0.18516930441061655","0.18516930441061655","0.18516930441061655","0.2184219186504682","0.2184219186504682","0.2184219186504682","0.39901841183503467","0.39901841183503467","0.39901841183503467","0.3232984846157099","0.3232984846157099","0.3232984846157099","2.8737216194470725","2.8737216194470725","2.8737216194470725","12.12264879544576","12.12264879544576","12.12264879544576","15.211666365464529","15.211666365464529","15.211666365464529"
"1860","0.09950197115540504","0.09950197115540504","0.09950197115540504","0.21616184214750925","0.21616184214750925","0.21616184214750925","0.3975825508435567","0.3975825508435567","0.3975825508435567","0.19513951248079783","0.19513951248079783","0.19513951248079783","2.372508943080902","2.372508943080902","2.372508943080902","13.56007311741511","13.56007311741511","13.56007311741511","16.158691843350727","16.158691843350727","16.158691843350727"
"1920","0.23894336447119713","0.23894336447119713","0.23894336447119713","0.21400334934393564","0.21400334934393564","0.21400334934393564","0.39593953142563504","0.39593953142563504","0.39593953142563504","0.3690794577123597","0.3690794577123597","0.3690794577123597","3.1982448498408","3.1982448498408","3.1982448498408","12.113774041334787","12.113774041334787","12.113774041334787","15.535154581069946","15.535154581069946","15.535154581069946"
"1980","0.23096768061319986","0.23096768061319986","0.23096768061319986","0.21529107044140497","0.21529107044140497","0.21529107044140497","0.3972431073586146","0.3972431073586146","0.3972431073586146","0.4227131602055844","0.4227131602055844","0.4227131602055844","2.352922022342682","2.352922022342682","2.352922022342682","12.12716680765152","12.12716680765152","12.12716680765152","14.710668325424194","14.710668325424194","14.710668325424194"
"2040","0.1518925540149212","0.1518925540149212","0.1518925540149212","0.21502611289421716","0.21502611289421716","0.21502611289421716","0.39761968702077866","0.39761968702077866","0.39761968702077866","0.29779012450308073","0.29779012450308073","0.29779012450308073","1.9901410937309265","1.9901410937309265","1.9901410937309265","12.206256290276846","12.206256290276846","12.206256290276846","14.390856643517813","14.390856643517813","14.390856643517813"
"2100","0.18648844957351685","0.18648844957351685","0.18648844957351685","0.21290724476178488","0.21290724476178488","0.21290724476178488","0.39604133119185764","0.39604133119185764","0.39604133119185764","0.2423685863135082","0.2423685863135082","0.2423685863135082","2.264851709206899","2.264851709206899","2.264851709206899","12.285239815711975","12.285239815711975","12.285239815711975","14.77509868144989","14.77509868144989","14.77509868144989"
"2160","0.16783896461129189","0.16783896461129189","0.16783896461129189","0.21299982443451881","0.21299982443451881","0.21299982443451881","0.39593331267436344","0.39593331267436344","0.39593331267436344","0.22504032779124827","0.22504032779124827","0.22504032779124827","2.375783065954844","2.375783065954844","2.375783065954844","12.229098002115885","12.229098002115885","12.229098002115885","14.892258445421854","14.892258445421854","14.892258445421854"
"2220","0.18733883276581764","0.18733883276581764","0.18733883276581764","0.21125302587946257","0.21125302587946257","0.21125302587946257","0.39433324833710987","0.39433324833710987","0.39433324833710987","0.24457718843253437","0.24457718843253437","0.24457718843253437","2.2283421556154885","2.2283421556154885","2.2283421556154885","12.27240260442098","12.27240260442098","12.27240260442098","14.720787982145945","14.720787982145945","14.720787982145945"
"2280","0.22686741625269255","0.22686741625269255","0.22686741625269255","0.21121921638647714","0.21121921638647714","0.21121921638647714","0.3941369354724884","0.3941369354724884","0.3941369354724884","0.4087573543511098","0.4087573543511098","0.4087573543511098","2.3643091122309365","2.3643091122309365","2.3643091122309365","12.264238238334656","12.264238238334656","12.264238238334656","14.852232038974762","14.852232038974762","14.852232038974762"
"2340","0.22976541767517725","0.22976541767517725","0.22976541767517725","0.2117838660875956","0.2117838660875956","0.2117838660875956","0.39441531896591187","0.39441531896591187","0.39441531896591187","0.3632085684221238","0.3632085684221238","0.3632085684221238","2.39426455895106","2.39426455895106","2.39426455895106","12.229072749614716","12.229072749614716","12.229072749614716","14.881004869937897","14.881004869937897","14.881004869937897"
"2400","0.2650706631441911","0.2650706631441911","0.2650706631441911","0.21222399920225143","0.21222399920225143","0.21222399920225143","0.39530061433712643","0.39530061433712643","0.39530061433712643","0.34135726467502536","0.34135726467502536","0.34135726467502536","2.285655975341797","2.285655975341797","2.285655975341797","12.305002013842264","12.305002013842264","12.305002013842264","14.810430844624838","14.810430844624838","14.810430844624838"
"2460","0.372990220785141","0.372990220785141","0.372990220785141","0.21469139183561006","0.21469139183561006","0.21469139183561006","0.3967692057291667","0.3967692057291667","0.3967692057291667","0.4056378757231869","0.4056378757231869","0.4056378757231869","2.2135377724965415","2.2135377724965415","2.2135377724965415","12.218795418739319","12.218795418739319","12.218795418739319","14.626074314117432","14.626074314117432","14.626074314117432"
"2520","0.08912232766548793","0.08912232766548793","0.08912232766548793","0.21545065194368362","0.21545065194368362","0.21545065194368362","0.39686496804157895","0.39686496804157895","0.39686496804157895","0.16888716139995572","0.16888716139995572","0.16888716139995572","2.3120997548103333","2.3120997548103333","2.3120997548103333","12.220891018708548","12.220891018708548","12.220891018708548","14.754280944665274","14.754280944665274","14.754280944665274"
"2580","0.1928032748401165","0.1928032748401165","0.1928032748401165","0.21382644896705946","0.21382644896705946","0.21382644896705946","0.3954461067914963","0.3954461067914963","0.3954461067914963","0.23384218313731253","0.23384218313731253","0.23384218313731253","2.363023042678833","2.363023042678833","2.363023042678833","12.306930283705393","12.306930283705393","12.306930283705393","14.875711182753244","14.875711182753244","14.875711182753244"
"2640","0.2646307622392972","0.2646307622392972","0.2646307622392972","0.21480234464009604","0.21480234464009604","0.21480234464009604","0.3958526874581973","0.3958526874581973","0.3958526874581973","0.30186930875303614","0.30186930875303614","0.30186930875303614","2.378272235393524","2.378272235393524","2.378272235393524","12.328158875306448","12.328158875306448","12.328158875306448","14.91121655702591","14.91121655702591","14.91121655702591"
"2700","0.316432598978281","0.316432598978281","0.316432598978281","0.2170955426990986","0.2170955426990986","0.2170955426990986","0.3977271765470505","0.3977271765470505","0.3977271765470505","0.408041281470408","0.408041281470408","0.408041281470408","2.3118423024813333","2.3118423024813333","2.3118423024813333","12.23579736550649","12.23579736550649","12.23579736550649","14.745564619700113","14.745564619700113","14.745564619700113"
"2760","0.20793325826525688","0.20793325826525688","0.20793325826525688","0.21691089992721876","0.21691089992721876","0.21691089992721876","0.397703784207503","0.397703784207503","0.397703784207503","0.32124194006125134","0.32124194006125134","0.32124194006125134","2.3728152910868325","2.3728152910868325","2.3728152910868325","12.2738223473231","12.2738223473231","12.2738223473231","14.862922290960947","14.862922290960947","14.862922290960947"
"2820","0.24095462510983148","0.24095462510983148","0.24095462510983148","0.2164634938041369","0.2164634938041369","0.2164634938041369","0.3970681329568227","0.3970681329568227","0.3970681329568227","0.3375082397681884","0.3375082397681884","0.3375082397681884","2.314844846725464","2.314844846725464","2.314844846725464","12.165093640486399","12.165093640486399","12.165093640486399","14.684740324815115","14.684740324815115","14.684740324815115"
"2880","0.23971613869071007","0.23971613869071007","0.23971613869071007","0.21769272411863008","0.21769272411863008","0.21769272411863008","0.397740642229716","0.397740642229716","0.397740642229716","0.3874633598024957","0.3874633598024957","0.3874633598024957","2.87593940893809","2.87593940893809","2.87593940893809","12.672843972841898","12.672843972841898","12.672843972841898","15.760049720605215","15.760049720605215","15.760049720605215"
"2940","0.1675714117785295","0.1675714117785295","0.1675714117785295","0.21737823262810707","0.21737823262810707","0.21737823262810707","0.3977934718132019","0.3977934718132019","0.3977934718132019","0.3218822093549534","0.3218822093549534","0.3218822093549534","2.3425560196240744","2.3425560196240744","2.3425560196240744","12.036964217821756","12.036964217821756","12.036964217821756","14.609451909859976","14.609451909859976","14.609451909859976"
"3000","0.18835975353916487","0.18835975353916487","0.18835975353916487","0.21654034530123076","0.21654034530123076","0.21654034530123076","0.3971612627307574","0.3971612627307574","0.3971612627307574","0.29292752164046004","0.29292752164046004","0.29292752164046004","2.213416318098704","2.213416318098704","2.213416318098704","12.23434160153071","12.23434160153071","12.23434160153071","14.65872065226237","14.65872065226237","14.65872065226237"
"3060","0.1193663018445174","0.1193663018445174","0.1193663018445174","0.21526256327827772","0.21526256327827772","0.21526256327827772","0.39639393736918765","0.39639393736918765","0.39639393736918765","0.2407310799251642","0.2407310799251642","0.2407310799251642","2.4220529596010842","2.4220529596010842","2.4220529596010842","12.092519700527191","12.092519700527191","12.092519700527191","14.822012702624003","14.822012702624003","14.822012702624003"
"3120","0.26980166509747505","0.26980166509747505","0.26980166509747505","0.21508149926861128","0.21508149926861128","0.21508149926861128","0.3959294706583023","0.3959294706583023","0.3959294706583023","0.3809401196582864","0.3809401196582864","0.3809401196582864","2.35574863354365","2.35574863354365","2.35574863354365","12.131804943084717","12.131804943084717","12.131804943084717","14.722503761450449","14.722503761450449","14.722503761450449"
"3180","0.24446939677000046","0.24446939677000046","0.24446939677000046","0.2154770294825236","0.2154770294825236","0.2154770294825236","0.39599457879861194","0.39599457879861194","0.39599457879861194","0.3635553466932227","0.3635553466932227","0.3635553466932227","2.326442996660868","2.326442996660868","2.326442996660868","12.06511914730072","12.06511914730072","12.06511914730072","14.600333511829376","14.600333511829376","14.600333511829376"
"3240","0.20787356918056807","0.20787356918056807","0.20787356918056807","0.21517308056354523","0.21517308056354523","0.21517308056354523","0.3956856355071068","0.3956856355071068","0.3956856355071068","0.30379158491268754","0.30379158491268754","0.30379158491268754","2.26373944679896","2.26373944679896","2.26373944679896","12.059187889099121","12.059187889099121","12.059187889099121","14.537676771481832","14.537676771481832","14.537676771481832"
"3300","0.2656093128025532","0.2656093128025532","0.2656093128025532","0.21610824391245842","0.21610824391245842","0.21610824391245842","0.39605170488357544","0.39605170488357544","0.39605170488357544","0.355630237274454","0.355630237274454","0.355630237274454","2.323397239049276","2.323397239049276","2.323397239049276","12.063649614651998","12.063649614651998","12.063649614651998","14.606076737244925","14.606076737244925","14.606076737244925"
"3360","0.2849183455109596","0.2849183455109596","0.2849183455109596","0.21729950234293938","0.21729950234293938","0.21729950234293938","0.39677539219458896","0.39677539219458896","0.39677539219458896","0.41635830091157305","0.41635830091157305","0.41635830091157305","2.3352693915367126","2.3352693915367126","2.3352693915367126","12.055047452449799","12.055047452449799","12.055047452449799","14.603893140951792","14.603893140951792","14.603893140951792"
"3420","0.2776641435921192","0.2776641435921192","0.2776641435921192","0.2177586816251278","0.2177586816251278","0.2177586816251278","0.39714891215165454","0.39714891215165454","0.39714891215165454","0.36588909088944394","0.36588909088944394","0.36588909088944394","2.3329917192459106","2.3329917192459106","2.3329917192459106","12.057786762714386","12.057786762714386","12.057786762714386","14.600940644741058","14.600940644741058","14.600940644741058"
"3480","0.2957027095059554","0.2957027095059554","0.2957027095059554","0.21947438021500906","0.21947438021500906","0.21947438021500906","0.3981963594754537","0.3981963594754537","0.3981963594754537","0.3945209111291206","0.3945209111291206","0.3945209111291206","2.3633333444595337","2.3633333444595337","2.3633333444595337","12.20324989159902","12.20324989159902","12.20324989159902","14.791677673657736","14.791677673657736","14.791677673657736"
"3540","0.2241308589776357","0.2241308589776357","0.2241308589776357","0.21986298387249312","0.21986298387249312","0.21986298387249312","0.3984566529591878","0.3984566529591878","0.3984566529591878","0.2706969629386246","0.2706969629386246","0.2706969629386246","2.3468302885691323","2.3468302885691323","2.3468302885691323","12.181517084439596","12.181517084439596","12.181517084439596","14.73795211315155","14.73795211315155","14.73795211315155"
"3600","0.30802860483527184","0.30802860483527184","0.30802860483527184","0.22062154486775398","0.22062154486775398","0.22062154486775398","0.3990413472056389","0.3990413472056389","0.3990413472056389","0.44838518868588534","0.44838518868588534","0.44838518868588534","2.3878286878267923","2.3878286878267923","2.3878286878267923","12.284037391344706","12.284037391344706","12.284037391344706","14.90434056520462","14.90434056520462","14.90434056520462"
"3660","0.1988191306591034","0.1988191306591034","0.1988191306591034","0.2217532234887282","0.2217532234887282","0.2217532234887282","0.39965622623761493","0.39965622623761493","0.39965622623761493","0.2169432810296712","0.2169432810296712","0.2169432810296712","2.302118261655172","2.302118261655172","2.302118261655172","12.17840564250946","12.17840564250946","12.17840564250946","14.689140498638153","14.689140498638153","14.689140498638153"
"3720","0.26232846826314926","0.26232846826314926","0.26232846826314926","0.221785398821036","0.221785398821036","0.221785398821036","0.3994413688778877","0.3994413688778877","0.3994413688778877","0.32331801681236055","0.32331801681236055","0.32331801681236055","2.383116523424784","2.383116523424784","2.383116523424784","12.19877415895462","12.19877415895462","12.19877415895462","14.787495831648508","14.787495831648508","14.787495831648508"
"3780","0.20109668746590614","0.20109668746590614","0.20109668746590614","0.22204052408536276","0.22204052408536276","0.22204052408536276","0.39952103545268375","0.39952103545268375","0.39952103545268375","0.28734694780238595","0.28734694780238595","0.28734694780238595","2.3686420917510986","2.3686420917510986","2.3686420917510986","12.204598565896353","12.204598565896353","12.204598565896353","14.788219193617502","14.788219193617502","14.788219193617502"
"3840","0.1686544306576252","0.1686544306576252","0.1686544306576252","0.22096645583709082","0.22096645583709082","0.22096645583709082","0.398774191737175","0.398774191737175","0.398774191737175","0.2517537562331806","0.2517537562331806","0.2517537562331806","2.3686811129252114","2.3686811129252114","2.3686811129252114","12.217602769533793","12.217602769533793","12.217602769533793","14.78870286544164","14.78870286544164","14.78870286544164"
"3900","0.21281586835781732","0.21281586835781732","0.21281586835781732","0.22091293459137282","0.22091293459137282","0.22091293459137282","0.3985523656010628","0.3985523656010628","0.3985523656010628","0.30693781683263904","0.30693781683263904","0.30693781683263904","2.3766502737998962","2.3766502737998962","2.3766502737998962","12.255638360977173","12.255638360977173","12.255638360977173","14.86538940668106","14.86538940668106","14.86538940668106"
"3960","0.1515262300769488","0.1515262300769488","0.1515262300769488","0.2199661210179329","0.2199661210179329","0.2199661210179329","0.39779910693566006","0.39779910693566006","0.39779910693566006","0.20349577138889194","0.20349577138889194","0.20349577138889194","2.354127744833628","2.354127744833628","2.354127744833628","12.215277393658956","12.215277393658956","12.215277393658956","14.775690893332163","14.775690893332163","14.775690893332163"
"4020","0.17118001480897269","0.17118001480897269","0.17118001480897269","0.2192956805229187","0.2192956805229187","0.2192956805229187","0.3972378969192505","0.3972378969192505","0.3972378969192505","0.3229528916885253","0.3229528916885253","0.3229528916885253","2.3497750759124756","2.3497750759124756","2.3497750759124756","12.112405935923258","12.112405935923258","12.112405935923258","14.693995734055838","14.693995734055838","14.693995734055838"
"4080","0.17776276171207428","0.17776276171207428","0.17776276171207428","0.21840386713544527","0.21840386713544527","0.21840386713544527","0.3969014386336009","0.3969014386336009","0.3969014386336009","0.24489774687572208","0.24489774687572208","0.24489774687572208","2.340416888395945","2.340416888395945","2.340416888395945","12.12063479423523","12.12063479423523","12.12063479423523","14.678645213445028","14.678645213445028","14.678645213445028"
"4140","0.34775104746222496","0.34775104746222496","0.34775104746222496","0.21926455199718475","0.21926455199718475","0.21926455199718475","0.39729998012383777","0.39729998012383777","0.39729998012383777","0.43220557221987593","0.43220557221987593","0.43220557221987593","2.3341530164082847","2.3341530164082847","2.3341530164082847","12.077909111976624","12.077909111976624","12.077909111976624","14.630915860335032","14.630915860335032","14.630915860335032"
"4200","0.35869061077634495","0.35869061077634495","0.35869061077634495","0.22136841217676798","0.22136841217676798","0.22136841217676798","0.39828726649284363","0.39828726649284363","0.39828726649284363","0.41706188503235353","0.41706188503235353","0.41706188503235353","2.327194929122925","2.327194929122925","2.327194929122925","12.090631127357483","12.090631127357483","12.090631127357483","14.607284307479858","14.607284307479858","14.607284307479858"
"4260","0.23720002671082815","0.23720002671082815","0.23720002671082815","0.22228403389453888","0.22228403389453888","0.22228403389453888","0.3987933546304703","0.3987933546304703","0.3987933546304703","0.34035925023878616","0.34035925023878616","0.34035925023878616","2.343067189057668","2.343067189057668","2.343067189057668","12.113172829151154","12.113172829151154","12.113172829151154","14.664727767308554","14.664727767308554","14.664727767308554"
"4320","0.1784475309153398","0.1784475309153398","0.1784475309153398","0.22212428723772368","0.22212428723772368","0.22212428723772368","0.3988306646545728","0.3988306646545728","0.3988306646545728","0.3561952375069571","0.3561952375069571","0.3561952375069571","2.3299120664596558","2.3299120664596558","2.3299120664596558","12.069444596767426","12.069444596767426","12.069444596767426","14.584975262482962","14.584975262482962","14.584975262482962"
"4380","0.25934460759162903","0.25934460759162903","0.25934460759162903","0.2221683127184709","0.2221683127184709","0.2221683127184709","0.39915548513333005","0.39915548513333005","0.39915548513333005","0.34020801083534025","0.34020801083534025","0.34020801083534025","2.368157943089803","2.368157943089803","2.368157943089803","12.092390020688375","12.092390020688375","12.092390020688375","14.694864710172018","14.694864710172018","14.694864710172018"
"4440","0.23700899382432303","0.23700899382432303","0.23700899382432303","0.2222216638425986","0.2222216638425986","0.2222216638425986","0.398849459985892","0.398849459985892","0.398849459985892","0.4189633031686147","0.4189633031686147","0.4189633031686147","2.3428987661997476","2.3428987661997476","2.3428987661997476","12.395651757717133","12.395651757717133","12.395651757717133","14.957318464914957","14.957318464914957","14.957318464914957"
"4500","0.2764202170073986","0.2764202170073986","0.2764202170073986","0.222552174081405","0.222552174081405","0.222552174081405","0.3989746073881785","0.3989746073881785","0.3989746073881785","0.36696010773812304","0.36696010773812304","0.36696010773812304","2.3855034510294595","2.3855034510294595","2.3855034510294595","12.135225534439087","12.135225534439087","12.135225534439087","14.817642907301584","14.817642907301584","14.817642907301584"
"4560","0.1771888236204783","0.1771888236204783","0.1771888236204783","0.2228159854809443","0.2228159854809443","0.2228159854809443","0.3990718300143878","0.3990718300143878","0.3990718300143878","0.26216036513020907","0.26216036513020907","0.26216036513020907","2.282948116461436","2.282948116461436","2.282948116461436","12.212357381979624","12.212357381979624","12.212357381979624","14.699621637662252","14.699621637662252","14.699621637662252"
"4620","0.16139031325777373","0.16139031325777373","0.16139031325777373","0.22234980513652167","0.22234980513652167","0.22234980513652167","0.3986990749835968","0.3986990749835968","0.3986990749835968","0.2852685938802703","0.2852685938802703","0.2852685938802703","2.3462146321932473","2.3462146321932473","2.3462146321932473","12.121672968069712","12.121672968069712","12.121672968069712","14.675363222757975","14.675363222757975","14.675363222757975"
"4680","0.1284409575164318","0.1284409575164318","0.1284409575164318","0.22092636922995249","0.22092636922995249","0.22092636922995249","0.3982517768939336","0.3982517768939336","0.3982517768939336","0.3570659785618773","0.3570659785618773","0.3570659785618773","2.323527693748474","2.323527693748474","2.323527693748474","12.09663607676824","12.09663607676824","12.09663607676824","14.628287772337595","14.628287772337595","14.628287772337595"
"4740","0.20600968350966772","0.20600968350966772","0.20600968350966772","0.22022789592544237","0.22022789592544237","0.22022789592544237","0.3982612316807111","0.3982612316807111","0.3982612316807111","0.3327795528554513","0.3327795528554513","0.3327795528554513","2.3337645530700684","2.3337645530700684","2.3337645530700684","12.090777476628622","12.090777476628622","12.090777476628622","14.64100287357966","14.64100287357966","14.64100287357966"
"4800","0.22272634754578272","0.22272634754578272","0.22272634754578272","0.22039186706145605","0.22039186706145605","0.22039186706145605","0.39887238542238873","0.39887238542238873","0.39887238542238873","0.3670207188697532","0.3670207188697532","0.3670207188697532","2.2653048435846963","2.2653048435846963","2.2653048435846963","12.632534821828207","12.632534821828207","12.632534821828207","15.123421450455984","15.123421450455984","15.123421450455984"
"4860","0.3753631090124448","0.3753631090124448","0.3753631090124448","0.22158136715491614","0.22158136715491614","0.22158136715491614","0.3997861345609029","0.3997861345609029","0.3997861345609029","0.3784415744700406","0.3784415744700406","0.3784415744700406","2.394900659720103","2.394900659720103","2.394900659720103","12.608320275942484","12.608320275942484","12.608320275942484","15.224220434824625","15.224220434824625","15.224220434824625"
"4920","0.14285841211676598","0.14285841211676598","0.14285841211676598","0.22174116969108582","0.22174116969108582","0.22174116969108582","0.3997257426381111","0.3997257426381111","0.3997257426381111","0.21113780154458558","0.21113780154458558","0.21113780154458558","2.373597204685211","2.373597204685211","2.373597204685211","12.446663975715637","12.446663975715637","12.446663975715637","15.041704297065735","15.041704297065735","15.041704297065735"
"4980","0.2013611694176992","0.2013611694176992","0.2013611694176992","0.22152825941642126","0.22152825941642126","0.22152825941642126","0.39954152951637906","0.39954152951637906","0.39954152951637906","0.36119633542966767","0.36119633542966767","0.36119633542966767","2.385510822137197","2.385510822137197","2.385510822137197","12.485975503921509","12.485975503921509","12.485975503921509","15.0950075785319","15.0950075785319","15.0950075785319"
"5040","0.29820165410637856","0.29820165410637856","0.29820165410637856","0.2213665967186292","0.2213665967186292","0.2213665967186292","0.3994021068016688","0.3994021068016688","0.3994021068016688","0.4466147852363065","0.4466147852363065","0.4466147852363065","2.4263060887654624","2.4263060887654624","2.4263060887654624","12.428549826145172","12.428549826145172","12.428549826145172","15.144754429658255","15.144754429658255","15.144754429658255"
"5100","0.26283540079991025","0.26283540079991025","0.26283540079991025","0.22236642614006996","0.22236642614006996","0.22236642614006996","0.39996980379025143","0.39996980379025143","0.39996980379025143","0.3793962250153224","0.3793962250153224","0.3793962250153224","2.3759244481722512","2.3759244481722512","2.3759244481722512","12.453216890494028","12.453216890494028","12.453216890494028","15.0500608086586","15.0500608086586","15.0500608086586"
"5160","0.2823450577755769","0.2823450577755769","0.2823450577755769","0.22296835606296858","0.22296835606296858","0.22296835606296858","0.400237242380778","0.400237242380778","0.400237242380778","0.43255227347496356","0.43255227347496356","0.43255227347496356","2.3444489240646362","2.3444489240646362","2.3444489240646362","12.44737716515859","12.44737716515859","12.44737716515859","15.006225327650705","15.006225327650705","15.006225327650705"
"5220","0.2067164989809195","0.2067164989809195","0.2067164989809195","0.22286534681916237","0.22286534681916237","0.22286534681916237","0.4004385769367218","0.4004385769367218","0.4004385769367218","0.34791793335710963","0.34791793335710963","0.34791793335710963","2.388507823149363","2.388507823149363","2.388507823149363","12.424230595429739","12.424230595429739","12.424230595429739","15.052300651868185","15.052300651868185","15.052300651868185"
"5280","0.3468340275188287","0.3468340275188287","0.3468340275188287","0.2236959288517634","0.2236959288517634","0.2236959288517634","0.4009995137651761","0.4009995137651761","0.4009995137651761","0.4841121609012286","0.4841121609012286","0.4841121609012286","2.3825886448224387","2.3825886448224387","2.3825886448224387","12.297886947790781","12.297886947790781","12.297886947790781","14.889881014823914","14.889881014823914","14.889881014823914"
"5340","0.27514783417185146","0.27514783417185146","0.27514783417185146","0.22445314998428026","0.22445314998428026","0.22445314998428026","0.4013015727202098","0.4013015727202098","0.4013015727202098","0.3414205970087399","0.3414205970087399","0.3414205970087399","2.3690853118896484","2.3690853118896484","2.3690853118896484","12.376773953437805","12.376773953437805","12.376773953437805","14.943682928880056","14.943682928880056","14.943682928880056"
"5400","0.14740253488222757","0.14740253488222757","0.14740253488222757","0.22434443111220995","0.22434443111220995","0.22434443111220995","0.4012029965718587","0.4012029965718587","0.4012029965718587","0.2687231329952435","0.2687231329952435","0.2687231329952435","2.3556506633758545","2.3556506633758545","2.3556506633758545","12.382841189702352","12.382841189702352","12.382841189702352","14.952189882596334","14.952189882596334","14.952189882596334"
"5460","0.2728581291933854","0.2728581291933854","0.2728581291933854","0.2244644525150458","0.2244644525150458","0.2244644525150458","0.4012504393855731","0.4012504393855731","0.4012504393855731","0.3856537551346264","0.3856537551346264","0.3856537551346264","2.3261785904566445","2.3261785904566445","2.3261785904566445","12.322760045528412","12.322760045528412","12.322760045528412","14.857816537221273","14.857816537221273","14.857816537221273"
"5520","0.16346437856554985","0.16346437856554985","0.16346437856554985","0.22451894854505858","0.22451894854505858","0.22451894854505858","0.4013949582974116","0.4013949582974116","0.4013949582974116","0.26836179147320155","0.26836179147320155","0.26836179147320155","2.3680124481519065","2.3680124481519065","2.3680124481519065","12.29360806941986","12.29360806941986","12.29360806941986","14.879013200600943","14.879013200600943","14.879013200600943"
"5580","0.18500972911715508","0.18500972911715508","0.18500972911715508","0.22385611260930696","0.22385611260930696","0.22385611260930696","0.4010239839553833","0.4010239839553833","0.4010239839553833","0.37139591473775607","0.37139591473775607","0.37139591473775607","2.3666476209958396","2.3666476209958396","2.3666476209958396","12.389482220013937","12.389482220013937","12.389482220013937","14.986916601657867","14.986916601657867","14.986916601657867"
"5640","0.2013143002986908","0.2013143002986908","0.2013143002986908","0.22331660240888596","0.22331660240888596","0.22331660240888596","0.40088636179765064","0.40088636179765064","0.40088636179765064","0.3444899386947024","0.3444899386947024","0.3444899386947024","2.361695190270742","2.361695190270742","2.361695190270742","12.322327812512716","12.322327812512716","12.322327812512716","14.909143010775248","14.909143010775248","14.909143010775248"
"5700","0.1304075059791406","0.1304075059791406","0.1304075059791406","0.22268204018473625","0.22268204018473625","0.22268204018473625","0.400509146352609","0.400509146352609","0.400509146352609","0.1793549788914485","0.1793549788914485","0.1793549788914485","2.358230491479238","2.358230491479238","2.358230491479238","12.384455064932505","12.384455064932505","12.384455064932505","14.964156687259674","14.964156687259674","14.964156687259674"
"5760","0.21790893375873566","0.21790893375873566","0.21790893375873566","0.22216213618715605","0.22216213618715605","0.22216213618715605","0.40024352570374805","0.40024352570374805","0.40024352570374805","0.3687971623730846","0.3687971623730846","0.3687971623730846","2.387701769669851","2.387701769669851","2.387701769669851","12.259338160355886","12.259338160355886","12.259338160355886","14.87937335173289","14.87937335173289","14.87937335173289"
"5820","0.30560091510415077","0.30560091510415077","0.30560091510415077","0.22252294172843298","0.22252294172843298","0.22252294172843298","0.4007302050789197","0.4007302050789197","0.4007302050789197","0.40641440169990045","0.40641440169990045","0.40641440169990045","2.363879998524984","2.363879998524984","2.363879998524984","12.333465357621511","12.333465357621511","12.333465357621511","14.90624749660492","14.90624749660492","14.90624749660492"
"5880","0.16211850320299467","0.16211850320299467","0.16211850320299467","0.22277416785558066","0.22277416785558066","0.22277416785558066","0.4007470061381658","0.4007470061381658","0.4007470061381658","0.2843247250981828","0.2843247250981828","0.2843247250981828","2.3715944488843284","2.3715944488843284","2.3715944488843284","12.319746514161428","12.319746514161428","12.319746514161428","14.932549516359964","14.932549516359964","14.932549516359964"
"5940","0.3031240751345952","0.3031240751345952","0.3031240751345952","0.22320914889375368","0.22320914889375368","0.22320914889375368","0.4009802093108495","0.4009802093108495","0.4009802093108495","0.46903888260324794","0.46903888260324794","0.46903888260324794","2.3652311166127524","2.3652311166127524","2.3652311166127524","12.343333264191946","12.343333264191946","12.343333264191946","14.916719555854797","14.916719555854797","14.916719555854797"
"6000","0.26779727761944133","0.26779727761944133","0.26779727761944133","0.22355614602565765","0.22355614602565765","0.22355614602565765","0.4010696162780126","0.4010696162780126","0.4010696162780126","0.3541562036698451","0.3541562036698451","0.3541562036698451","2.393023113409678","2.393023113409678","2.393023113409678","12.172236959139505","12.172236959139505","12.172236959139505","14.776388426621756","14.776388426621756","14.776388426621756"
"6060","0.32820723454157513","0.32820723454157513","0.32820723454157513","0.22409398605426153","0.22409398605426153","0.22409398605426153","0.4012475411097209","0.4012475411097209","0.4012475411097209","0.4076932753669098","0.4076932753669098","0.4076932753669098","2.3256495793660483","2.3256495793660483","2.3256495793660483","12.04780681927999","12.04780681927999","12.04780681927999","14.579796930154165","14.579796930154165","14.579796930154165"
"6120","0.21301907921830812","0.21301907921830812","0.21301907921830812","0.22461259240905443","0.22461259240905443","0.22461259240905443","0.4014538452029228","0.4014538452029228","0.4014538452029228","0.3263416133704595","0.3263416133704595","0.3263416133704595","2.3699403206507363","2.3699403206507363","2.3699403206507363","12.217842241128286","12.217842241128286","12.217842241128286","14.804386337598165","14.804386337598165","14.804386337598165"
"6180","0.22283726558089256","0.22283726558089256","0.22283726558089256","0.2247119421760241","0.2247119421760241","0.2247119421760241","0.40142832199732464","0.40142832199732464","0.40142832199732464","0.31735722239439684","0.31735722239439684","0.31735722239439684","2.4090113441149392","2.4090113441149392","2.4090113441149392","12.302273511886597","12.302273511886597","12.302273511886597","14.947358767191568","14.947358767191568","14.947358767191568"
"6240","0.19477048764626184","0.19477048764626184","0.19477048764626184","0.22459988420208296","0.22459988420208296","0.22459988420208296","0.4012557441989581","0.4012557441989581","0.4012557441989581","0.3063744471097986","0.3063744471097986","0.3063744471097986","2.3877720634142556","2.3877720634142556","2.3877720634142556","12.243616422017416","12.243616422017416","12.243616422017416","14.849572042624155","14.849572042624155","14.849572042624155"
"6300","0.24403264001011848","0.24403264001011848","0.24403264001011848","0.22420235350728035","0.22420235350728035","0.22420235350728035","0.4008752430478732","0.4008752430478732","0.4008752430478732","0.35139645176241174","0.35139645176241174","0.35139645176241174","2.379925787448883","2.379925787448883","2.379925787448883","12.284562389055887","12.284562389055887","12.284562389055887","14.931514322757721","14.931514322757721","14.931514322757721"
"6360","0.25831331064303714","0.25831331064303714","0.25831331064303714","0.224430280427138","0.224430280427138","0.224430280427138","0.40091223766406375","0.40091223766406375","0.40091223766406375","0.3793330064897115","0.3793330064897115","0.3793330064897115","2.428739309310913","2.428739309310913","2.428739309310913","12.251400927702585","12.251400927702585","12.251400927702585","14.965220292409262","14.965220292409262","14.965220292409262"
"6420","0.2129595329364141","0.2129595329364141","0.2129595329364141","0.22459150354067484","0.22459150354067484","0.22459150354067484","0.4013174424568812","0.4013174424568812","0.4013174424568812","0.3559343182502441","0.3559343182502441","0.3559343182502441","2.3415866692860923","2.3415866692860923","2.3415866692860923","12.15540897846222","12.15540897846222","12.15540897846222","14.722974717617035","14.722974717617035","14.722974717617035"
"6480","0.2825973456104596","0.2825973456104596","0.2825973456104596","0.22505522270997366","0.22505522270997366","0.22505522270997366","0.40152183423439664","0.40152183423439664","0.40152183423439664","0.3886978740338236","0.3886978740338236","0.3886978740338236","2.4725396831830344","2.4725396831830344","2.4725396831830344","12.336722989877066","12.336722989877066","12.336722989877066","15.044298072655996","15.044298072655996","15.044298072655996"
"6540","0.173135527720054","0.173135527720054","0.173135527720054","0.2249721959233284","0.2249721959233284","0.2249721959233284","0.40160516152779263","0.40160516152779263","0.40160516152779263","0.3528915753122419","0.3528915753122419","0.3528915753122419","2.4228545228640237","2.4228545228640237","2.4228545228640237","12.248452285925547","12.248452285925547","12.248452285925547","14.889840424060822","14.889840424060822","14.889840424060822"
"6600","0.2318358595172564","0.2318358595172564","0.2318358595172564","0.22478730728228888","0.22478730728228888","0.22478730728228888","0.40158340086539585","0.40158340086539585","0.40158340086539585","0.29997082736614783","0.29997082736614783","0.29997082736614783","2.4068355560302734","2.4068355560302734","2.4068355560302734","12.071507394313812","12.071507394313812","12.071507394313812","14.673468708992004","14.673468708992004","14.673468708992004"
"6660","0.23242099955677986","0.23242099955677986","0.23242099955677986","0.22512204696734747","0.22512204696734747","0.22512204696734747","0.40168047199646634","0.40168047199646634","0.40168047199646634","0.4150577712183197","0.4150577712183197","0.4150577712183197","2.427207966645559","2.427207966645559","2.427207966645559","12.07969065507253","12.07969065507253","12.07969065507253","14.709985931714376","14.709985931714376","14.709985931714376"
"6720","0.25067687903841335","0.25067687903841335","0.25067687903841335","0.225129467745622","0.225129467745622","0.225129467745622","0.40176668266455334","0.40176668266455334","0.40176668266455334","0.4217457455840001","0.4217457455840001","0.4217457455840001","2.4284852743148804","2.4284852743148804","2.4284852743148804","12.174945215384165","12.174945215384165","12.174945215384165","14.822255690892538","14.822255690892538","14.822255690892538"
"6780","0.28441865369677544","0.28441865369677544","0.28441865369677544","0.22507679586609206","0.22507679586609206","0.22507679586609206","0.4019381254911423","0.4019381254911423","0.4019381254911423","0.3685478620463982","0.3685478620463982","0.3685478620463982","2.4344176848729453","2.4344176848729453","2.4344176848729453","12.144432961940765","12.144432961940765","12.144432961940765","14.794410983721415","14.794410983721415","14.794410983721415"
"6840","0.3019921990732352","0.3019921990732352","0.3019921990732352","0.22587596625089645","0.22587596625089645","0.22587596625089645","0.4023887092868487","0.4023887092868487","0.4023887092868487","0.3755118385694611","0.3755118385694611","0.3755118385694611","2.423973004023234","2.423973004023234","2.423973004023234","12.266576190789541","12.266576190789541","12.266576190789541","14.91855643192927","14.91855643192927","14.91855643192927"
"6900","0.20824618016680083","0.20824618016680083","0.20824618016680083","0.22613326335946718","0.22613326335946718","0.22613326335946718","0.40244101236263913","0.40244101236263913","0.40244101236263913","0.33713961497414857","0.33713961497414857","0.33713961497414857","2.402187466621399","2.402187466621399","2.402187466621399","12.346112569173178","12.346112569173178","12.346112569173178","14.963163137435913","14.963163137435913","14.963163137435913"
"6960","0.18059761449694633","0.18059761449694633","0.18059761449694633","0.2259348245958487","0.2259348245958487","0.2259348245958487","0.40219486504793167","0.40219486504793167","0.40219486504793167","0.3053027630698277","0.3053027630698277","0.3053027630698277","2.4357057213783264","2.4357057213783264","2.4357057213783264","12.21691999832789","12.21691999832789","12.21691999832789","14.880154649416605","14.880154649416605","14.880154649416605"
"7020","0.25549914439519245","0.25549914439519245","0.25549914439519245","0.2261332000295321","0.2261332000295321","0.2261332000295321","0.40213970094919205","0.40213970094919205","0.40213970094919205","0.3446175041203787","0.3446175041203787","0.3446175041203787","2.408434291680654","2.408434291680654","2.408434291680654","12.041991670926413","12.041991670926413","12.041991670926413","14.641666730244955","14.641666730244955","14.641666730244955"
"7080","0.321364626288414","0.321364626288414","0.321364626288414","0.2266518995165825","0.2266518995165825","0.2266518995165825","0.4022758776942889","0.4022758776942889","0.4022758776942889","0.4310146448503171","0.4310146448503171","0.4310146448503171","2.2732251286506653","2.2732251286506653","2.2732251286506653","12.008175591627756","12.008175591627756","12.008175591627756","14.478047490119934","14.478047490119934","14.478047490119934"
"7140","0.18414633348584175","0.18414633348584175","0.18414633348584175","0.2267725057899952","0.2267725057899952","0.2267725057899952","0.40229111909866333","0.40229111909866333","0.40229111909866333","0.3101054585792629","0.3101054585792629","0.3101054585792629","2.4716742237408957","2.4716742237408957","2.4716742237408957","12.11486013730367","12.11486013730367","12.11486013730367","14.885438442230225","14.885438442230225","14.885438442230225"
"7200","0.17392712458968163","0.17392712458968163","0.17392712458968163","0.22652387619018555","0.22652387619018555","0.22652387619018555","0.4020671521623929","0.4020671521623929","0.4020671521623929","0.2478427494255205","0.2478427494255205","0.2478427494255205","2.429326593875885","2.429326593875885","2.429326593875885","12.249798595905304","12.249798595905304","12.249798595905304","14.896386742591858","14.896386742591858","14.896386742591858"
"7260","0.3459920460979144","0.3459920460979144","0.3459920460979144","0.2266120227674643","0.2266120227674643","0.2266120227674643","0.4020499934752782","0.4020499934752782","0.4020499934752782","0.396883900318547","0.396883900318547","0.396883900318547","2.438276012738546","2.438276012738546","2.438276012738546","12.257271786530813","12.257271786530813","12.257271786530813","14.904282410939535","14.904282410939535","14.904282410939535"
"7320","0.16349908336997032","0.16349908336997032","0.16349908336997032","0.22678938259681067","0.22678938259681067","0.22678938259681067","0.4021527171134949","0.4021527171134949","0.4021527171134949","0.2582098499078711","0.2582098499078711","0.2582098499078711","2.4162078301111856","2.4162078301111856","2.4162078301111856","12.21908446153005","12.21908446153005","12.21908446153005","14.850077509880066","14.850077509880066","14.850077509880066"
"7380","0.14819699277480444","0.14819699277480444","0.14819699277480444","0.22625146682063738","0.22625146682063738","0.22625146682063738","0.40191489706436795","0.40191489706436795","0.40191489706436795","0.2627656052354723","0.2627656052354723","0.2627656052354723","2.431776781876882","2.431776781876882","2.431776781876882","12.222968439261118","12.222968439261118","12.222968439261118","14.89637259642283","14.89637259642283","14.89637259642283"
"7440","0.19461019585529962","0.19461019585529962","0.19461019585529962","0.22571981449921927","0.22571981449921927","0.22571981449921927","0.4015481521685918","0.4015481521685918","0.4015481521685918","0.3452766435026812","0.3452766435026812","0.3452766435026812","2.451591193675995","2.451591193675995","2.451591193675995","12.290381491184235","12.290381491184235","12.290381491184235","14.972362359364828","14.972362359364828","14.972362359364828"
"7500","0.21433705712358156","0.21433705712358156","0.21433705712358156","0.22568514694770178","0.22568514694770178","0.22568514694770178","0.4015190526843071","0.4015190526843071","0.4015190526843071","0.3360254830768099","0.3360254830768099","0.3360254830768099","2.4255389173825583","2.4255389173825583","2.4255389173825583","12.100573043028513","12.100573043028513","12.100573043028513","14.761327803134918","14.761327803134918","14.761327803134918"
"7560","0.30397675807277363","0.30397675807277363","0.30397675807277363","0.22605092823505402","0.22605092823505402","0.22605092823505402","0.40170693149169284","0.40170693149169284","0.40170693149169284","0.38396303993552766","0.38396303993552766","0.38396303993552766","2.4046204487482705","2.4046204487482705","2.4046204487482705","12.199774543444315","12.199774543444315","12.199774543444315","14.822725137074789","14.822725137074789","14.822725137074789"
"7620","0.24663438027103743","0.24663438027103743","0.24663438027103743","0.22620620826880136","0.22620620826880136","0.22620620826880136","0.40181336800257367","0.40181336800257367","0.40181336800257367","0.3957036354889472","0.3957036354889472","0.3957036354889472","2.419334570566813","2.419334570566813","2.419334570566813","12.364581982294718","12.364581982294718","12.364581982294718","15.002235869566599","15.002235869566599","15.002235869566599"
"7680","0.2518201656639576","0.2518201656639576","0.2518201656639576","0.22626377642154694","0.22626377642154694","0.22626377642154694","0.40180664509534836","0.40180664509534836","0.40180664509534836","0.303507769072894","0.303507769072894","0.303507769072894","2.421357750892639","2.421357750892639","2.421357750892639","12.394417564074198","12.394417564074198","12.394417564074198","15.023959736029306","15.023959736029306","15.023959736029306"
"7740","0.20027577380339304","0.20027577380339304","0.20027577380339304","0.22617113590240479","0.22617113590240479","0.22617113590240479","0.40165021767218906","0.40165021767218906","0.40165021767218906","0.2998596868322541","0.2998596868322541","0.2998596868322541","2.3241589864095054","2.3241589864095054","2.3241589864095054","12.316210150718689","12.316210150718689","12.316210150718689","14.84533816576004","14.84533816576004","14.84533816576004"
"7800","0.19082805514335632","0.19082805514335632","0.19082805514335632","0.22619142134984335","0.22619142134984335","0.22619142134984335","0.40157973517974216","0.40157973517974216","0.40157973517974216","0.30802345845783446","0.30802345845783446","0.30802345845783446","2.416314959526062","2.416314959526062","2.416314959526062","12.23419956366221","12.23419956366221","12.23419956366221","14.873384972413382","14.873384972413382","14.873384972413382"
"7860","0.2394454243282477","0.2394454243282477","0.2394454243282477","0.2260996289551258","0.2260996289551258","0.2260996289551258","0.40143610537052155","0.40143610537052155","0.40143610537052155","0.4128644389274996","0.4128644389274996","0.4128644389274996","2.356825868288676","2.356825868288676","2.356825868288676","12.147766172885895","12.147766172885895","12.147766172885895","14.715373059113821","14.715373059113821","14.715373059113821"
"7920","0.24741849303245544","0.24741849303245544","0.24741849303245544","0.22609944765766463","0.22609944765766463","0.22609944765766463","0.4015243152777354","0.4015243152777354","0.4015243152777354","0.338317508174138","0.338317508174138","0.338317508174138","2.385854482650757","2.385854482650757","2.385854482650757","12.097802321116129","12.097802321116129","12.097802321116129","14.673070669174194","14.673070669174194","14.673070669174194"
"7980","0.32216167946656543","0.32216167946656543","0.32216167946656543","0.22661592190464339","0.22661592190464339","0.22661592190464339","0.40180957565704983","0.40180957565704983","0.40180957565704983","0.4138966860094418","0.4138966860094418","0.4138966860094418","2.3874776363372803","2.3874776363372803","2.3874776363372803","12.034915526707968","12.034915526707968","12.034915526707968","14.642747104167938","14.642747104167938","14.642747104167938"
"8040","0.20614354933301607","0.20614354933301607","0.20614354933301607","0.22682993238170943","0.22682993238170943","0.22682993238170943","0.40185436109701794","0.40185436109701794","0.40185436109701794","0.27445840718064574","0.27445840718064574","0.27445840718064574","2.4444887240727744","2.4444887240727744","2.4444887240727744","12.047789971033732","12.047789971033732","12.047789971033732","14.770946224530539","14.770946224530539","14.770946224530539"
"8100","0.29566389322280884","0.29566389322280884","0.29566389322280884","0.22702289869387945","0.22702289869387945","0.22702289869387945","0.40189025302728015","0.40189025302728015","0.40189025302728015","0.37954913031990145","0.37954913031990145","0.37954913031990145","2.382660130659739","2.382660130659739","2.382660130659739","11.919553279876709","11.919553279876709","11.919553279876709","14.522510965665182","14.522510965665182","14.522510965665182"
"8160","0.2252073585987091","0.2252073585987091","0.2252073585987091","0.22722110524773598","0.22722110524773598","0.22722110524773598","0.40197403232256573","0.40197403232256573","0.40197403232256573","0.35837252187275226","0.35837252187275226","0.35837252187275226","2.4383355577786765","2.4383355577786765","2.4383355577786765","11.926096558570862","11.926096558570862","11.926096558570862","14.678684333960215","14.678684333960215","14.678684333960215"
"8220","0.202018936475118","0.202018936475118","0.202018936475118","0.22728967542449632","0.22728967542449632","0.22728967542449632","0.402033398548762","0.402033398548762","0.402033398548762","0.38686764147132635","0.38686764147132635","0.38686764147132635","2.3089293042818704","2.3089293042818704","2.3089293042818704","11.989171028137207","11.989171028137207","11.989171028137207","14.503721753756205","14.503721753756205","14.503721753756205"
"8280","0.2416789966324965","0.2416789966324965","0.2416789966324965","0.22717922553420067","0.22717922553420067","0.22717922553420067","0.40220103164513904","0.40220103164513904","0.40220103164513904","0.355782796948309","0.355782796948309","0.355782796948309","2.393669545650482","2.393669545650482","2.393669545650482","11.937519013881683","11.937519013881683","11.937519013881683","14.564974308013916","14.564974308013916","14.564974308013916"
"8340","0.2391977496445179","0.2391977496445179","0.2391977496445179","0.22742944831649461","0.22742944831649461","0.22742944831649461","0.4025970796744029","0.4025970796744029","0.4025970796744029","0.3801973920490127","0.3801973920490127","0.3801973920490127","2.4085639317830405","2.4085639317830405","2.4085639317830405","12.099910080432892","12.099910080432892","12.099910080432892","14.72260328133901","14.72260328133901","14.72260328133901"
"8400","0.20516613746682802","0.20516613746682802","0.20516613746682802","0.22739282995462418","0.22739282995462418","0.22739282995462418","0.40285130590200424","0.40285130590200424","0.40285130590200424","0.39018280382151715","0.39018280382151715","0.39018280382151715","2.400266687075297","2.400266687075297","2.400266687075297","12.077709098656973","12.077709098656973","12.077709098656973","14.686433613300323","14.686433613300323","14.686433613300323"
"8460","0.24416733160614967","0.24416733160614967","0.24416733160614967","0.22730418170491853","0.22730418170491853","0.22730418170491853","0.40282662957906723","0.40282662957906723","0.40282662957906723","0.3902422802639194","0.3902422802639194","0.3902422802639194","2.2502289613087973","2.2502289613087973","2.2502289613087973","12.1182981133461","12.1182981133461","12.1182981133461","14.570090194543203","14.570090194543203","14.570090194543203"
"8520","0.15982579936583838","0.15982579936583838","0.15982579936583838","0.227275429914395","0.227275429914395","0.227275429914395","0.40270479520161945","0.40270479520161945","0.40270479520161945","0.3020479354939501","0.3020479354939501","0.3020479354939501","2.4165127277374268","2.4165127277374268","2.4165127277374268","12.110369443893433","12.110369443893433","12.110369443893433","14.751429001490274","14.751429001490274","14.751429001490274"
"8580","0.2378397285938263","0.2378397285938263","0.2378397285938263","0.22680098315080008","0.22680098315080008","0.22680098315080008","0.40238884339729947","0.40238884339729947","0.40238884339729947","0.31749649564153515","0.31749649564153515","0.31749649564153515","2.4167644580205283","2.4167644580205283","2.4167644580205283","12.10020269950231","12.10020269950231","12.10020269950231","14.735509693622589","14.735509693622589","14.735509693622589"
"8640","0.23221023132403693","0.23221023132403693","0.23221023132403693","0.22706271832187971","0.22706271832187971","0.22706271832187971","0.40249641487995785","0.40249641487995785","0.40249641487995785","0.3280068934012282","0.3280068934012282","0.3280068934012282","2.4234198729197183","2.4234198729197183","2.4234198729197183","12.203902125358582","12.203902125358582","12.203902125358582","14.857980569203695","14.857980569203695","14.857980569203695"
"8700","0.20683507000406584","0.20683507000406584","0.20683507000406584","0.22711453462640444","0.22711453462640444","0.22711453462640444","0.40242744733889896","0.40242744733889896","0.40242744733889896","0.25431304270750843","0.25431304270750843","0.25431304270750843","2.4158496658007302","2.4158496658007302","2.4158496658007302","12.057067453861237","12.057067453861237","12.057067453861237","14.687242348988852","14.687242348988852","14.687242348988852"
"8760","0.2115374244749546","0.2115374244749546","0.2115374244749546","0.2268019107480844","0.2268019107480844","0.2268019107480844","0.40230365097522736","0.40230365097522736","0.40230365097522736","0.2994198900608656","0.2994198900608656","0.2994198900608656","2.4100367228190103","2.4100367228190103","2.4100367228190103","12.070098996162415","12.070098996162415","12.070098996162415","14.684410889943441","14.684410889943441","14.684410889943441"
"8820","0.2594020888209343","0.2594020888209343","0.2594020888209343","0.22699080655972162","0.22699080655972162","0.22699080655972162","0.4023385668794314","0.4023385668794314","0.4023385668794314","0.38684866946035373","0.38684866946035373","0.38684866946035373","2.422505736351013","2.422505736351013","2.422505736351013","12.012934625148773","12.012934625148773","12.012934625148773","14.669496476650238","14.669496476650238","14.669496476650238"
"8880","0.24811642616987228","0.24811642616987228","0.24811642616987228","0.2268479863802592","0.2268479863802592","0.2268479863802592","0.4021669353048007","0.4021669353048007","0.4021669353048007","0.366017159462596","0.366017159462596","0.366017159462596","2.3872275948524475","2.3872275948524475","2.3872275948524475","12.068027893702189","12.068027893702189","12.068027893702189","14.693153619766235","14.693153619766235","14.693153619766235"
"8940","0.2558514128128688","0.2558514128128688","0.2558514128128688","0.22734455267588297","0.22734455267588297","0.22734455267588297","0.4023711035648982","0.4023711035648982","0.4023711035648982","0.30459791177120604","0.30459791177120604","0.30459791177120604","2.279886245727539","2.279886245727539","2.279886245727539","12.075865467389425","12.075865467389425","12.075865467389425","14.558253248532614","14.558253248532614","14.558253248532614"
"9000","0.23053803543249765","0.23053803543249765","0.23053803543249765","0.22739337012171745","0.22739337012171745","0.22739337012171745","0.4025241310397784","0.4025241310397784","0.4025241310397784","0.4018276797917982","0.4018276797917982","0.4018276797917982","2.375554104646047","2.375554104646047","2.375554104646047","12.045181930065155","12.045181930065155","12.045181930065155","14.631517628828684","14.631517628828684","14.631517628828684"
"9060","0.24882189432779947","0.24882189432779947","0.24882189432779947","0.22734064981341362","0.22734064981341362","0.22734064981341362","0.4025287628173828","0.4025287628173828","0.4025287628173828","0.3283067389760011","0.3283067389760011","0.3283067389760011","2.360561509927114","2.360561509927114","2.360561509927114","11.992815514405569","11.992815514405569","11.992815514405569","14.560115238030752","14.560115238030752","14.560115238030752"
"9120","0.22772818803787231","0.22772818803787231","0.22772818803787231","0.22741665318608284","0.22741665318608284","0.22741665318608284","0.4025297984480858","0.4025297984480858","0.4025297984480858","0.31432114384854987","0.31432114384854987","0.31432114384854987","2.425972819328308","2.425972819328308","2.425972819328308","11.957344134648642","11.957344134648642","11.957344134648642","14.63235334555308","14.63235334555308","14.63235334555308"
"9180","0.20929797738790512","0.20929797738790512","0.20929797738790512","0.22737217570344606","0.22737217570344606","0.22737217570344606","0.4024669701854388","0.4024669701854388","0.4024669701854388","0.308288056235142","0.308288056235142","0.308288056235142","2.3902005553245544","2.3902005553245544","2.3902005553245544","12.00378421942393","12.00378421942393","12.00378421942393","14.608894268671671","14.608894268671671","14.608894268671671"
"9240","0.22367874284585318","0.22367874284585318","0.22367874284585318","0.22723759338259697","0.22723759338259697","0.22723759338259697","0.40236180275678635","0.40236180275678635","0.40236180275678635","0.3104822702983559","0.3104822702983559","0.3104822702983559","2.4400314887364707","2.4400314887364707","2.4400314887364707","12.083442370096842","12.083442370096842","12.083442370096842","14.776187618573507","14.776187618573507","14.776187618573507"
"9300","0.28310497229297954","0.28310497229297954","0.28310497229297954","0.22772786021232605","0.22772786021232605","0.22772786021232605","0.4026085287332535","0.4026085287332535","0.4026085287332535","0.33698150420483824","0.33698150420483824","0.33698150420483824","2.4117523630460105","2.4117523630460105","2.4117523630460105","12.020738124847412","12.020738124847412","12.020738124847412","14.633160452047983","14.633160452047983","14.633160452047983"
"9360","0.25155121957262355","0.25155121957262355","0.25155121957262355","0.22785154357552528","0.22785154357552528","0.22785154357552528","0.40254055211941403","0.40254055211941403","0.40254055211941403","0.31952217935516575","0.31952217935516575","0.31952217935516575","2.4223644534746804","2.4223644534746804","2.4223644534746804","12.245455960432688","12.245455960432688","12.245455960432688","14.86996179819107","14.86996179819107","14.86996179819107"
"9420","0.28755904485781986","0.28755904485781986","0.28755904485781986","0.2281941920518875","0.2281941920518875","0.2281941920518875","0.4026316280166308","0.4026316280166308","0.4026316280166308","0.42238062159352313","0.42238062159352313","0.42238062159352313","2.4248494505882263","2.4248494505882263","2.4248494505882263","12.071649134159088","12.071649134159088","12.071649134159088","14.718534449736277","14.718534449736277","14.718534449736277"
"9480","0.31412798538804054","0.31412798538804054","0.31412798538804054","0.22858991722265878","0.22858991722265878","0.22858991722265878","0.4027656714121501","0.4027656714121501","0.4027656714121501","0.38925920999948477","0.38925920999948477","0.38925920999948477","2.306675295035044","2.306675295035044","2.306675295035044","12.072349945704142","12.072349945704142","12.072349945704142","14.586117287476858","14.586117287476858","14.586117287476858"
"9540","0.22834687307476997","0.22834687307476997","0.22834687307476997","0.22880415742595991","0.22880415742595991","0.22880415742595991","0.40289479742447537","0.40289479742447537","0.40289479742447537","0.350779180706013","0.350779180706013","0.350779180706013","2.434860646724701","2.434860646724701","2.434860646724701","12.08980667591095","12.08980667591095","12.08980667591095","14.750993172327677","14.750993172327677","14.750993172327677"
"9600","0.1426998513440291","0.1426998513440291","0.1426998513440291","0.2285144863029321","0.2285144863029321","0.2285144863029321","0.40258518358071643","0.40258518358071643","0.40258518358071643","0.28081743688865873","0.28081743688865873","0.28081743688865873","2.4327299197514853","2.4327299197514853","2.4327299197514853","12.161890606085459","12.161890606085459","12.161890606085459","14.815932591756185","14.815932591756185","14.815932591756185"
"9660","0.20480298375089964","0.20480298375089964","0.20480298375089964","0.2282624033590158","0.2282624033590158","0.2282624033590158","0.4026600147287051","0.4026600147287051","0.4026600147287051","0.3415961082355352","0.3415961082355352","0.3415961082355352","2.431283712387085","2.431283712387085","2.431283712387085","12.153876980145773","12.153876980145773","12.153876980145773","14.784523705641428","14.784523705641428","14.784523705641428"
"9720","0.18369180336594582","0.18369180336594582","0.18369180336594582","0.22800312067071596","0.22800312067071596","0.22800312067071596","0.4024628847837448","0.4024628847837448","0.4024628847837448","0.2748213349825619","0.2748213349825619","0.2748213349825619","2.38572891553243","2.38572891553243","2.38572891553243","12.159818589687347","12.159818589687347","12.159818589687347","14.764286319414774","14.764286319414774","14.764286319414774"
"9780","0.16457913940151533","0.16457913940151533","0.16457913940151533","0.22769811997811","0.22769811997811","0.22769811997811","0.4022510473926862","0.4022510473926862","0.4022510473926862","0.3356931407598343","0.3356931407598343","0.3356931407598343","2.416992505391439","2.416992505391439","2.416992505391439","12.042976677417755","12.042976677417755","12.042976677417755","14.691365222136179","14.691365222136179","14.691365222136179"
"9840","0.3138455959657828","0.3138455959657828","0.3138455959657828","0.2277332954108715","0.2277332954108715","0.2277332954108715","0.40241198738416034","0.40241198738416034","0.40241198738416034","0.36214444100429927","0.36214444100429927","0.36214444100429927","2.4202332496643066","2.4202332496643066","2.4202332496643066","12.11536810795466","12.11536810795466","12.11536810795466","14.72939650217692","14.72939650217692","14.72939650217692"
"9900","0.1854269541800022","0.1854269541800022","0.1854269541800022","0.2277800813317299","0.2277800813317299","0.2277800813317299","0.4025973876317342","0.4025973876317342","0.4025973876317342","0.29701887781872455","0.29701887781872455","0.29701887781872455","2.6739240090052285","2.6739240090052285","2.6739240090052285","12.860194245974222","12.860194245974222","12.860194245974222","15.743142366409302","15.743142366409302","15.743142366409302"
"9960","0.17506903782486916","0.17506903782486916","0.17506903782486916","0.22747242699066797","0.22747242699066797","0.22747242699066797","0.4023917615413666","0.4023917615413666","0.4023917615413666","0.28750364581160665","0.28750364581160665","0.28750364581160665","2.448438028494517","2.448438028494517","2.448438028494517","12.890448808670044","12.890448808670044","12.890448808670044","15.556448717912039","15.556448717912039","15.556448717912039"
"10020","0.20323548714319864","0.20323548714319864","0.20323548714319864","0.2272752063969771","0.2272752063969771","0.2272752063969771","0.40224826832612354","0.40224826832612354","0.40224826832612354","0.3308761114991891","0.3308761114991891","0.3308761114991891","2.3878160516421","2.3878160516421","2.3878160516421","11.936081767082214","11.936081767082214","11.936081767082214","14.526164730389914","14.526164730389914","14.526164730389914"
"10080","0.2808098966876666","0.2808098966876666","0.2808098966876666","0.22728790218631426","0.22728790218631426","0.22728790218631426","0.40221985677878064","0.40221985677878064","0.40221985677878064","0.34362224748474546","0.34362224748474546","0.34362224748474546","2.387821674346924","2.387821674346924","2.387821674346924","11.898176530996958","11.898176530996958","11.898176530996958","14.508259415626526","14.508259415626526","14.508259415626526"
"10140","0.23791266853610674","0.23791266853610674","0.23791266853610674","0.2275930978357792","0.2275930978357792","0.2275930978357792","0.40226224313179654","0.40226224313179654","0.40226224313179654","0.30272775678895414","0.30272775678895414","0.30272775678895414","2.3766868313153586","2.3766868313153586","2.3766868313153586","11.915974219640097","11.915974219640097","11.915974219640097","14.501263678073883","14.501263678073883","14.501263678073883"
"10200","0.261001559595267","0.261001559595267","0.261001559595267","0.22761696701248488","0.22761696701248488","0.22761696701248488","0.4022756616274516","0.4022756616274516","0.4022756616274516","0.3913235300193871","0.3913235300193871","0.3913235300193871","2.3924985925356546","2.3924985925356546","2.3924985925356546","11.89913292725881","11.89913292725881","11.89913292725881","14.514624138673147","14.514624138673147","14.514624138673147"
"10260","0.3031574251751105","0.3031574251751105","0.3031574251751105","0.2281104102730751","0.2281104102730751","0.2281104102730751","0.402678482234478","0.402678482234478","0.402678482234478","0.45355480754127103","0.45355480754127103","0.45355480754127103","2.3927646478017173","2.3927646478017173","2.3927646478017173","11.917683978875479","11.917683978875479","11.917683978875479","14.531692703564962","14.531692703564962","14.531692703564962"
"10320","0.14642145112156868","0.14642145112156868","0.14642145112156868","0.228014109035333","0.228014109035333","0.228014109035333","0.40272050599257153","0.40272050599257153","0.40272050599257153","0.27981235793655895","0.27981235793655895","0.27981235793655895","2.394764324029287","2.394764324029287","2.394764324029287","11.896995723247528","11.896995723247528","11.896995723247528","14.514733155568441","14.514733155568441","14.514733155568441"
"10380","0.29000484198331833","0.29000484198331833","0.29000484198331833","0.22797829285264015","0.22797829285264015","0.22797829285264015","0.4027096802989642","0.4027096802989642","0.4027096802989642","0.325971081435758","0.325971081435758","0.325971081435758","2.3925615350405374","2.3925615350405374","2.3925615350405374","11.893886943658194","11.893886943658194","11.893886943658194","14.506918728351593","14.506918728351593","14.506918728351593"
"10440","0.3509904394547145","0.3509904394547145","0.3509904394547145","0.2285525587697824","0.2285525587697824","0.2285525587697824","0.4030310933788617","0.4030310933788617","0.4030310933788617","0.4588916734695279","0.4588916734695279","0.4588916734695279","2.3896391193072","2.3896391193072","2.3896391193072","11.980831821759542","11.980831821759542","11.980831821759542","14.579406181971232","14.579406181971232","14.579406181971232"
"10500","0.3471773142615954","0.3471773142615954","0.3471773142615954","0.22921623786290488","0.22921623786290488","0.22921623786290488","0.40344494084517163","0.40344494084517163","0.40344494084517163","0.4049135601768891","0.4049135601768891","0.4049135601768891","2.3562256693840027","2.3562256693840027","2.3562256693840027","11.904826720555624","11.904826720555624","11.904826720555624","14.464571932951609","14.464571932951609","14.464571932951609"
"10560","0.2751152167717616","0.2751152167717616","0.2751152167717616","0.2295802434285482","0.2295802434285482","0.2295802434285482","0.4036867792407672","0.4036867792407672","0.4036867792407672","0.3812604711856693","0.3812604711856693","0.3812604711856693","2.3809778690338135","2.3809778690338135","2.3809778690338135","11.989753743012747","11.989753743012747","11.989753743012747","14.593173702557882","14.593173702557882","14.593173702557882"
"10620","0.20557772864898047","0.20557772864898047","0.20557772864898047","0.22968673706054688","0.22968673706054688","0.22968673706054688","0.4036986057957013","0.4036986057957013","0.4036986057957013","0.3239427243825048","0.3239427243825048","0.3239427243825048","2.382145265738169","2.382145265738169","2.382145265738169","11.906353533267975","11.906353533267975","11.906353533267975","14.512938598791758","14.512938598791758","14.512938598791758"
"10680","0.16077136372526488","0.16077136372526488","0.16077136372526488","0.2294873371720314","0.2294873371720314","0.2294873371720314","0.40353915592034656","0.40353915592034656","0.40353915592034656","0.2752369502759298","0.2752369502759298","0.2752369502759298","2.3912286957105002","2.3912286957105002","2.3912286957105002","11.913506011168161","11.913506011168161","11.913506011168161","14.559973756472269","14.559973756472269","14.559973756472269"
"10740","0.2757362388074398","0.2757362388074398","0.2757362388074398","0.2294700431327025","0.2294700431327025","0.2294700431327025","0.40344775716463727","0.40344775716463727","0.40344775716463727","0.26037543494233734","0.26037543494233734","0.26037543494233734","2.371534983317057","2.371534983317057","2.371534983317057","11.900431474049887","11.900431474049887","11.900431474049887","14.467364231745401","14.467364231745401","14.467364231745401"
"10800","0.24501709764202437","0.24501709764202437","0.24501709764202437","0.2294039117793242","0.2294039117793242","0.2294039117793242","0.40330475320418674","0.40330475320418674","0.40330475320418674","0.31586985414954444","0.31586985414954444","0.31586985414954444","2.276474197705587","2.276474197705587","2.276474197705587","11.950619300206503","11.950619300206503","11.950619300206503","14.443737427393595","14.443737427393595","14.443737427393595"
"10860","0.2752456987897555","0.2752456987897555","0.2752456987897555","0.22954980159799257","0.22954980159799257","0.22954980159799257","0.40336646387974423","0.40336646387974423","0.40336646387974423","0.3629134509397242","0.3629134509397242","0.3629134509397242","2.6656182607014975","2.6656182607014975","2.6656182607014975","11.898190955320993","11.898190955320993","11.898190955320993","14.763057053089142","14.763057053089142","14.763057053089142"
"10920","0.1418194336195787","0.1418194336195787","0.1418194336195787","0.2295216533044974","0.2295216533044974","0.2295216533044974","0.40327942619721097","0.40327942619721097","0.40327942619721097","0.20764250745560275","0.20764250745560275","0.20764250745560275","2.390913486480713","2.390913486480713","2.390913486480713","11.900757869084677","11.900757869084677","11.900757869084677","14.5336332321167","14.5336332321167","14.5336332321167"
"10980","0.3135904011627038","0.3135904011627038","0.3135904011627038","0.2294303315381209","0.2294303315381209","0.2294303315381209","0.4032744914293289","0.4032744914293289","0.4032744914293289","0.410324747984608","0.410324747984608","0.410324747984608","2.378596067428589","2.378596067428589","2.378596067428589","12.003513673941294","12.003513673941294","12.003513673941294","14.58307828505834","14.58307828505834","14.58307828505834"
"11040","0.25397977357109386","0.25397977357109386","0.25397977357109386","0.22982042531172434","0.22982042531172434","0.22982042531172434","0.40361348291238147","0.40361348291238147","0.40361348291238147","0.3884393677256715","0.3884393677256715","0.3884393677256715","2.286737620830536","2.286737620830536","2.286737620830536","11.954961280028025","11.954961280028025","11.954961280028025","14.449344555536905","14.449344555536905","14.449344555536905"
"11100","0.19659446800748506","0.19659446800748506","0.19659446800748506","0.2297166014711062","0.2297166014711062","0.2297166014711062","0.4034571746985118","0.4034571746985118","0.4034571746985118","0.34663282202473056","0.34663282202473056","0.34663282202473056","2.393413484096527","2.393413484096527","2.393413484096527","12.742129604021708","12.742129604021708","12.742129604021708","15.363771816094717","15.363771816094717","15.363771816094717"
"11160","0.30168358484903973","0.30168358484903973","0.30168358484903973","0.22987313071886697","0.22987313071886697","0.22987313071886697","0.40358493973811466","0.40358493973811466","0.40358493973811466","0.42675627156768314","0.42675627156768314","0.42675627156768314","2.405815621217092","2.405815621217092","2.405815621217092","12.892677942911783","12.892677942911783","12.892677942911783","15.528310100237528","15.528310100237528","15.528310100237528"
"11220","0.15051558489600816","0.15051558489600816","0.15051558489600816","0.22989469890793165","0.22989469890793165","0.22989469890793165","0.40357019007205963","0.40357019007205963","0.40357019007205963","0.2488437181673362","0.2488437181673362","0.2488437181673362","2.4332860708236694","2.4332860708236694","2.4332860708236694","12.062659998734793","12.062659998734793","12.062659998734793","14.771711587905884","14.771711587905884","14.771711587905884"
"11280","0.0953300694624583","0.0953300694624583","0.0953300694624583","0.2293639158209165","0.2293639158209165","0.2293639158209165","0.40317288041114807","0.40317288041114807","0.40317288041114807","0.1795359213148231","0.1795359213148231","0.1795359213148231","2.2610594431559243","2.2610594431559243","2.2610594431559243","11.968191901842753","11.968191901842753","11.968191901842753","14.433470010757446","14.433470010757446","14.433470010757446"
"11340","0.24022741243243217","0.24022741243243217","0.24022741243243217","0.2290956676006317","0.2290956676006317","0.2290956676006317","0.4029387856523196","0.4029387856523196","0.4029387856523196","0.39956570172216743","0.39956570172216743","0.39956570172216743","2.3847279151280723","2.3847279151280723","2.3847279151280723","11.995681961377462","11.995681961377462","11.995681961377462","14.603334804375967","14.603334804375967","14.603334804375967"
"11400","0.1977346402903398","0.1977346402903398","0.1977346402903398","0.22911388675371805","0.22911388675371805","0.22911388675371805","0.40322116514046985","0.40322116514046985","0.40322116514046985","0.39833069815843675","0.39833069815843675","0.39833069815843675","2.353332241376241","2.353332241376241","2.353332241376241","12.080112636089325","12.080112636089325","12.080112636089325","14.678825616836548","14.678825616836548","14.678825616836548"
"11460","0.2681889235973358","0.2681889235973358","0.2681889235973358","0.22893772646784782","0.22893772646784782","0.22893772646784782","0.40316135187943775","0.40316135187943775","0.40316135187943775","0.3965002672436337","0.3965002672436337","0.3965002672436337","2.3984383742014566","2.3984383742014566","2.3984383742014566","11.967189311981201","11.967189311981201","11.967189311981201","14.660874863465628","14.660874863465628","14.660874863465628"
"11520","0.1880277879536152","0.1880277879536152","0.1880277879536152","0.22903328016400337","0.22903328016400337","0.22903328016400337","0.4031086241205533","0.4031086241205533","0.4031086241205533","0.28252241328785505","0.28252241328785505","0.28252241328785505","2.3893675605456033","2.3893675605456033","2.3893675605456033","11.956374526023865","11.956374526023865","11.956374526023865","14.572384893894196","14.572384893894196","14.572384893894196"
"11580","0.22175628443559012","0.22175628443559012","0.22175628443559012","0.2289557804663976","0.2289557804663976","0.2289557804663976","0.403008113304774","0.403008113304774","0.403008113304774","0.22334098828453838","0.22334098828453838","0.22334098828453838","2.3813847303390503","2.3813847303390503","2.3813847303390503","11.953950544198355","11.953950544198355","11.953950544198355","14.544584055741629","14.544584055741629","14.544584055741629"
"11640","0.23477267970641455","0.23477267970641455","0.23477267970641455","0.228913942972819","0.228913942972819","0.228913942972819","0.4030544012784958","0.4030544012784958","0.4030544012784958","0.40990295393082005","0.40990295393082005","0.40990295393082005","2.3063910802205405","2.3063910802205405","2.3063910802205405","11.851047277450562","11.851047277450562","11.851047277450562","14.383528510729471","14.383528510729471","14.383528510729471"
"11700","0.12876889606316885","0.12876889606316885","0.12876889606316885","0.2286357283592224","0.2286357283592224","0.2286357283592224","0.40298478802045185","0.40298478802045185","0.40298478802045185","0.2575895669363793","0.2575895669363793","0.2575895669363793","2.3784319361050925","2.3784319361050925","2.3784319361050925","11.95574047168096","11.95574047168096","11.95574047168096","14.539879818757376","14.539879818757376","14.539879818757376"
"11760","0.23930631081263223","0.23930631081263223","0.23930631081263223","0.2283810848991076","0.2283810848991076","0.2283810848991076","0.4028006022175153","0.4028006022175153","0.4028006022175153","0.3601917061502415","0.3601917061502415","0.3601917061502415","2.3835538228352866","2.3835538228352866","2.3835538228352866","11.951324224472046","11.951324224472046","11.951324224472046","14.55658789475759","14.55658789475759","14.55658789475759"
"11820","0.28401214505235356","0.28401214505235356","0.28401214505235356","0.22847237313787142","0.22847237313787142","0.22847237313787142","0.40281658122936886","0.40281658122936886","0.40281658122936886","0.4147018709530433","0.4147018709530433","0.4147018709530433","2.361927032470703","2.361927032470703","2.361927032470703","11.947217027346293","11.947217027346293","11.947217027346293","14.523507912953695","14.523507912953695","14.523507912953695"
"11880","0.19733697548508644","0.19733697548508644","0.19733697548508644","0.22861954818169275","0.22861954818169275","0.22861954818169275","0.40290117263793945","0.40290117263793945","0.40290117263793945","0.3960427357478693","0.3960427357478693","0.3960427357478693","2.344549218813578","2.344549218813578","2.344549218813578","11.933751265207926","11.933751265207926","11.933751265207926","14.487099270025888","14.487099270025888","14.487099270025888"
"11940","0.2631865094105403","0.2631865094105403","0.2631865094105403","0.2286160650352637","0.2286160650352637","0.2286160650352637","0.4029369254906972","0.4029369254906972","0.4029369254906972","0.3198729508537023","0.3198729508537023","0.3198729508537023","2.218185027440389","2.218185027440389","2.218185027440389","12.062441209952036","12.062441209952036","12.062441209952036","14.473958214124044","14.473958214124044","14.473958214124044"