"Step","radiant-silence-7 - losses/policy_loss","radiant-silence-7 - losses/policy_loss__MIN","radiant-silence-7 - losses/policy_loss__MAX","radiant-silence-7 - losses/total_loss","radiant-silence-7 - losses/total_loss__MIN","radiant-silence-7 - losses/total_loss__MAX"
"1","0.9069463610649109","0.9069463610649109","0.9069463610649109","3.9584338665008545","3.9584338665008545","3.9584338665008545"
"2","0.8567171096801758","0.8567171096801758","0.8567171096801758","3.618269443511963","3.618269443511963","3.618269443511963"
"3","0.8122730255126953","0.8122730255126953","0.8122730255126953","3.615647315979004","3.615647315979004","3.615647315979004"
"4","0.7872344255447388","0.7872344255447388","0.7872344255447388","3.621084213256836","3.621084213256836","3.621084213256836"
"5","0.7724279165267944","0.7724279165267944","0.7724279165267944","3.6200857162475586","3.6200857162475586","3.6200857162475586"
"6","0.7623875141143799","0.7623875141143799","0.7623875141143799","3.6074156761169434","3.6074156761169434","3.6074156761169434"
"7","0.7556133270263672","0.7556133270263672","0.7556133270263672","3.5859012603759766","3.5859012603759766","3.5859012603759766"
"8","0.7511326670646667","0.7511326670646667","0.7511326670646667","3.5600504875183105","3.5600504875183105","3.5600504875183105"
"9","0.9049942493438721","0.9049942493438721","0.9049942493438721","3.972057580947876","3.972057580947876","3.972057580947876"
"10","0.8826074600219727","0.8826074600219727","0.8826074600219727","3.916829824447632","3.916829824447632","3.916829824447632"
"11","0.8567565679550171","0.8567565679550171","0.8567565679550171","3.8563380241394043","3.8563380241394043","3.8563380241394043"
"12","0.8344050645828247","0.8344050645828247","0.8344050645828247","3.8117361068725586","3.8117361068725586","3.8117361068725586"
"13","0.8180012702941895","0.8180012702941895","0.8180012702941895","3.806858539581299","3.806858539581299","3.806858539581299"
"14","0.8075696229934692","0.8075696229934692","0.8075696229934692","3.792257785797119","3.792257785797119","3.792257785797119"
"15","0.7997465133666992","0.7997465133666992","0.7997465133666992","3.7621991634368896","3.7621991634368896","3.7621991634368896"
"16","0.794317901134491","0.794317901134491","0.794317901134491","3.744046926498413","3.744046926498413","3.744046926498413"
"17","0.2205353081226349","0.2205353081226349","0.2205353081226349","2.0257420539855957","2.0257420539855957","2.0257420539855957"
"18","0.21574915945529938","0.21574915945529938","0.21574915945529938","1.8926074504852295","1.8926074504852295","1.8926074504852295"
"19","0.20895902812480927","0.20895902812480927","0.20895902812480927","1.8354895114898682","1.8354895114898682","1.8354895114898682"
"20","0.20055703818798065","0.20055703818798065","0.20055703818798065","1.8537873029708862","1.8537873029708862","1.8537873029708862"
"21","0.19184555113315582","0.19184555113315582","0.19184555113315582","1.8687267303466797","1.8687267303466797","1.8687267303466797"
"22","0.18411602079868317","0.18411602079868317","0.18411602079868317","1.8772462606430054","1.8772462606430054","1.8772462606430054"
"23","0.1779066026210785","0.1779066026210785","0.1779066026210785","1.877395510673523","1.877395510673523","1.877395510673523"
"24","0.17299826443195343","0.17299826443195343","0.17299826443195343","1.8685179948806763","1.8685179948806763","1.8685179948806763"
"25","0.050962574779987335","0.050962574779987335","0.050962574779987335","1.3793964385986328","1.3793964385986328","1.3793964385986328"
"26","0.04845048114657402","0.04845048114657402","0.04845048114657402","1.3576302528381348","1.3576302528381348","1.3576302528381348"
"27","0.044468656182289124","0.044468656182289124","0.044468656182289124","1.3282191753387451","1.3282191753387451","1.3282191753387451"
"28","0.039444196969270706","0.039444196969270706","0.039444196969270706","1.2993749380111694","1.2993749380111694","1.2993749380111694"
"29","0.03428036719560623","0.03428036719560623","0.03428036719560623","1.2820143699645996","1.2820143699645996","1.2820143699645996"
"30","0.0292342621833086","0.0292342621833086","0.0292342621833086","1.2925807237625122","1.2925807237625122","1.2925807237625122"
"31","0.02471783012151718","0.02471783012151718","0.02471783012151718","1.296558141708374","1.296558141708374","1.296558141708374"
"32","0.02056385949254036","0.02056385949254036","0.02056385949254036","1.2740339040756226","1.2740339040756226","1.2740339040756226"
"33","0.017513830214738846","0.017513830214738846","0.017513830214738846","1.2055842876434326","1.2055842876434326","1.2055842876434326"
"34","0.01396801695227623","0.01396801695227623","0.01396801695227623","1.1000034809112549","1.1000034809112549","1.1000034809112549"
"35","0.008855189196765423","0.008855189196765423","0.008855189196765423","1.0533097982406616","1.0533097982406616","1.0533097982406616"
"36","0.002248800825327635","0.002248800825327635","0.002248800825327635","1.0704911947250366","1.0704911947250366","1.0704911947250366"
"37","-0.0053397067822515965","-0.0053397067822515965","-0.0053397067822515965","1.0858163833618164","1.0858163833618164","1.0858163833618164"
"38","-0.012475371360778809","-0.012475371360778809","-0.012475371360778809","1.0968395471572876","1.0968395471572876","1.0968395471572876"
"39","-0.018492503091692924","-0.018492503091692924","-0.018492503091692924","1.1012457609176636","1.1012457609176636","1.1012457609176636"
"40","-0.02345825359225273","-0.02345825359225273","-0.02345825359225273","1.097447156906128","1.097447156906128","1.097447156906128"
"41","0.12128563225269318","0.12128563225269318","0.12128563225269318","1.4299426078796387","1.4299426078796387","1.4299426078796387"
"42","0.11760811507701874","0.11760811507701874","0.11760811507701874","1.411881685256958","1.411881685256958","1.411881685256958"
"43","0.1117992028594017","0.1117992028594017","0.1117992028594017","1.386365532875061","1.386365532875061","1.386365532875061"
"44","0.1047290787100792","0.1047290787100792","0.1047290787100792","1.3582227230072021","1.3582227230072021","1.3582227230072021"
"45","0.09735313802957535","0.09735313802957535","0.09735313802957535","1.3346030712127686","1.3346030712127686","1.3346030712127686"
"46","0.08996984362602234","0.08996984362602234","0.08996984362602234","1.3237394094467163","1.3237394094467163","1.3237394094467163"
"47","0.08340902626514435","0.08340902626514435","0.08340902626514435","1.3361926078796387","1.3361926078796387","1.3361926078796387"
"48","0.0779092013835907","0.0779092013835907","0.0779092013835907","1.3333197832107544","1.3333197832107544","1.3333197832107544"
"49","0.13330496847629547","0.13330496847629547","0.13330496847629547","1.4905399084091187","1.4905399084091187","1.4905399084091187"
"50","0.1285557746887207","0.1285557746887207","0.1285557746887207","1.383543610572815","1.383543610572815","1.383543610572815"
"51","0.12135632336139679","0.12135632336139679","0.12135632336139679","1.3105618953704834","1.3105618953704834","1.3105618953704834"
"52","0.11270108073949814","0.11270108073949814","0.11270108073949814","1.3220492601394653","1.3220492601394653","1.3220492601394653"
"53","0.10343608260154724","0.10343608260154724","0.10343608260154724","1.3319356441497803","1.3319356441497803","1.3319356441497803"
"54","0.09485356509685516","0.09485356509685516","0.09485356509685516","1.3388956785202026","1.3388956785202026","1.3388956785202026"
"55","0.08832448720932007","0.08832448720932007","0.08832448720932007","1.3421604633331299","1.3421604633331299","1.3421604633331299"
"56","0.08307366818189621","0.08307366818189621","0.08307366818189621","1.3397475481033325","1.3397475481033325","1.3397475481033325"
"57","0.11318251490592957","0.11318251490592957","0.11318251490592957","1.2746858596801758","1.2746858596801758","1.2746858596801758"
"58","0.10802587121725082","0.10802587121725082","0.10802587121725082","1.2626497745513916","1.2626497745513916","1.2626497745513916"
"59","0.10041704773902893","0.10041704773902893","0.10041704773902893","1.2437940835952759","1.2437940835952759","1.2437940835952759"
"60","0.09268603473901749","0.09268603473901749","0.09268603473901749","1.2223190069198608","1.2223190069198608","1.2223190069198608"
"61","0.08530128002166748","0.08530128002166748","0.08530128002166748","1.2006601095199585","1.2006601095199585","1.2006601095199585"
"62","0.07869691401720047","0.07869691401720047","0.07869691401720047","1.1808998584747314","1.1808998584747314","1.1808998584747314"
"63","0.07250005751848221","0.07250005751848221","0.07250005751848221","1.1653916835784912","1.1653916835784912","1.1653916835784912"
"64","0.06725187599658966","0.06725187599658966","0.06725187599658966","1.1698038578033447","1.1698038578033447","1.1698038578033447"
"65","0.025030948221683502","0.025030948221683502","0.025030948221683502","1.3674176931381226","1.3674176931381226","1.3674176931381226"
"66","0.02004964090883732","0.02004964090883732","0.02004964090883732","1.3039919137954712","1.3039919137954712","1.3039919137954712"
"67","0.013226361945271492","0.013226361945271492","0.013226361945271492","1.2002514600753784","1.2002514600753784","1.2002514600753784"
"68","0.005265892017632723","0.005265892017632723","0.005265892017632723","1.1795707941055298","1.1795707941055298","1.1795707941055298"
"69","-0.003224889747798443","-0.003224889747798443","-0.003224889747798443","1.1871188879013062","1.1871188879013062","1.1871188879013062"
"70","-0.011234363541007042","-0.011234363541007042","-0.011234363541007042","1.1954319477081299","1.1954319477081299","1.1954319477081299"
"71","-0.018034616485238075","-0.018034616485238075","-0.018034616485238075","1.2014853954315186","1.2014853954315186","1.2014853954315186"
"72","-0.023835014551877975","-0.023835014551877975","-0.023835014551877975","1.2030950784683228","1.2030950784683228","1.2030950784683228"
"73","0.09392769634723663","0.09392769634723663","0.09392769634723663","1.2042795419692993","1.2042795419692993","1.2042795419692993"
"74","0.090821273624897","0.090821273624897","0.090821273624897","1.1985989809036255","1.1985989809036255","1.1985989809036255"
"75","0.08593793958425522","0.08593793958425522","0.08593793958425522","1.1847056150436401","1.1847056150436401","1.1847056150436401"
"76","0.08000146597623825","0.08000146597623825","0.08000146597623825","1.1651620864868164","1.1651620864868164","1.1651620864868164"
"77","0.07394413650035858","0.07394413650035858","0.07394413650035858","1.1433535814285278","1.1433535814285278","1.1433535814285278"
"78","0.06791932135820389","0.06791932135820389","0.06791932135820389","1.1224247217178345","1.1224247217178345","1.1224247217178345"
"79","0.06262776255607605","0.06262776255607605","0.06262776255607605","1.1060670614242554","1.1060670614242554","1.1060670614242554"
"80","0.05776499956846237","0.05776499956846237","0.05776499956846237","1.0971578359603882","1.0971578359603882","1.0971578359603882"
"81","0.07912420481443405","0.07912420481443405","0.07912420481443405","1.166082501411438","1.166082501411438","1.166082501411438"
"82","0.07426753640174866","0.07426753640174866","0.07426753640174866","1.1368335485458374","1.1368335485458374","1.1368335485458374"
"83","0.06696230173110962","0.06696230173110962","0.06696230173110962","1.0488640069961548","1.0488640069961548","1.0488640069961548"
"84","0.05803769826889038","0.05803769826889038","0.05803769826889038","0.9886147975921631","0.9886147975921631","0.9886147975921631"
"85","0.04806188493967056","0.04806188493967056","0.04806188493967056","0.9930372834205627","0.9930372834205627","0.9930372834205627"
"86","0.03896724432706833","0.03896724432706833","0.03896724432706833","0.998425304889679","0.998425304889679","0.998425304889679"
"87","0.03131510689854622","0.03131510689854622","0.03131510689854622","1.0030773878097534","1.0030773878097534","1.0030773878097534"
"88","0.024949703365564346","0.024949703365564346","0.024949703365564346","1.004973292350769","1.004973292350769","1.004973292350769"
"89","-0.0011661413591355085","-0.0011661413591355085","-0.0011661413591355085","0.9442510604858398","0.9442510604858398","0.9442510604858398"
"90","-0.004053214564919472","-0.004053214564919472","-0.004053214564919472","0.9384413361549377","0.9384413361549377","0.9384413361549377"
"91","-0.00901196338236332","-0.00901196338236332","-0.00901196338236332","0.9283751845359802","0.9283751845359802","0.9283751845359802"
"92","-0.015374653972685337","-0.015374653972685337","-0.015374653972685337","0.9154444336891174","0.9154444336891174","0.9154444336891174"
"93","-0.021760256960988045","-0.021760256960988045","-0.021760256960988045","0.9011068940162659","0.9011068940162659","0.9011068940162659"
"94","-0.027870409190654755","-0.027870409190654755","-0.027870409190654755","0.8869613409042358","0.8869613409042358","0.8869613409042358"
"95","-0.03380874916911125","-0.03380874916911125","-0.03380874916911125","0.874457061290741","0.874457061290741","0.874457061290741"
"96","-0.039506763219833374","-0.039506763219833374","-0.039506763219833374","0.8646292686462402","0.8646292686462402","0.8646292686462402"
"97","0.09699846804141998","0.09699846804141998","0.09699846804141998","1.1259692907333374","1.1259692907333374","1.1259692907333374"
"98","0.09242118895053864","0.09242118895053864","0.09242118895053864","1.089582920074463","1.089582920074463","1.089582920074463"
"99","0.0854278951883316","0.0854278951883316","0.0854278951883316","1.005321741104126","1.005321741104126","1.005321741104126"
"100","0.0769832506775856","0.0769832506775856","0.0769832506775856","0.9605653882026672","0.9605653882026672","0.9605653882026672"
"101","0.06747276335954666","0.06747276335954666","0.06747276335954666","0.9665688276290894","0.9665688276290894","0.9665688276290894"
"102","0.05813809484243393","0.05813809484243393","0.05813809484243393","0.9720134139060974","0.9720134139060974","0.9720134139060974"
"103","0.0499284490942955","0.0499284490942955","0.0499284490942955","0.9755895733833313","0.9755895733833313","0.9755895733833313"
"104","0.043433044105768204","0.043433044105768204","0.043433044105768204","0.9761250615119934","0.9761250615119934","0.9761250615119934"
"105","0.004048535600304604","0.004048535600304604","0.004048535600304604","0.9296398758888245","0.9296398758888245","0.9296398758888245"
"106","0.0002977185940835625","0.0002977185940835625","0.0002977185940835625","0.9243910908699036","0.9243910908699036","0.9243910908699036"
"107","-0.006111332215368748","-0.006111332215368748","-0.006111332215368748","0.912990927696228","0.912990927696228","0.912990927696228"
"108","-0.014131585136055946","-0.014131585136055946","-0.014131585136055946","0.8974615931510925","0.8974615931510925","0.8974615931510925"
"109","-0.02297820895910263","-0.02297820895910263","-0.02297820895910263","0.8797570466995239","0.8797570466995239","0.8797570466995239"
"110","-0.0320233479142189","-0.0320233479142189","-0.0320233479142189","0.861748456954956","0.861748456954956","0.861748456954956"
"111","-0.04057837650179863","-0.04057837650179863","-0.04057837650179863","0.8460692167282104","0.8460692167282104","0.8460692167282104"
"112","-0.047633521258831024","-0.047633521258831024","-0.047633521258831024","0.8410221934318542","0.8410221934318542","0.8410221934318542"
"113","0.10089961439371109","0.10089961439371109","0.10089961439371109","1.1484684944152832","1.1484684944152832","1.1484684944152832"
"114","0.09525781124830246","0.09525781124830246","0.09525781124830246","1.0993196964263916","1.0993196964263916","1.0993196964263916"
"115","0.08683671802282333","0.08683671802282333","0.08683671802282333","1.0028138160705566","1.0028138160705566","1.0028138160705566"
"116","0.07672548294067383","0.07672548294067383","0.07672548294067383","0.9786247611045837","0.9786247611045837","0.9786247611045837"
"117","0.06554805487394333","0.06554805487394333","0.06554805487394333","0.9850748777389526","0.9850748777389526","0.9850748777389526"
"118","0.05546925589442253","0.05546925589442253","0.05546925589442253","0.9929021596908569","0.9929021596908569","0.9929021596908569"
"119","0.048052944242954254","0.048052944242954254","0.048052944242954254","1.0006930828094482","1.0006930828094482","1.0006930828094482"
"120","0.04230433702468872","0.04230433702468872","0.04230433702468872","1.004888653755188","1.004888653755188","1.004888653755188"
"121","0.045574210584163666","0.045574210584163666","0.045574210584163666","0.8348424434661865","0.8348424434661865","0.8348424434661865"
"122","0.04226785898208618","0.04226785898208618","0.04226785898208618","0.8299757838249207","0.8299757838249207","0.8299757838249207"
"123","0.03677671030163765","0.03677671030163765","0.03677671030163765","0.8183171153068542","0.8183171153068542","0.8183171153068542"
"124","0.029791928827762604","0.029791928827762604","0.029791928827762604","0.8029521703720093","0.8029521703720093","0.8029521703720093"
"125","0.022125529125332832","0.022125529125332832","0.022125529125332832","0.7863453030586243","0.7863453030586243","0.7863453030586243"
"126","0.014561706222593784","0.014561706222593784","0.014561706222593784","0.7699102759361267","0.7699102759361267","0.7699102759361267"
"127","0.0078081064857542515","0.0078081064857542515","0.0078081064857542515","0.7556340098381042","0.7556340098381042","0.7556340098381042"
"128","0.001990050543099642","0.001990050543099642","0.001990050543099642","0.7442795038223267","0.7442795038223267","0.7442795038223267"
"129","0.000007972121238708496","0.000007972121238708496","0.000007972121238708496","0.8435895442962646","0.8435895442962646","0.8435895442962646"
"130","-0.004666343331336975","-0.004666343331336975","-0.004666343331336975","0.8125182390213013","0.8125182390213013","0.8125182390213013"
"131","-0.011880949139595032","-0.011880949139595032","-0.011880949139595032","0.7240064740180969","0.7240064740180969","0.7240064740180969"
"132","-0.020440414547920227","-0.020440414547920227","-0.020440414547920227","0.6681122779846191","0.6681122779846191","0.6681122779846191"
"133","-0.02979302406311035","-0.02979302406311035","-0.02979302406311035","0.6685301065444946","0.6685301065444946","0.6685301065444946"
"134","-0.039068251848220825","-0.039068251848220825","-0.039068251848220825","0.6711300611495972","0.6711300611495972","0.6711300611495972"
"135","-0.047127872705459595","-0.047127872705459595","-0.047127872705459595","0.675444483757019","0.675444483757019","0.675444483757019"
"136","-0.05367949604988098","-0.05367949604988098","-0.05367949604988098","0.6796841621398926","0.6796841621398926","0.6796841621398926"
"137","0.017427517101168633","0.017427517101168633","0.017427517101168633","0.7853289842605591","0.7853289842605591","0.7853289842605591"
"138","0.014214759692549706","0.014214759692549706","0.014214759692549706","0.7851095795631409","0.7851095795631409","0.7851095795631409"
"139","0.009107716381549835","0.009107716381549835","0.009107716381549835","0.7775540947914124","0.7775540947914124","0.7775540947914124"
"140","0.0031946131493896246","0.0031946131493896246","0.0031946131493896246","0.7645668983459473","0.7645668983459473","0.7645668983459473"
"141","-0.003121205372735858","-0.003121205372735858","-0.003121205372735858","0.7481116056442261","0.7481116056442261","0.7481116056442261"
"142","-0.009621464647352695","-0.009621464647352695","-0.009621464647352695","0.7301607728004456","0.7301607728004456","0.7301607728004456"
"143","-0.01604704186320305","-0.01604704186320305","-0.01604704186320305","0.7123600244522095","0.7123600244522095","0.7123600244522095"
"144","-0.02198192849755287","-0.02198192849755287","-0.02198192849755287","0.6966331601142883","0.6966331601142883","0.6966331601142883"
"145","-0.0043820347636938095","-0.0043820347636938095","-0.0043820347636938095","0.6578917503356934","0.6578917503356934","0.6578917503356934"
"146","-0.008681071922183037","-0.008681071922183037","-0.008681071922183037","0.6437485218048096","0.6437485218048096","0.6437485218048096"
"147","-0.015455585904419422","-0.015455585904419422","-0.015455585904419422","0.5804033279418945","0.5804033279418945","0.5804033279418945"
"148","-0.02333890087902546","-0.02333890087902546","-0.02333890087902546","0.5094293355941772","0.5094293355941772","0.5094293355941772"
"149","-0.03149191662669182","-0.03149191662669182","-0.03149191662669182","0.5094373822212219","0.5094373822212219","0.5094373822212219"
"150","-0.03933742642402649","-0.03933742642402649","-0.03933742642402649","0.5129938125610352","0.5129938125610352","0.5129938125610352"
"151","-0.04619135707616806","-0.04619135707616806","-0.04619135707616806","0.5168618559837341","0.5168618559837341","0.5168618559837341"
"152","-0.05181574076414108","-0.05181574076414108","-0.05181574076414108","0.5193789601325989","0.5193789601325989","0.5193789601325989"
"153","-0.000007972121238708496","-0.000007972121238708496","-0.000007972121238708496","0.5268795490264893","0.5268795490264893","0.5268795490264893"
"154","-0.0029786229133605957","-0.0029786229133605957","-0.0029786229133605957","0.5256553292274475","0.5256553292274475","0.5256553292274475"
"155","-0.007617384195327759","-0.007617384195327759","-0.007617384195327759","0.519447922706604","0.519447922706604","0.519447922706604"
"156","-0.013644814491271973","-0.013644814491271973","-0.013644814491271973","0.509055495262146","0.509055495262146","0.509055495262146"
"157","-0.020503312349319458","-0.020503312349319458","-0.020503312349319458","0.49590864777565","0.49590864777565","0.49590864777565"
"158","-0.026339679956436157","-0.026339679956436157","-0.026339679956436157","0.4830300509929657","0.4830300509929657","0.4830300509929657"
"159","-0.03180396556854248","-0.03180396556854248","-0.03180396556854248","0.47106850147247314","0.47106850147247314","0.47106850147247314"
"160","-0.03681337833404541","-0.03681337833404541","-0.03681337833404541","0.46286189556121826","0.46286189556121826","0.46286189556121826"
"161","0.000007331371307373047","0.000007331371307373047","0.000007331371307373047","0.5892840623855591","0.5892840623855591","0.5892840623855591"
"162","-0.004912853240966797","-0.004912853240966797","-0.004912853240966797","0.5564422607421875","0.5564422607421875","0.5564422607421875"
"163","-0.012254804372787476","-0.012254804372787476","-0.012254804372787476","0.4862051010131836","0.4862051010131836","0.4862051010131836"
"164","-0.021227344870567322","-0.021227344870567322","-0.021227344870567322","0.4431150555610657","0.4431150555610657","0.4431150555610657"
"165","-0.03114643692970276","-0.03114643692970276","-0.03114643692970276","0.44484785199165344","0.44484785199165344","0.44484785199165344"
"166","-0.04011449217796326","-0.04011449217796326","-0.04011449217796326","0.4481383264064789","0.4481383264064789","0.4481383264064789"
"167","-0.047267764806747437","-0.047267764806747437","-0.047267764806747437","0.4518483579158783","0.4518483579158783","0.4518483579158783"
"168","-0.05231957137584686","-0.05231957137584686","-0.05231957137584686","0.4543396830558777","0.4543396830558777","0.4543396830558777"
"169","0.004808247089385986","0.004808247089385986","0.004808247089385986","0.5669963955879211","0.5669963955879211","0.5669963955879211"
"170","0.0008825212717056274","0.0008825212717056274","0.0008825212717056274","0.563416063785553","0.563416063785553","0.563416063785553"
"171","-0.005560845136642456","-0.005560845136642456","-0.005560845136642456","0.5551174879074097","0.5551174879074097","0.5551174879074097"
"172","-0.013665780425071716","-0.013665780425071716","-0.013665780425071716","0.5433181524276733","0.5433181524276733","0.5433181524276733"
"173","-0.02296850085258484","-0.02296850085258484","-0.02296850085258484","0.5291099548339844","0.5291099548339844","0.5291099548339844"
"174","-0.03231529891490936","-0.03231529891490936","-0.03231529891490936","0.5142688751220703","0.5142688751220703","0.5142688751220703"
"175","-0.04088395833969116","-0.04088395833969116","-0.04088395833969116","0.5001497864723206","0.5001497864723206","0.5001497864723206"
"176","-0.04879985749721527","-0.04879985749721527","-0.04879985749721527","0.4870068430900574","0.4870068430900574","0.4870068430900574"
"177","-0.003768219845369458","-0.003768219845369458","-0.003768219845369458","0.48845434188842773","0.48845434188842773","0.48845434188842773"
"178","-0.008928732946515083","-0.008928732946515083","-0.008928732946515083","0.46124786138534546","0.46124786138534546","0.46124786138534546"
"179","-0.016249924898147583","-0.016249924898147583","-0.016249924898147583","0.39541196823120117","0.39541196823120117","0.39541196823120117"
"180","-0.02479374222457409","-0.02479374222457409","-0.02479374222457409","0.3500520586967468","0.3500520586967468","0.3500520586967468"
"181","-0.03371591120958328","-0.03371591120958328","-0.03371591120958328","0.3512844443321228","0.3512844443321228","0.3512844443321228"
"182","-0.04169691726565361","-0.04169691726565361","-0.04169691726565361","0.3535669445991516","0.3535669445991516","0.3535669445991516"
"183","-0.04863939806818962","-0.04863939806818962","-0.04863939806818962","0.3549270033836365","0.3549270033836365","0.3549270033836365"
"184","-0.054444923996925354","-0.054444923996925354","-0.054444923996925354","0.35381221771240234","0.35381221771240234","0.35381221771240234"
"185","0.0028671168256551027","0.0028671168256551027","0.0028671168256551027","0.4881066679954529","0.4881066679954529","0.4881066679954529"
"186","-0.0005866173305548728","-0.0005866173305548728","-0.0005866173305548728","0.4847323000431061","0.4847323000431061","0.4847323000431061"
"187","-0.006509815342724323","-0.006509815342724323","-0.006509815342724323","0.47606250643730164","0.47606250643730164","0.47606250643730164"
"188","-0.013997296802699566","-0.013997296802699566","-0.013997296802699566","0.4636722505092621","0.4636722505092621","0.4636722505092621"
"189","-0.021962204948067665","-0.021962204948067665","-0.021962204948067665","0.4495602548122406","0.4495602548122406","0.4495602548122406"
"190","-0.029315391555428505","-0.029315391555428505","-0.029315391555428505","0.4357122480869293","0.4357122480869293","0.4357122480869293"
"191","-0.03630968555808067","-0.03630968555808067","-0.03630968555808067","0.42278018593788147","0.42278018593788147","0.42278018593788147"
"192","-0.04244067892432213","-0.04244067892432213","-0.04244067892432213","0.412667840719223","0.412667840719223","0.412667840719223"
"193","0.000001043081283569336","0.000001043081283569336","0.000001043081283569336","0.6066068410873413","0.6066068410873413","0.6066068410873413"
"194","-0.003946751356124878","-0.003946751356124878","-0.003946751356124878","0.5687353610992432","0.5687353610992432","0.5687353610992432"
"195","-0.00994408130645752","-0.00994408130645752","-0.00994408130645752","0.4841807782649994","0.4841807782649994","0.4841807782649994"
"196","-0.016986429691314697","-0.016986429691314697","-0.016986429691314697","0.45539045333862305","0.45539045333862305","0.45539045333862305"
"197","-0.024542227387428284","-0.024542227387428284","-0.024542227387428284","0.457977831363678","0.457977831363678","0.457977831363678"
"198","-0.03196893632411957","-0.03196893632411957","-0.03196893632411957","0.4628787040710449","0.4628787040710449","0.4628787040710449"
"199","-0.03901229798793793","-0.03901229798793793","-0.03901229798793793","0.4685180187225342","0.4685180187225342","0.4685180187225342"
"200","-0.04523402452468872","-0.04523402452468872","-0.04523402452468872","0.4730260968208313","0.4730260968208313","0.4730260968208313"
"201","0.0012993898708373308","0.0012993898708373308","0.0012993898708373308","0.48741862177848816","0.48741862177848816","0.48741862177848816"
"202","-0.00247429427690804","-0.00247429427690804","-0.00247429427690804","0.48547080159187317","0.48547080159187317","0.48547080159187317"
"203","-0.008430201560258865","-0.008430201560258865","-0.008430201560258865","0.4761385917663574","0.4761385917663574","0.4761385917663574"
"204","-0.015479166060686111","-0.015479166060686111","-0.015479166060686111","0.46163034439086914","0.46163034439086914","0.46163034439086914"
"205","-0.02275886759161949","-0.02275886759161949","-0.02275886759161949","0.4445856213569641","0.4445856213569641","0.4445856213569641"
"206","-0.029620984569191933","-0.029620984569191933","-0.029620984569191933","0.4274684190750122","0.4274684190750122","0.4274684190750122"
"207","-0.03580741956830025","-0.03580741956830025","-0.03580741956830025","0.4119204580783844","0.4119204580783844","0.4119204580783844"
"208","-0.041204784065485","-0.041204784065485","-0.041204784065485","0.39918726682662964","0.39918726682662964","0.39918726682662964"
"209","-0.000014722347259521484","-0.000014722347259521484","-0.000014722347259521484","0.4146595895290375","0.4146595895290375","0.4146595895290375"
"210","-0.00435832142829895","-0.00435832142829895","-0.00435832142829895","0.4014508128166199","0.4014508128166199","0.4014508128166199"
"211","-0.010891571640968323","-0.010891571640968323","-0.010891571640968323","0.34489643573760986","0.34489643573760986","0.34489643573760986"
"212","-0.019119039177894592","-0.019119039177894592","-0.019119039177894592","0.2807948589324951","0.2807948589324951","0.2807948589324951"
"213","-0.027957960963249207","-0.027957960963249207","-0.027957960963249207","0.2783581018447876","0.2783581018447876","0.2783581018447876"
"214","-0.03612741827964783","-0.03612741827964783","-0.03612741827964783","0.2785992920398712","0.2785992920398712","0.2785992920398712"
"215","-0.04335513710975647","-0.04335513710975647","-0.04335513710975647","0.27996233105659485","0.27996233105659485","0.27996233105659485"
"216","-0.049330934882164","-0.049330934882164","-0.049330934882164","0.2813647389411926","0.2813647389411926","0.2813647389411926"
"217","0.005522444378584623","0.005522444378584623","0.005522444378584623","0.4631569981575012","0.4631569981575012","0.4631569981575012"
"218","0.0014503676211461425","0.0014503676211461425","0.0014503676211461425","0.46141648292541504","0.46141648292541504","0.46141648292541504"
"219","-0.005657991860061884","-0.005657991860061884","-0.005657991860061884","0.45361921191215515","0.45361921191215515","0.45361921191215515"
"220","-0.013774475082755089","-0.013774475082755089","-0.013774475082755089","0.4421502351760864","0.4421502351760864","0.4421502351760864"
"221","-0.02215699851512909","-0.02215699851512909","-0.02215699851512909","0.4285265803337097","0.4285265803337097","0.4285265803337097"
"222","-0.030150964856147766","-0.030150964856147766","-0.030150964856147766","0.4143313765525818","0.4143313765525818","0.4143313765525818"
"223","-0.0376470610499382","-0.0376470610499382","-0.0376470610499382","0.4005204737186432","0.4005204737186432","0.4005204737186432"
"224","-0.04429268091917038","-0.04429268091917038","-0.04429268091917038","0.38815146684646606","0.38815146684646606","0.38815146684646606"
"225","0.0000036656856536865234","0.0000036656856536865234","0.0000036656856536865234","0.5272891521453857","0.5272891521453857","0.5272891521453857"
"226","-0.00397077202796936","-0.00397077202796936","-0.00397077202796936","0.4896221458911896","0.4896221458911896","0.4896221458911896"
"227","-0.010124951601028442","-0.010124951601028442","-0.010124951601028442","0.40193256735801697","0.40193256735801697","0.40193256735801697"
"228","-0.01794356107711792","-0.01794356107711792","-0.01794356107711792","0.3667355477809906","0.3667355477809906","0.3667355477809906"
"229","-0.027058124542236328","-0.027058124542236328","-0.027058124542236328","0.36472243070602417","0.36472243070602417","0.36472243070602417"
"230","-0.03569060564041138","-0.03569060564041138","-0.03569060564041138","0.36548912525177","0.36548912525177","0.36548912525177"
"231","-0.0430106520652771","-0.0430106520652771","-0.0430106520652771","0.36883383989334106","0.36883383989334106","0.36883383989334106"
"232","-0.04901915788650513","-0.04901915788650513","-0.04901915788650513","0.37336328625679016","0.37336328625679016","0.37336328625679016"
"233","0.0004519614449236542","0.0004519614449236542","0.0004519614449236542","0.3941543698310852","0.3941543698310852","0.3941543698310852"
"234","-0.002800934948027134","-0.002800934948027134","-0.002800934948027134","0.39593908190727234","0.39593908190727234","0.39593908190727234"
"235","-0.008227306418120861","-0.008227306418120861","-0.008227306418120861","0.38850006461143494","0.38850006461143494","0.38850006461143494"
"236","-0.014314429834485054","-0.014314429834485054","-0.014314429834485054","0.3744509816169739","0.3744509816169739","0.3744509816169739"
"237","-0.020622655749320984","-0.020622655749320984","-0.020622655749320984","0.35632753372192383","0.35632753372192383","0.35632753372192383"
"238","-0.026587650179862976","-0.026587650179862976","-0.026587650179862976","0.33716779947280884","0.33716779947280884","0.33716779947280884"
"239","-0.031931620091199875","-0.031931620091199875","-0.031931620091199875","0.3194884657859802","0.3194884657859802","0.3194884657859802"
"240","-0.03691581264138222","-0.03691581264138222","-0.03691581264138222","0.3066559135913849","0.3066559135913849","0.3066559135913849"
"241","-0.001166129601188004","-0.001166129601188004","-0.001166129601188004","0.39296039938926697","0.39296039938926697","0.39296039938926697"
"242","-0.005128669086843729","-0.005128669086843729","-0.005128669086843729","0.388102650642395","0.388102650642395","0.388102650642395"
"243","-0.011450277641415596","-0.011450277641415596","-0.011450277641415596","0.3404569923877716","0.3404569923877716","0.3404569923877716"
"244","-0.019119001924991608","-0.019119001924991608","-0.019119001924991608","0.2747485041618347","0.2747485041618347","0.2747485041618347"
"245","-0.02723892405629158","-0.02723892405629158","-0.02723892405629158","0.2647586762905121","0.2647586762905121","0.2647586762905121"
"246","-0.03534187749028206","-0.03534187749028206","-0.03534187749028206","0.26799508929252625","0.26799508929252625","0.26799508929252625"
"247","-0.04259726405143738","-0.04259726405143738","-0.04259726405143738","0.27294471859931946","0.27294471859931946","0.27294471859931946"
"248","-0.04872899875044823","-0.04872899875044823","-0.04872899875044823","0.2776424288749695","0.2776424288749695","0.2776424288749695"
"249","-0.0000858306884765625","-0.0000858306884765625","-0.0000858306884765625","0.3367229104042053","0.3367229104042053","0.3367229104042053"
"250","-0.004489541053771973","-0.004489541053771973","-0.004489541053771973","0.33550819754600525","0.33550819754600525","0.33550819754600525"
"251","-0.011855393648147583","-0.011855393648147583","-0.011855393648147583","0.3290027678012848","0.3290027678012848","0.3290027678012848"
"252","-0.020985320210456848","-0.020985320210456848","-0.020985320210456848","0.3184654712677002","0.3184654712677002","0.3184654712677002"
"253","-0.03017905354499817","-0.03017905354499817","-0.03017905354499817","0.3060837984085083","0.3060837984085083","0.3060837984085083"
"254","-0.03818325698375702","-0.03818325698375702","-0.03818325698375702","0.29382801055908203","0.29382801055908203","0.29382801055908203"
"255","-0.045326024293899536","-0.045326024293899536","-0.045326024293899536","0.2822323739528656","0.2822323739528656","0.2822323739528656"
"256","-0.0515042319893837","-0.0515042319893837","-0.0515042319893837","0.2720997631549835","0.2720997631549835","0.2720997631549835"
"257","0.12156578153371811","0.12156578153371811","0.12156578153371811","0.4727250635623932","0.4727250635623932","0.4727250635623932"
"258","0.11111131310462952","0.11111131310462952","0.11111131310462952","0.44650998711586","0.44650998711586","0.44650998711586"
"259","0.10371900349855423","0.10371900349855423","0.10371900349855423","0.3946436643600464","0.3946436643600464","0.3946436643600464"
"260","0.09590771794319153","0.09590771794319153","0.09590771794319153","0.3495227098464966","0.3495227098464966","0.3495227098464966"
"261","0.08732327073812485","0.08732327073812485","0.08732327073812485","0.3489261865615845","0.3489261865615845","0.3489261865615845"
"262","0.07880657911300659","0.07880657911300659","0.07880657911300659","0.34805184602737427","0.34805184602737427","0.34805184602737427"
"263","0.0716782808303833","0.0716782808303833","0.0716782808303833","0.34647271037101746","0.34647271037101746","0.34647271037101746"
"264","0.06565134227275848","0.06565134227275848","0.06565134227275848","0.34301191568374634","0.34301191568374634","0.34301191568374634"
"265","0.0032501835376024246","0.0032501835376024246","0.0032501835376024246","0.24416270852088928","0.24416270852088928","0.24416270852088928"
"266","-0.0006532873958349228","-0.0006532873958349228","-0.0006532873958349228","0.23990879952907562","0.23990879952907562","0.23990879952907562"
"267","-0.0071756672114133835","-0.0071756672114133835","-0.0071756672114133835","0.23072896897792816","0.23072896897792816","0.23072896897792816"
"268","-0.014742854982614517","-0.014742854982614517","-0.014742854982614517","0.21902179718017578","0.21902179718017578","0.21902179718017578"
"269","-0.0229817982763052","-0.0229817982763052","-0.0229817982763052","0.20608116686344147","0.20608116686344147","0.20608116686344147"
"270","-0.031002184376120567","-0.031002184376120567","-0.031002184376120567","0.19378145039081573","0.19378145039081573","0.19378145039081573"
"271","-0.03840780258178711","-0.03840780258178711","-0.03840780258178711","0.18303696811199188","0.18303696811199188","0.18303696811199188"
"272","-0.04524075239896774","-0.04524075239896774","-0.04524075239896774","0.17500725388526917","0.17500725388526917","0.17500725388526917"
"273","0.0013126714620739222","0.0013126714620739222","0.0013126714620739222","0.4104568660259247","0.4104568660259247","0.4104568660259247"
"274","-0.004018676467239857","-0.004018676467239857","-0.004018676467239857","0.37274089455604553","0.37274089455604553","0.37274089455604553"
"275","-0.01218878012150526","-0.01218878012150526","-0.01218878012150526","0.29984140396118164","0.29984140396118164","0.29984140396118164"
"276","-0.02179471030831337","-0.02179471030831337","-0.02179471030831337","0.2765786647796631","0.2765786647796631","0.2765786647796631"
"277","-0.03264473378658295","-0.03264473378658295","-0.03264473378658295","0.27750128507614136","0.27750128507614136","0.27750128507614136"
"278","-0.04282221570611","-0.04282221570611","-0.04282221570611","0.28013747930526733","0.28013747930526733","0.28013747930526733"
"279","-0.05103360861539841","-0.05103360861539841","-0.05103360861539841","0.28372952342033386","0.28372952342033386","0.28372952342033386"
"280","-0.05748317390680313","-0.05748317390680313","-0.05748317390680313","0.28602108359336853","0.28602108359336853","0.28602108359336853"
"281","0.045346688479185104","0.045346688479185104","0.045346688479185104","0.3561016619205475","0.3561016619205475","0.3561016619205475"
"282","0.040658771991729736","0.040658771991729736","0.040658771991729736","0.350926011800766","0.350926011800766","0.350926011800766"
"283","0.03367314860224724","0.03367314860224724","0.03367314860224724","0.3387843370437622","0.3387843370437622","0.3387843370437622"
"284","0.025647511705756187","0.025647511705756187","0.025647511705756187","0.3223904073238373","0.3223904073238373","0.3223904073238373"
"285","0.017494287341833115","0.017494287341833115","0.017494287341833115","0.3043285012245178","0.3043285012245178","0.3043285012245178"
"286","0.009854652918875217","0.009854652918875217","0.009854652918875217","0.2868442237377167","0.2868442237377167","0.2868442237377167"
"287","0.003008420579135418","0.003008420579135418","0.003008420579135418","0.2712807059288025","0.2712807059288025","0.2712807059288025"
"288","-0.0032899705693125725","-0.0032899705693125725","-0.0032899705693125725","0.25809621810913086","0.25809621810913086","0.25809621810913086"
"289","0.0000018570572137832642","0.0000018570572137832642","0.0000018570572137832642","0.2879899740219116","0.2879899740219116","0.2879899740219116"
"290","-0.004325374960899353","-0.004325374960899353","-0.004325374960899353","0.28510552644729614","0.28510552644729614","0.28510552644729614"
"291","-0.01106935739517212","-0.01106935739517212","-0.01106935739517212","0.2470920979976654","0.2470920979976654","0.2470920979976654"
"292","-0.019345339387655258","-0.019345339387655258","-0.019345339387655258","0.19246426224708557","0.19246426224708557","0.19246426224708557"
"293","-0.028511427342891693","-0.028511427342891693","-0.028511427342891693","0.17730510234832764","0.17730510234832764","0.17730510234832764"
"294","-0.03695443272590637","-0.03695443272590637","-0.03695443272590637","0.1803525984287262","0.1803525984287262","0.1803525984287262"
"295","-0.04384702444076538","-0.04384702444076538","-0.04384702444076538","0.18392732739448547","0.18392732739448547","0.18392732739448547"
"296","-0.04971912130713463","-0.04971912130713463","-0.04971912130713463","0.18549777567386627","0.18549777567386627","0.18549777567386627"
"297","-0.0008065480506047606","-0.0008065480506047606","-0.0008065480506047606","0.3006736636161804","0.3006736636161804","0.3006736636161804"
"298","-0.005735938902944326","-0.005735938902944326","-0.005735938902944326","0.29628029465675354","0.29628029465675354","0.29628029465675354"
"299","-0.012823084369301796","-0.012823084369301796","-0.012823084369301796","0.28549543023109436","0.28549543023109436","0.28549543023109436"
"300","-0.021478528156876564","-0.021478528156876564","-0.021478528156876564","0.270027756690979","0.270027756690979","0.270027756690979"
"301","-0.030205486342310905","-0.030205486342310905","-0.030205486342310905","0.2529124319553375","0.2529124319553375","0.2529124319553375"
"302","-0.03814248368144035","-0.03814248368144035","-0.03814248368144035","0.23648430407047272","0.23648430407047272","0.23648430407047272"
"303","-0.04538102447986603","-0.04538102447986603","-0.04538102447986603","0.2221173197031021","0.2221173197031021","0.2221173197031021"
"304","-0.05188170447945595","-0.05188170447945595","-0.05188170447945595","0.21218404173851013","0.21218404173851013","0.21218404173851013"
"305","0.04844775050878525","0.04844775050878525","0.04844775050878525","0.33120760321617126","0.33120760321617126","0.33120760321617126"
"306","0.042073290795087814","0.042073290795087814","0.042073290795087814","0.31740397214889526","0.31740397214889526","0.31740397214889526"
"307","0.032793138176202774","0.032793138176202774","0.032793138176202774","0.27169251441955566","0.27169251441955566","0.27169251441955566"
"308","0.021671831607818604","0.021671831607818604","0.021671831607818604","0.2181224226951599","0.2181224226951599","0.2181224226951599"
"309","0.010325553826987743","0.010325553826987743","0.010325553826987743","0.21483008563518524","0.21483008563518524","0.21483008563518524"
"310","0.0004855258739553392","0.0004855258739553392","0.0004855258739553392","0.21563325822353363","0.21563325822353363","0.21563325822353363"
"311","-0.008009858429431915","-0.008009858429431915","-0.008009858429431915","0.21664097905158997","0.21664097905158997","0.21664097905158997"
"312","-0.014725152403116226","-0.014725152403116226","-0.014725152403116226","0.21648988127708435","0.21648988127708435","0.21648988127708435"
"313","-0.0030895094387233257","-0.0030895094387233257","-0.0030895094387233257","0.23963923752307892","0.23963923752307892","0.23963923752307892"
"314","-0.007653632666915655","-0.007653632666915655","-0.007653632666915655","0.23236431181430817","0.23236431181430817","0.23236431181430817"
"315","-0.01432020217180252","-0.01432020217180252","-0.01432020217180252","0.21847105026245117","0.21847105026245117","0.21847105026245117"
"316","-0.02176499180495739","-0.02176499180495739","-0.02176499180495739","0.20102865993976593","0.20102865993976593","0.20102865993976593"
"317","-0.029548779129981995","-0.029548779129981995","-0.029548779129981995","0.18236468732357025","0.18236468732357025","0.18236468732357025"
"318","-0.03683153912425041","-0.03683153912425041","-0.03683153912425041","0.16545173525810242","0.16545173525810242","0.16545173525810242"
"319","-0.04342418536543846","-0.04342418536543846","-0.04342418536543846","0.16190452873706818","0.16190452873706818","0.16190452873706818"
"320","-0.04946974664926529","-0.04946974664926529","-0.04946974664926529","0.16875815391540527","0.16875815391540527","0.16875815391540527"
"321","0.00001671537756919861","0.00001671537756919861","0.00001671537756919861","0.2251177430152893","0.2251177430152893","0.2251177430152893"
"322","-0.00465521402657032","-0.00465521402657032","-0.00465521402657032","0.19188743829727173","0.19188743829727173","0.19188743829727173"
"323","-0.012000542134046555","-0.012000542134046555","-0.012000542134046555","0.14712266623973846","0.14712266623973846","0.14712266623973846"
"324","-0.02102794498205185","-0.02102794498205185","-0.02102794498205185","0.13926783204078674","0.13926783204078674","0.13926783204078674"
"325","-0.03079846501350403","-0.03079846501350403","-0.03079846501350403","0.14209038019180298","0.14209038019180298","0.14209038019180298"
"326","-0.03999501094222069","-0.03999501094222069","-0.03999501094222069","0.14460191130638123","0.14460191130638123","0.14460191130638123"
"327","-0.04770556837320328","-0.04770556837320328","-0.04770556837320328","0.14473870396614075","0.14473870396614075","0.14473870396614075"
"328","-0.054080989211797714","-0.054080989211797714","-0.054080989211797714","0.1404479742050171","0.1404479742050171","0.1404479742050171"
"329","0.00006113951531006023","0.00006113951531006023","0.00006113951531006023","0.28126171231269836","0.28126171231269836","0.28126171231269836"
"330","-0.003949693404138088","-0.003949693404138088","-0.003949693404138088","0.2620749771595001","0.2620749771595001","0.2620749771595001"
"331","-0.008657406084239483","-0.008657406084239483","-0.008657406084239483","0.23602746427059174","0.23602746427059174","0.23602746427059174"
"332","-0.014704135246574879","-0.014704135246574879","-0.014704135246574879","0.20768031477928162","0.20768031477928162","0.20768031477928162"
"333","-0.02108401618897915","-0.02108401618897915","-0.02108401618897915","0.1872541457414627","0.1872541457414627","0.1872541457414627"
"334","-0.027408698573708534","-0.027408698573708534","-0.027408698573708534","0.19921736419200897","0.19921736419200897","0.19921736419200897"
"335","-0.033375728875398636","-0.033375728875398636","-0.033375728875398636","0.20498260855674744","0.20498260855674744","0.20498260855674744"
"336","-0.03876504674553871","-0.03876504674553871","-0.03876504674553871","0.18955646455287933","0.18955646455287933","0.18955646455287933"
"337","-0.0006419052951969206","-0.0006419052951969206","-0.0006419052951969206","0.18988767266273499","0.18988767266273499","0.18988767266273499"
"338","-0.005560900550335646","-0.005560900550335646","-0.005560900550335646","0.15602457523345947","0.15602457523345947","0.15602457523345947"
"339","-0.013288288377225399","-0.013288288377225399","-0.013288288377225399","0.12951268255710602","0.12951268255710602","0.12951268255710602"
"340","-0.023104215040802956","-0.023104215040802956","-0.023104215040802956","0.13312672078609467","0.13312672078609467","0.13312672078609467"
"341","-0.033136915415525436","-0.033136915415525436","-0.033136915415525436","0.13398443162441254","0.13398443162441254","0.13398443162441254"
"342","-0.04168161377310753","-0.04168161377310753","-0.04168161377310753","0.13100206851959229","0.13100206851959229","0.13100206851959229"
"343","-0.048520565032958984","-0.048520565032958984","-0.048520565032958984","0.12320356070995331","0.12320356070995331","0.12320356070995331"
"344","-0.05383804813027382","-0.05383804813027382","-0.05383804813027382","0.1110740602016449","0.1110740602016449","0.1110740602016449"
"345","0.007773498073220253","0.007773498073220253","0.007773498073220253","0.20948830246925354","0.20948830246925354","0.20948830246925354"
"346","0.0022255575750023127","0.0022255575750023127","0.0022255575750023127","0.19448335468769073","0.19448335468769073","0.19448335468769073"
"347","-0.0046165864914655685","-0.0046165864914655685","-0.0046165864914655685","0.18469493091106415","0.18469493091106415","0.18469493091106415"
"348","-0.012869985774159431","-0.012869985774159431","-0.012869985774159431","0.18571065366268158","0.18571065366268158","0.18571065366268158"
"349","-0.02180001139640808","-0.02180001139640808","-0.02180001139640808","0.17946146428585052","0.17946146428585052","0.17946146428585052"
"350","-0.03031638264656067","-0.03031638264656067","-0.03031638264656067","0.16226638853549957","0.16226638853549957","0.16226638853549957"
"351","-0.03800838813185692","-0.03800838813185692","-0.03800838813185692","0.14702044427394867","0.14702044427394867","0.14702044427394867"
"352","-0.044400669634342194","-0.044400669634342194","-0.044400669634342194","0.14051935076713562","0.14051935076713562","0.14051935076713562"
"353","0.00922838319092989","0.00922838319092989","0.00922838319092989","0.23009851574897766","0.23009851574897766","0.23009851574897766"
"354","0.004494133871048689","0.004494133871048689","0.004494133871048689","0.19230306148529053","0.19230306148529053","0.19230306148529053"
"355","-0.0029569610487669706","-0.0029569610487669706","-0.0029569610487669706","0.15750344097614288","0.15750344097614288","0.15750344097614288"
"356","-0.01230115257203579","-0.01230115257203579","-0.01230115257203579","0.16108784079551697","0.16108784079551697","0.16108784079551697"
"357","-0.02151455543935299","-0.02151455543935299","-0.02151455543935299","0.16310307383537292","0.16310307383537292","0.16310307383537292"
"358","-0.030103443190455437","-0.030103443190455437","-0.030103443190455437","0.16105425357818604","0.16105425357818604","0.16105425357818604"
"359","-0.03689532354474068","-0.03689532354474068","-0.03689532354474068","0.15460164844989777","0.15460164844989777","0.15460164844989777"
"360","-0.041925638914108276","-0.041925638914108276","-0.041925638914108276","0.14406779408454895","0.14406779408454895","0.14406779408454895"
"361","0.021261220797896385","0.021261220797896385","0.021261220797896385","0.22414718568325043","0.22414718568325043","0.22414718568325043"
"362","0.016271429136395454","0.016271429136395454","0.016271429136395454","0.2067907601594925","0.2067907601594925","0.2067907601594925"
"363","0.008113146759569645","0.008113146759569645","0.008113146759569645","0.19075514376163483","0.19075514376163483","0.19075514376163483"
"364","-0.0016312546795234084","-0.0016312546795234084","-0.0016312546795234084","0.19223591685295105","0.19223591685295105","0.19223591685295105"
"365","-0.011626036837697029","-0.011626036837697029","-0.011626036837697029","0.18673467636108398","0.18673467636108398","0.18673467636108398"
"366","-0.02075420692563057","-0.02075420692563057","-0.02075420692563057","0.1697463095188141","0.1697463095188141","0.1697463095188141"
"367","-0.028835857287049294","-0.028835857287049294","-0.028835857287049294","0.1503286510705948","0.1503286510705948","0.1503286510705948"
"368","-0.03573358803987503","-0.03573358803987503","-0.03573358803987503","0.14417973160743713","0.14417973160743713","0.14417973160743713"
"369","-0.0021871626377105713","-0.0021871626377105713","-0.0021871626377105713","0.19544149935245514","0.19544149935245514","0.19544149935245514"
"370","-0.007100850809365511","-0.007100850809365511","-0.007100850809365511","0.16495336592197418","0.16495336592197418","0.16495336592197418"
"371","-0.014953546226024628","-0.014953546226024628","-0.014953546226024628","0.13470545411109924","0.13470545411109924","0.13470545411109924"
"372","-0.0244520865380764","-0.0244520865380764","-0.0244520865380764","0.1401645541191101","0.1401645541191101","0.1401645541191101"
"373","-0.034292228519916534","-0.034292228519916534","-0.034292228519916534","0.14305579662322998","0.14305579662322998","0.14305579662322998"
"374","-0.04340779408812523","-0.04340779408812523","-0.04340779408812523","0.13947932422161102","0.13947932422161102","0.13947932422161102"
"375","-0.05085185915231705","-0.05085185915231705","-0.05085185915231705","0.12927493453025818","0.12927493453025818","0.12927493453025818"
"376","-0.05673370137810707","-0.05673370137810707","-0.05673370137810707","0.11378397047519684","0.11378397047519684","0.11378397047519684"
"377","0.00236052880063653","0.00236052880063653","0.00236052880063653","0.18902890384197235","0.18902890384197235","0.18902890384197235"
"378","-0.0016572210006415844","-0.0016572210006415844","-0.0016572210006415844","0.17097537219524384","0.17097537219524384","0.17097537219524384"
"379","-0.007971522398293018","-0.007971522398293018","-0.007971522398293018","0.17000439763069153","0.17000439763069153","0.17000439763069153"
"380","-0.0155471907928586","-0.0155471907928586","-0.0155471907928586","0.17159779369831085","0.17159779369831085","0.17159779369831085"
"381","-0.023566139861941338","-0.023566139861941338","-0.023566139861941338","0.1611611247062683","0.1611611247062683","0.1611611247062683"
"382","-0.03109659068286419","-0.03109659068286419","-0.03109659068286419","0.14125937223434448","0.14125937223434448","0.14125937223434448"
"383","-0.03788773715496063","-0.03788773715496063","-0.03788773715496063","0.12523764371871948","0.12523764371871948","0.12523764371871948"
"384","-0.0440230555832386","-0.0440230555832386","-0.0440230555832386","0.12018874287605286","0.12018874287605286","0.12018874287605286"
"385","0.0023695072159171104","0.0023695072159171104","0.0023695072159171104","0.19277721643447876","0.19277721643447876","0.19277721643447876"
"386","-0.0021394388750195503","-0.0021394388750195503","-0.0021394388750195503","0.17014062404632568","0.17014062404632568","0.17014062404632568"
"387","-0.009237275458872318","-0.009237275458872318","-0.009237275458872318","0.14714813232421875","0.14714813232421875","0.14714813232421875"
"388","-0.01785745471715927","-0.01785745471715927","-0.01785745471715927","0.14734116196632385","0.14734116196632385","0.14734116196632385"
"389","-0.02709910273551941","-0.02709910273551941","-0.02709910273551941","0.14653466641902924","0.14653466641902924","0.14653466641902924"
"390","-0.035638436675071716","-0.035638436675071716","-0.035638436675071716","0.13734698295593262","0.13734698295593262","0.13734698295593262"
"391","-0.04225252568721771","-0.04225252568721771","-0.04225252568721771","0.12290553748607635","0.12290553748607635","0.12290553748607635"
"392","-0.04744135960936546","-0.04744135960936546","-0.04744135960936546","0.10795819759368896","0.10795819759368896","0.10795819759368896"
"393","0.0027221590280532837","0.0027221590280532837","0.0027221590280532837","0.23011428117752075","0.23011428117752075","0.23011428117752075"
"394","-0.001766398549079895","-0.001766398549079895","-0.001766398549079895","0.232865571975708","0.232865571975708","0.232865571975708"
"395","-0.008652262389659882","-0.008652262389659882","-0.008652262389659882","0.22725963592529297","0.22725963592529297","0.22725963592529297"
"396","-0.01670438051223755","-0.01670438051223755","-0.01670438051223755","0.21139097213745117","0.21139097213745117","0.21139097213745117"
"397","-0.024524062871932983","-0.024524062871932983","-0.024524062871932983","0.1988932490348816","0.1988932490348816","0.1988932490348816"
"398","-0.03170531988143921","-0.03170531988143921","-0.03170531988143921","0.19268731772899628","0.19268731772899628","0.19268731772899628"
"399","-0.038619138300418854","-0.038619138300418854","-0.038619138300418854","0.18705913424491882","0.18705913424491882","0.18705913424491882"
"400","-0.044645458459854126","-0.044645458459854126","-0.044645458459854126","0.17963555455207825","0.17963555455207825","0.17963555455207825"
"401","0.015116680413484573","0.015116680413484573","0.015116680413484573","0.2123793065547943","0.2123793065547943","0.2123793065547943"
"402","0.009070671163499355","0.009070671163499355","0.009070671163499355","0.19907286763191223","0.19907286763191223","0.19907286763191223"
"403","-0.00046514373389072716","-0.00046514373389072716","-0.00046514373389072716","0.17465561628341675","0.17465561628341675","0.17465561628341675"
"404","-0.011552583426237106","-0.011552583426237106","-0.011552583426237106","0.1495412290096283","0.1495412290096283","0.1495412290096283"
"405","-0.022332483902573586","-0.022332483902573586","-0.022332483902573586","0.14809875190258026","0.14809875190258026","0.14809875190258026"
"406","-0.03167325630784035","-0.03167325630784035","-0.03167325630784035","0.14558394253253937","0.14558394253253937","0.14558394253253937"
"407","-0.03942742198705673","-0.03942742198705673","-0.03942742198705673","0.13515880703926086","0.13515880703926086","0.13515880703926086"
"408","-0.04560978710651398","-0.04560978710651398","-0.04560978710651398","0.11937950551509857","0.11937950551509857","0.11937950551509857"
"409","0.0018114588456228375","0.0018114588456228375","0.0018114588456228375","0.16906312108039856","0.16906312108039856","0.16906312108039856"
"410","-0.0017985005397349596","-0.0017985005397349596","-0.0017985005397349596","0.16533257067203522","0.16533257067203522","0.16533257067203522"
"411","-0.007593740243464708","-0.007593740243464708","-0.007593740243464708","0.16355787217617035","0.16355787217617035","0.16355787217617035"
"412","-0.013962741941213608","-0.013962741941213608","-0.013962741941213608","0.15732121467590332","0.15732121467590332","0.15732121467590332"
"413","-0.020782658830285072","-0.020782658830285072","-0.020782658830285072","0.1459442377090454","0.1459442377090454","0.1459442377090454"
"414","-0.027442891150712967","-0.027442891150712967","-0.027442891150712967","0.13270051777362823","0.13270051777362823","0.13270051777362823"
"415","-0.03351866453886032","-0.03351866453886032","-0.03351866453886032","0.12302049249410629","0.12302049249410629","0.12302049249410629"
"416","-0.03902465105056763","-0.03902465105056763","-0.03902465105056763","0.11853146553039551","0.11853146553039551","0.11853146553039551"
"417","0.003943970892578363","0.003943970892578363","0.003943970892578363","0.2501946985721588","0.2501946985721588","0.2501946985721588"
"418","-0.0017788669792935252","-0.0017788669792935252","-0.0017788669792935252","0.2277527153491974","0.2277527153491974","0.2277527153491974"
"419","-0.009982580319046974","-0.009982580319046974","-0.009982580319046974","0.20255368947982788","0.20255368947982788","0.20255368947982788"
"420","-0.01963454857468605","-0.01963454857468605","-0.01963454857468605","0.20212525129318237","0.20212525129318237","0.20212525129318237"
"421","-0.029012681916356087","-0.029012681916356087","-0.029012681916356087","0.20323912799358368","0.20323912799358368","0.20323912799358368"
"422","-0.03683118894696236","-0.03683118894696236","-0.03683118894696236","0.1933002918958664","0.1933002918958664","0.1933002918958664"
"423","-0.04283805564045906","-0.04283805564045906","-0.04283805564045906","0.1748620867729187","0.1748620867729187","0.1748620867729187"
"424","-0.04739535227417946","-0.04739535227417946","-0.04739535227417946","0.15501414239406586","0.15501414239406586","0.15501414239406586"
"425","0.025831682607531548","0.025831682607531548","0.025831682607531548","0.18707871437072754","0.18707871437072754","0.18707871437072754"
"426","0.020597131922841072","0.020597131922841072","0.020597131922841072","0.18821971118450165","0.18821971118450165","0.18821971118450165"
"427","0.012967201881110668","0.012967201881110668","0.012967201881110668","0.1830301135778427","0.1830301135778427","0.1830301135778427"
"428","0.00463882926851511","0.00463882926851511","0.00463882926851511","0.17011050879955292","0.17011050879955292","0.17011050879955292"
"429","-0.004144428763538599","-0.004144428763538599","-0.004144428763538599","0.15170277655124664","0.15170277655124664","0.15170277655124664"
"430","-0.012327638454735279","-0.012327638454735279","-0.012327638454735279","0.1356831043958664","0.1356831043958664","0.1356831043958664"
"431","-0.0193956196308136","-0.0193956196308136","-0.0193956196308136","0.1298760324716568","0.1298760324716568","0.1298760324716568"
"432","-0.025698978453874588","-0.025698978453874588","-0.025698978453874588","0.1264534443616867","0.1264534443616867","0.1264534443616867"
"433","0.000002652406692504883","0.000002652406692504883","0.000002652406692504883","0.2848956882953644","0.2848956882953644","0.2848956882953644"
"434","-0.005015477538108826","-0.005015477538108826","-0.005015477538108826","0.268322229385376","0.268322229385376","0.268322229385376"
"435","-0.012736812233924866","-0.012736812233924866","-0.012736812233924866","0.245660200715065","0.245660200715065","0.245660200715065"
"436","-0.022283032536506653","-0.022283032536506653","-0.022283032536506653","0.23119376599788666","0.23119376599788666","0.23119376599788666"
"437","-0.03266271948814392","-0.03266271948814392","-0.03266271948814392","0.22842857241630554","0.22842857241630554","0.22842857241630554"
"438","-0.04181875288486481","-0.04181875288486481","-0.04181875288486481","0.21454648673534393","0.21454648673534393","0.21454648673534393"
"439","-0.048736900091171265","-0.048736900091171265","-0.048736900091171265","0.19520841538906097","0.19520841538906097","0.19520841538906097"
"440","-0.054118186235427856","-0.054118186235427856","-0.054118186235427856","0.18679744005203247","0.18679744005203247","0.18679744005203247"
"441","-0.002678212011232972","-0.002678212011232972","-0.002678212011232972","0.20330150425434113","0.20330150425434113","0.20330150425434113"
"442","-0.007415264379233122","-0.007415264379233122","-0.007415264379233122","0.19881418347358704","0.19881418347358704","0.19881418347358704"
"443","-0.013799699954688549","-0.013799699954688549","-0.013799699954688549","0.18764829635620117","0.18764829635620117","0.18764829635620117"
"444","-0.020600885152816772","-0.020600885152816772","-0.020600885152816772","0.1731063723564148","0.1731063723564148","0.1731063723564148"
"445","-0.02690723165869713","-0.02690723165869713","-0.02690723165869713","0.1622403860092163","0.1622403860092163","0.1622403860092163"
"446","-0.0328926257789135","-0.0328926257789135","-0.0328926257789135","0.1559453159570694","0.1559453159570694","0.1559453159570694"
"447","-0.03816501796245575","-0.03816501796245575","-0.03816501796245575","0.14899036288261414","0.14899036288261414","0.14899036288261414"
"448","-0.04277386516332626","-0.04277386516332626","-0.04277386516332626","0.13905733823776245","0.13905733823776245","0.13905733823776245"
"449","0.013072428293526173","0.013072428293526173","0.013072428293526173","0.2770293951034546","0.2770293951034546","0.2770293951034546"
"450","0.005195000674575567","0.005195000674575567","0.005195000674575567","0.265283465385437","0.265283465385437","0.265283465385437"
"451","-0.005143158603459597","-0.005143158603459597","-0.005143158603459597","0.24386273324489594","0.24386273324489594","0.24386273324489594"
"452","-0.015036821365356445","-0.015036821365356445","-0.015036821365356445","0.22210276126861572","0.22210276126861572","0.22210276126861572"
"453","-0.02428448759019375","-0.02428448759019375","-0.02428448759019375","0.20971781015396118","0.20971781015396118","0.20971781015396118"
"454","-0.03161954879760742","-0.03161954879760742","-0.03161954879760742","0.20526079833507538","0.20526079833507538","0.20526079833507538"
"455","-0.0374334380030632","-0.0374334380030632","-0.0374334380030632","0.19213154911994934","0.19213154911994934","0.19213154911994934"
"456","-0.04171206057071686","-0.04171206057071686","-0.04171206057071686","0.1778302788734436","0.1778302788734436","0.1778302788734436"
"457","0.016964595764875412","0.016964595764875412","0.016964595764875412","0.23931695520877838","0.23931695520877838","0.23931695520877838"
"458","0.011418301612138748","0.011418301612138748","0.011418301612138748","0.2352582961320877","0.2352582961320877","0.2352582961320877"
"459","0.003190557472407818","0.003190557472407818","0.003190557472407818","0.22216075658798218","0.22216075658798218","0.22216075658798218"
"460","-0.005640107207000256","-0.005640107207000256","-0.005640107207000256","0.2050699144601822","0.2050699144601822","0.2050699144601822"
"461","-0.014043619856238365","-0.014043619856238365","-0.014043619856238365","0.19154749810695648","0.19154749810695648","0.19154749810695648"
"462","-0.021615490317344666","-0.021615490317344666","-0.021615490317344666","0.18390148878097534","0.18390148878097534","0.18390148878097534"
"463","-0.02793634496629238","-0.02793634496629238","-0.02793634496629238","0.17625004053115845","0.17625004053115845","0.17625004053115845"
"464","-0.033435121178627014","-0.033435121178627014","-0.033435121178627014","0.16500070691108704","0.16500070691108704","0.16500070691108704"
"465","0.0009183697402477264","0.0009183697402477264","0.0009183697402477264","0.1851596087217331","0.1851596087217331","0.1851596087217331"
"466","-0.007203966379165649","-0.007203966379165649","-0.007203966379165649","0.17485257983207703","0.17485257983207703","0.17485257983207703"
"467","-0.016817912459373474","-0.016817912459373474","-0.016817912459373474","0.1622210443019867","0.1622210443019867","0.1622210443019867"
"468","-0.025134967640042305","-0.025134967640042305","-0.025134967640042305","0.14884547889232635","0.14884547889232635","0.14884547889232635"
"469","-0.03243158012628555","-0.03243158012628555","-0.03243158012628555","0.1337461769580841","0.1337461769580841","0.1337461769580841"
"470","-0.03827710077166557","-0.03827710077166557","-0.03827710077166557","0.11944052577018738","0.11944052577018738","0.11944052577018738"
"471","-0.04288708418607712","-0.04288708418607712","-0.04288708418607712","0.10911140590906143","0.10911140590906143","0.10911140590906143"
"472","-0.04700309783220291","-0.04700309783220291","-0.04700309783220291","0.10180258005857468","0.10180258005857468","0.10180258005857468"
"473","-0.0010574236512184143","-0.0010574236512184143","-0.0010574236512184143","0.2974313199520111","0.2974313199520111","0.2974313199520111"
"474","-0.006219029426574707","-0.006219029426574707","-0.006219029426574707","0.2823617458343506","0.2823617458343506","0.2823617458343506"
"475","-0.013866938650608063","-0.013866938650608063","-0.013866938650608063","0.26395800709724426","0.26395800709724426","0.26395800709724426"
"476","-0.022437453269958496","-0.022437453269958496","-0.022437453269958496","0.257973313331604","0.257973313331604","0.257973313331604"
"477","-0.03139039874076843","-0.03139039874076843","-0.03139039874076843","0.25002536177635193","0.25002536177635193","0.25002536177635193"
"478","-0.0393194854259491","-0.0393194854259491","-0.0393194854259491","0.2307831346988678","0.2307831346988678","0.2307831346988678"
"479","-0.04581934213638306","-0.04581934213638306","-0.04581934213638306","0.21622532606124878","0.21622532606124878","0.21622532606124878"
"480","-0.051135025918483734","-0.051135025918483734","-0.051135025918483734","0.2122701108455658","0.2122701108455658","0.2122701108455658"
"481","0.0008370194700546563","0.0008370194700546563","0.0008370194700546563","0.3144238293170929","0.3144238293170929","0.3144238293170929"
"482","-0.005535515025258064","-0.005535515025258064","-0.005535515025258064","0.29847612977027893","0.29847612977027893","0.29847612977027893"
"483","-0.015152554959058762","-0.015152554959058762","-0.015152554959058762","0.2731742560863495","0.2731742560863495","0.2731742560863495"
"484","-0.02598290704190731","-0.02598290704190731","-0.02598290704190731","0.2518242299556732","0.2518242299556732","0.2518242299556732"
"485","-0.03629620745778084","-0.03629620745778084","-0.03629620745778084","0.24415771663188934","0.24415771663188934","0.24415771663188934"
"486","-0.044515322893857956","-0.044515322893857956","-0.044515322893857956","0.230880007147789","0.230880007147789","0.230880007147789"
"487","-0.05052860081195831","-0.05052860081195831","-0.05052860081195831","0.21613015234470367","0.21613015234470367","0.21613015234470367"
"488","-0.05472518876194954","-0.05472518876194954","-0.05472518876194954","0.20902271568775177","0.20902271568775177","0.20902271568775177"
"489","0.0008508376777172089","0.0008508376777172089","0.0008508376777172089","0.2088564932346344","0.2088564932346344","0.2088564932346344"
"490","-0.003916114568710327","-0.003916114568710327","-0.003916114568710327","0.20420339703559875","0.20420339703559875","0.20420339703559875"
"491","-0.011387620121240616","-0.011387620121240616","-0.011387620121240616","0.1917354166507721","0.1917354166507721","0.1917354166507721"
"492","-0.01925068348646164","-0.01925068348646164","-0.01925068348646164","0.17813989520072937","0.17813989520072937","0.17813989520072937"
"493","-0.027155563235282898","-0.027155563235282898","-0.027155563235282898","0.1676940768957138","0.1676940768957138","0.1676940768957138"
"494","-0.03453920781612396","-0.03453920781612396","-0.03453920781612396","0.15942537784576416","0.15942537784576416","0.15942537784576416"
"495","-0.04063595086336136","-0.04063595086336136","-0.04063595086336136","0.15031558275222778","0.15031558275222778","0.15031558275222778"
"496","-0.04557565227150917","-0.04557565227150917","-0.04557565227150917","0.14076018333435059","0.14076018333435059","0.14076018333435059"
"497","0.0139261893928051","0.0139261893928051","0.0139261893928051","0.20385538041591644","0.20385538041591644","0.20385538041591644"
"498","0.008174427784979343","0.008174427784979343","0.008174427784979343","0.19600756466388702","0.19600756466388702","0.19600756466388702"
"499","-0.00008605908806202933","-0.00008605908806202933","-0.00008605908806202933","0.1813073456287384","0.1813073456287384","0.1813073456287384"
"500","-0.009354659356176853","-0.009354659356176853","-0.009354659356176853","0.1648811548948288","0.1648811548948288","0.1648811548948288"
"501","-0.018599266186356544","-0.018599266186356544","-0.018599266186356544","0.15059620141983032","0.15059620141983032","0.15059620141983032"
"502","-0.02619519829750061","-0.02619519829750061","-0.02619519829750061","0.14026950299739838","0.14026950299739838","0.14026950299739838"
"503","-0.03166530281305313","-0.03166530281305313","-0.03166530281305313","0.13112491369247437","0.13112491369247437","0.13112491369247437"
"504","-0.035647813230752945","-0.035647813230752945","-0.035647813230752945","0.12163068354129791","0.12163068354129791","0.12163068354129791"
"505","0.01544194296002388","0.01544194296002388","0.01544194296002388","0.26688042283058167","0.26688042283058167","0.26688042283058167"
"506","0.010000258684158325","0.010000258684158325","0.010000258684158325","0.26022201776504517","0.26022201776504517","0.26022201776504517"
"507","0.0017157233087345958","0.0017157233087345958","0.0017157233087345958","0.24926283955574036","0.24926283955574036","0.24926283955574036"
"508","-0.0077785006724298","-0.0077785006724298","-0.0077785006724298","0.23428568243980408","0.23428568243980408","0.23428568243980408"
"509","-0.016694197431206703","-0.016694197431206703","-0.016694197431206703","0.21984954178333282","0.21984954178333282","0.21984954178333282"
"510","-0.024688592180609703","-0.024688592180609703","-0.024688592180609703","0.20871110260486603","0.20871110260486603","0.20871110260486603"
"511","-0.03108440712094307","-0.03108440712094307","-0.03108440712094307","0.19810546934604645","0.19810546934604645","0.19810546934604645"
"512","-0.036194514483213425","-0.036194514483213425","-0.036194514483213425","0.18773050606250763","0.18773050606250763","0.18773050606250763"
"513","0.014951124787330627","0.014951124787330627","0.014951124787330627","0.3369705080986023","0.3369705080986023","0.3369705080986023"
"514","0.010157649405300617","0.010157649405300617","0.010157649405300617","0.3214421570301056","0.3214421570301056","0.3214421570301056"
"515","0.0026826015673577785","0.0026826015673577785","0.0026826015673577785","0.2986401915550232","0.2986401915550232","0.2986401915550232"
"516","-0.006459255702793598","-0.006459255702793598","-0.006459255702793598","0.2898310422897339","0.2898310422897339","0.2898310422897339"
"517","-0.014932011254131794","-0.014932011254131794","-0.014932011254131794","0.28324127197265625","0.28324127197265625","0.28324127197265625"
"518","-0.021990487352013588","-0.021990487352013588","-0.021990487352013588","0.2687183916568756","0.2687183916568756","0.2687183916568756"
"519","-0.02760740928351879","-0.02760740928351879","-0.02760740928351879","0.25324109196662903","0.25324109196662903","0.25324109196662903"
"520","-0.032014213502407074","-0.032014213502407074","-0.032014213502407074","0.24574336409568787","0.24574336409568787","0.24574336409568787"
"521","0.020866896957159042","0.020866896957159042","0.020866896957159042","0.28073596954345703","0.28073596954345703","0.28073596954345703"
"522","0.01573234796524048","0.01573234796524048","0.01573234796524048","0.26978975534439087","0.26978975534439087","0.26978975534439087"
"523","0.009072118438780308","0.009072118438780308","0.009072118438780308","0.24834716320037842","0.24834716320037842","0.24834716320037842"
"524","0.0018436108948662877","0.0018436108948662877","0.0018436108948662877","0.23111951351165771","0.23111951351165771","0.23111951351165771"
"525","-0.004746381659060717","-0.004746381659060717","-0.004746381659060717","0.222550630569458","0.222550630569458","0.222550630569458"
"526","-0.010400641709566116","-0.010400641709566116","-0.010400641709566116","0.21218983829021454","0.21218983829021454","0.21218983829021454"
"527","-0.014961395412683487","-0.014961395412683487","-0.014961395412683487","0.20052215456962585","0.20052215456962585","0.20052215456962585"
"528","-0.018734024837613106","-0.018734024837613106","-0.018734024837613106","0.19364531338214874","0.19364531338214874","0.19364531338214874"
"529","-0.0016468167304992676","-0.0016468167304992676","-0.0016468167304992676","0.22861753404140472","0.22861753404140472","0.22861753404140472"
"530","-0.006172225810587406","-0.006172225810587406","-0.006172225810587406","0.22240133583545685","0.22240133583545685","0.22240133583545685"
"531","-0.013386291451752186","-0.013386291451752186","-0.013386291451752186","0.21166324615478516","0.21166324615478516","0.21166324615478516"
"532","-0.02144572325050831","-0.02144572325050831","-0.02144572325050831","0.19734060764312744","0.19734060764312744","0.19734060764312744"
"533","-0.02921491116285324","-0.02921491116285324","-0.02921491116285324","0.1816960573196411","0.1816960573196411","0.1816960573196411"
"534","-0.03605705499649048","-0.03605705499649048","-0.03605705499649048","0.16834059357643127","0.16834059357643127","0.16834059357643127"
"535","-0.04125414043664932","-0.04125414043664932","-0.04125414043664932","0.15887337923049927","0.15887337923049927","0.15887337923049927"
"536","-0.04527686536312103","-0.04527686536312103","-0.04527686536312103","0.15073902904987335","0.15073902904987335","0.15073902904987335"
"537","0.007922015152871609","0.007922015152871609","0.007922015152871609","0.14575178921222687","0.14575178921222687","0.14575178921222687"
"538","0.003778258105739951","0.003778258105739951","0.003778258105739951","0.13680818676948547","0.13680818676948547","0.13680818676948547"
"539","-0.0015476207481697202","-0.0015476207481697202","-0.0015476207481697202","0.12669292092323303","0.12669292092323303","0.12669292092323303"
"540","-0.007899119518697262","-0.007899119518697262","-0.007899119518697262","0.11861762404441833","0.11861762404441833","0.11861762404441833"
"541","-0.014350757002830505","-0.014350757002830505","-0.014350757002830505","0.10856039822101593","0.10856039822101593","0.10856039822101593"
"542","-0.020195085555315018","-0.020195085555315018","-0.020195085555315018","0.09621386229991913","0.09621386229991913","0.09621386229991913"
"543","-0.024913128465414047","-0.024913128465414047","-0.024913128465414047","0.0876200795173645","0.0876200795173645","0.0876200795173645"
"544","-0.02864704839885235","-0.02864704839885235","-0.02864704839885235","0.08316988497972488","0.08316988497972488","0.08316988497972488"
"545","0.005512773524969816","0.005512773524969816","0.005512773524969816","0.2142527848482132","0.2142527848482132","0.2142527848482132"
"546","-0.0006812945939600468","-0.0006812945939600468","-0.0006812945939600468","0.20317819714546204","0.20317819714546204","0.20317819714546204"
"547","-0.0065450519323349","-0.0065450519323349","-0.0065450519323349","0.19047126173973083","0.19047126173973083","0.19047126173973083"
"548","-0.0130801722407341","-0.0130801722407341","-0.0130801722407341","0.17686882615089417","0.17686882615089417","0.17686882615089417"
"549","-0.019083909690380096","-0.019083909690380096","-0.019083909690380096","0.16369807720184326","0.16369807720184326","0.16369807720184326"
"550","-0.023329133167862892","-0.023329133167862892","-0.023329133167862892","0.15240256488323212","0.15240256488323212","0.15240256488323212"
"551","-0.026721283793449402","-0.026721283793449402","-0.026721283793449402","0.14651499688625336","0.14651499688625336","0.14651499688625336"
"552","-0.02929665334522724","-0.02929665334522724","-0.02929665334522724","0.14187504351139069","0.14187504351139069","0.14187504351139069"
"553","0.004578442312777042","0.004578442312777042","0.004578442312777042","0.16655243933200836","0.16655243933200836","0.16655243933200836"
"554","0.001537945936433971","0.001537945936433971","0.001537945936433971","0.16178444027900696","0.16178444027900696","0.16178444027900696"
"555","-0.0036487476900219917","-0.0036487476900219917","-0.0036487476900219917","0.15264281630516052","0.15264281630516052","0.15264281630516052"
"556","-0.009505600668489933","-0.009505600668489933","-0.009505600668489933","0.14157377183437347","0.14157377183437347","0.14157377183437347"
"557","-0.01506993267685175","-0.01506993267685175","-0.01506993267685175","0.13081029057502747","0.13081029057502747","0.13081029057502747"
"558","-0.02003238908946514","-0.02003238908946514","-0.02003238908946514","0.121059849858284","0.121059849858284","0.121059849858284"
"559","-0.023591607809066772","-0.023591607809066772","-0.023591607809066772","0.11440707743167877","0.11440707743167877","0.11440707743167877"
"560","-0.026865623891353607","-0.026865623891353607","-0.026865623891353607","0.10907364636659622","0.10907364636659622","0.10907364636659622"
"561","0.01770404726266861","0.01770404726266861","0.01770404726266861","0.15117010474205017","0.15117010474205017","0.15117010474205017"
"562","0.00822287704795599","0.00822287704795599","0.00822287704795599","0.13720917701721191","0.13720917701721191","0.13720917701721191"
"563","-0.0005128700868226588","-0.0005128700868226588","-0.0005128700868226588","0.12488102912902832","0.12488102912902832","0.12488102912902832"
"564","-0.009443511255085468","-0.009443511255085468","-0.009443511255085468","0.1132269874215126","0.1132269874215126","0.1132269874215126"
"565","-0.015824366360902786","-0.015824366360902786","-0.015824366360902786","0.10045419633388519","0.10045419633388519","0.10045419633388519"
"566","-0.020297830924391747","-0.020297830924391747","-0.020297830924391747","0.08947446197271347","0.08947446197271347","0.08947446197271347"
"567","-0.0236988365650177","-0.0236988365650177","-0.0236988365650177","0.08339443057775497","0.08339443057775497","0.08339443057775497"
"568","-0.026285329833626747","-0.026285329833626747","-0.026285329833626747","0.07807682454586029","0.07807682454586029","0.07807682454586029"
"569","0.03382299840450287","0.03382299840450287","0.03382299840450287","0.14583759009838104","0.14583759009838104","0.14583759009838104"
"570","0.030417371541261673","0.030417371541261673","0.030417371541261673","0.14234423637390137","0.14234423637390137","0.14234423637390137"
"571","0.02506057545542717","0.02506057545542717","0.02506057545542717","0.13801994919776917","0.13801994919776917","0.13801994919776917"
"572","0.019447004422545433","0.019447004422545433","0.019447004422545433","0.12789635360240936","0.12789635360240936","0.12789635360240936"
"573","0.01518721878528595","0.01518721878528595","0.01518721878528595","0.11950255185365677","0.11950255185365677","0.11950255185365677"
"574","0.01175777055323124","0.01175777055323124","0.01175777055323124","0.11536698788404465","0.11536698788404465","0.11536698788404465"
"575","0.008933624252676964","0.008933624252676964","0.008933624252676964","0.10914398729801178","0.10914398729801178","0.10914398729801178"
"576","0.0068188561126589775","0.0068188561126589775","0.0068188561126589775","0.1040947288274765","0.1040947288274765","0.1040947288274765"
"577","0.002451343461871147","0.002451343461871147","0.002451343461871147","0.13771390914916992","0.13771390914916992","0.13771390914916992"
"578","-0.0012943728361278772","-0.0012943728361278772","-0.0012943728361278772","0.11999217420816422","0.11999217420816422","0.11999217420816422"
"579","-0.006977911107242107","-0.006977911107242107","-0.006977911107242107","0.11429338157176971","0.11429338157176971","0.11429338157176971"
"580","-0.013048979453742504","-0.013048979453742504","-0.013048979453742504","0.10951393842697144","0.10951393842697144","0.10951393842697144"
"581","-0.018213681876659393","-0.018213681876659393","-0.018213681876659393","0.09278535097837448","0.09278535097837448","0.09278535097837448"
"582","-0.022189026698470116","-0.022189026698470116","-0.022189026698470116","0.08861072361469269","0.08861072361469269","0.08861072361469269"
"583","-0.025077879428863525","-0.025077879428863525","-0.025077879428863525","0.08961300551891327","0.08961300551891327","0.08961300551891327"
"584","-0.02733626216650009","-0.02733626216650009","-0.02733626216650009","0.08291565626859665","0.08291565626859665","0.08291565626859665"
"585","0.022150631994009018","0.022150631994009018","0.022150631994009018","0.11900755763053894","0.11900755763053894","0.11900755763053894"
"586","0.014470833353698254","0.014470833353698254","0.014470833353698254","0.1137290671467781","0.1137290671467781","0.1137290671467781"
"587","0.008887110278010368","0.008887110278010368","0.008887110278010368","0.10414659231901169","0.10414659231901169","0.10414659231901169"
"588","0.0047182487323880196","0.0047182487323880196","0.0047182487323880196","0.09568199515342712","0.09568199515342712","0.09568199515342712"
"589","0.001754195080138743","0.001754195080138743","0.001754195080138743","0.09143051505088806","0.09143051505088806","0.09143051505088806"
"590","-0.0006658086203970015","-0.0006658086203970015","-0.0006658086203970015","0.08633266389369965","0.08633266389369965","0.08633266389369965"
"591","-0.003095957450568676","-0.003095957450568676","-0.003095957450568676","0.07858514040708542","0.07858514040708542","0.07858514040708542"
"592","-0.005283490754663944","-0.005283490754663944","-0.005283490754663944","0.0726211741566658","0.0726211741566658","0.0726211741566658"
"593","0.013918223790824413","0.013918223790824413","0.013918223790824413","0.10650372505187988","0.10650372505187988","0.10650372505187988"
"594","0.009610296227037907","0.009610296227037907","0.009610296227037907","0.09847064316272736","0.09847064316272736","0.09847064316272736"
"595","0.003648426616564393","0.003648426616564393","0.003648426616564393","0.09079544991254807","0.09079544991254807","0.09079544991254807"
"596","-0.002404096070677042","-0.002404096070677042","-0.002404096070677042","0.08335689455270767","0.08335689455270767","0.08335689455270767"
"597","-0.007666485849767923","-0.007666485849767923","-0.007666485849767923","0.07409043610095978","0.07409043610095978","0.07409043610095978"
"598","-0.011254025623202324","-0.011254025623202324","-0.011254025623202324","0.06621570885181427","0.06621570885181427","0.06621570885181427"
"599","-0.013843953609466553","-0.013843953609466553","-0.013843953609466553","0.06268869340419769","0.06268869340419769","0.06268869340419769"
"600","-0.015665948390960693","-0.015665948390960693","-0.015665948390960693","0.05975913256406784","0.05975913256406784","0.05975913256406784"