"Step","playful-dust-3 - losses/policy_loss","playful-dust-3 - losses/policy_loss__MIN","playful-dust-3 - losses/policy_loss__MAX","playful-dust-3 - losses/total_loss","playful-dust-3 - losses/total_loss__MIN","playful-dust-3 - losses/total_loss__MAX"
"1","0.9051767587661743","0.9051767587661743","0.9051767587661743","3.9469122886657715","3.9469122886657715","3.9469122886657715"
"2","0.8549216985702515","0.8549216985702515","0.8549216985702515","3.607541561126709","3.607541561126709","3.607541561126709"
"3","0.8104153275489807","0.8104153275489807","0.8104153275489807","3.6048734188079834","3.6048734188079834","3.6048734188079834"
"4","0.7853744029998779","0.7853744029998779","0.7853744029998779","3.610244035720825","3.610244035720825","3.610244035720825"
"5","0.7705239057540894","0.7705239057540894","0.7705239057540894","3.6090221405029297","3.6090221405029297","3.6090221405029297"
"6","0.7605071067810059","0.7605071067810059","0.7605071067810059","3.5962300300598145","3.5962300300598145","3.5962300300598145"
"7","0.7537479400634766","0.7537479400634766","0.7537479400634766","3.57462215423584","3.57462215423584","3.57462215423584"
"8","0.74922114610672","0.74922114610672","0.74922114610672","3.5486719608306885","3.5486719608306885","3.5486719608306885"
"9","0.8962291479110718","0.8962291479110718","0.8962291479110718","3.8548154830932617","3.8548154830932617","3.8548154830932617"
"10","0.8737749457359314","0.8737749457359314","0.8737749457359314","3.7989182472229004","3.7989182472229004","3.7989182472229004"
"11","0.847888708114624","0.847888708114624","0.847888708114624","3.7378411293029785","3.7378411293029785","3.7378411293029785"
"12","0.8254051208496094","0.8254051208496094","0.8254051208496094","3.693019151687622","3.693019151687622","3.693019151687622"
"13","0.8089647889137268","0.8089647889137268","0.8089647889137268","3.689164400100708","3.689164400100708","3.689164400100708"
"14","0.7983700633049011","0.7983700633049011","0.7983700633049011","3.6771953105926514","3.6771953105926514","3.6771953105926514"
"15","0.7906114459037781","0.7906114459037781","0.7906114459037781","3.645324230194092","3.645324230194092","3.645324230194092"
"16","0.7852992415428162","0.7852992415428162","0.7852992415428162","3.625001907348633","3.625001907348633","3.625001907348633"
"17","0.2090826779603958","0.2090826779603958","0.2090826779603958","1.9519946575164795","1.9519946575164795","1.9519946575164795"
"18","0.20424403250217438","0.20424403250217438","0.20424403250217438","1.8203816413879395","1.8203816413879395","1.8203816413879395"
"19","0.19732895493507385","0.19732895493507385","0.19732895493507385","1.766615867614746","1.766615867614746","1.766615867614746"
"20","0.1887655109167099","0.1887655109167099","0.1887655109167099","1.7849199771881104","1.7849199771881104","1.7849199771881104"
"21","0.17956823110580444","0.17956823110580444","0.17956823110580444","1.7996022701263428","1.7996022701263428","1.7996022701263428"
"22","0.17190133035182953","0.17190133035182953","0.17190133035182953","1.80836820602417","1.80836820602417","1.80836820602417"
"23","0.16578969359397888","0.16578969359397888","0.16578969359397888","1.808725118637085","1.808725118637085","1.808725118637085"
"24","0.16077129542827606","0.16077129542827606","0.16077129542827606","1.7995737791061401","1.7995737791061401","1.7995737791061401"
"25","0.09813671559095383","0.09813671559095383","0.09813671559095383","1.4953062534332275","1.4953062534332275","1.4953062534332275"
"26","0.09481408447027206","0.09481408447027206","0.09481408447027206","1.471468448638916","1.471468448638916","1.471468448638916"
"27","0.0898493081331253","0.0898493081331253","0.0898493081331253","1.4398614168167114","1.4398614168167114","1.4398614168167114"
"28","0.08403249830007553","0.08403249830007553","0.08403249830007553","1.4103294610977173","1.4103294610977173","1.4103294610977173"
"29","0.07789146900177002","0.07789146900177002","0.07789146900177002","1.3944251537322998","1.3944251537322998","1.3944251537322998"
"30","0.07194248586893082","0.07194248586893082","0.07194248586893082","1.4057105779647827","1.4057105779647827","1.4057105779647827"
"31","0.06661317497491837","0.06661317497491837","0.06661317497491837","1.403468370437622","1.403468370437622","1.403468370437622"
"32","0.06175053492188454","0.06175053492188454","0.06175053492188454","1.375414490699768","1.375414490699768","1.375414490699768"
"33","0.10980493575334549","0.10980493575334549","0.10980493575334549","1.4649019241333008","1.4649019241333008","1.4649019241333008"
"34","0.10446961969137192","0.10446961969137192","0.10446961969137192","1.350318431854248","1.350318431854248","1.350318431854248"
"35","0.09685034304857254","0.09685034304857254","0.09685034304857254","1.3020659685134888","1.3020659685134888","1.3020659685134888"
"36","0.08785969763994217","0.08785969763994217","0.08785969763994217","1.3192812204360962","1.3192812204360962","1.3192812204360962"
"37","0.07843488454818726","0.07843488454818726","0.07843488454818726","1.3344025611877441","1.3344025611877441","1.3344025611877441"
"38","0.06932982057332993","0.06932982057332993","0.06932982057332993","1.3441287279129028","1.3441287279129028","1.3441287279129028"
"39","0.06183231994509697","0.06183231994509697","0.06183231994509697","1.3468207120895386","1.3468207120895386","1.3468207120895386"
"40","0.056014951318502426","0.056014951318502426","0.056014951318502426","1.3412911891937256","1.3412911891937256","1.3412911891937256"
"41","0.0642818808555603","0.0642818808555603","0.0642818808555603","1.2336788177490234","1.2336788177490234","1.2336788177490234"
"42","0.06136397272348404","0.06136397272348404","0.06136397272348404","1.21574866771698","1.21574866771698","1.21574866771698"
"43","0.05684648081660271","0.05684648081660271","0.05684648081660271","1.1907066106796265","1.1907066106796265","1.1907066106796265"
"44","0.05163312330842018","0.05163312330842018","0.05163312330842018","1.1633760929107666","1.1633760929107666","1.1633760929107666"
"45","0.04615413770079613","0.04615413770079613","0.04615413770079613","1.141631007194519","1.141631007194519","1.141631007194519"
"46","0.04073807969689369","0.04073807969689369","0.04073807969689369","1.1354873180389404","1.1354873180389404","1.1354873180389404"
"47","0.03586744889616966","0.03586744889616966","0.03586744889616966","1.1465829610824585","1.1465829610824585","1.1465829610824585"
"48","0.03159629553556442","0.03159629553556442","0.03159629553556442","1.1468862295150757","1.1468862295150757","1.1468862295150757"
"49","0.09854914993047714","0.09854914993047714","0.09854914993047714","1.5086188316345215","1.5086188316345215","1.5086188316345215"
"50","0.0946541354060173","0.0946541354060173","0.0946541354060173","1.4055248498916626","1.4055248498916626","1.4055248498916626"
"51","0.0887569710612297","0.0887569710612297","0.0887569710612297","1.3360941410064697","1.3360941410064697","1.3360941410064697"
"52","0.08116337656974792","0.08116337656974792","0.08116337656974792","1.3479499816894531","1.3479499816894531","1.3479499816894531"
"53","0.07297541946172714","0.07297541946172714","0.07297541946172714","1.3580212593078613","1.3580212593078613","1.3580212593078613"
"54","0.06535845249891281","0.06535845249891281","0.06535845249891281","1.3643182516098022","1.3643182516098022","1.3643182516098022"
"55","0.05930294096469879","0.05930294096469879","0.05930294096469879","1.3655849695205688","1.3655849695205688","1.3655849695205688"
"56","0.05444876104593277","0.05444876104593277","0.05444876104593277","1.3605698347091675","1.3605698347091675","1.3605698347091675"
"57","0.08158180117607117","0.08158180117607117","0.08158180117607117","1.304492712020874","1.304492712020874","1.304492712020874"
"58","0.07779709994792938","0.07779709994792938","0.07779709994792938","1.2900993824005127","1.2900993824005127","1.2900993824005127"
"59","0.07175128161907196","0.07175128161907196","0.07175128161907196","1.268632173538208","1.268632173538208","1.268632173538208"
"60","0.06495723128318787","0.06495723128318787","0.06495723128318787","1.2444912195205688","1.2444912195205688","1.2444912195205688"
"61","0.05754748731851578","0.05754748731851578","0.05754748731851578","1.2213695049285889","1.2213695049285889","1.2213695049285889"
"62","0.05061657354235649","0.05061657354235649","0.05061657354235649","1.215712308883667","1.215712308883667","1.215712308883667"
"63","0.04427992179989815","0.04427992179989815","0.04427992179989815","1.2273976802825928","1.2273976802825928","1.2273976802825928"
"64","0.03869999200105667","0.03869999200105667","0.03869999200105667","1.2189985513687134","1.2189985513687134","1.2189985513687134"
"65","0.12202530354261398","0.12202530354261398","0.12202530354261398","1.5549293756484985","1.5549293756484985","1.5549293756484985"
"66","0.11732605844736099","0.11732605844736099","0.11732605844736099","1.4342799186706543","1.4342799186706543","1.4342799186706543"
"67","0.1105257198214531","0.1105257198214531","0.1105257198214531","1.3695110082626343","1.3695110082626343","1.3695110082626343"
"68","0.10211866348981857","0.10211866348981857","0.10211866348981857","1.377118468284607","1.377118468284607","1.377118468284607"
"69","0.09297152608633041","0.09297152608633041","0.09297152608633041","1.38620126247406","1.38620126247406","1.38620126247406"
"70","0.08476801961660385","0.08476801961660385","0.08476801961660385","1.3956042528152466","1.3956042528152466","1.3956042528152466"
"71","0.07809270918369293","0.07809270918369293","0.07809270918369293","1.4006999731063843","1.4006999731063843","1.4006999731063843"
"72","0.07263147085905075","0.07263147085905075","0.07263147085905075","1.3994417190551758","1.3994417190551758","1.3994417190551758"
"73","0.09796124696731567","0.09796124696731567","0.09796124696731567","1.2414515018463135","1.2414515018463135","1.2414515018463135"
"74","0.0942578911781311","0.0942578911781311","0.0942578911781311","1.2268893718719482","1.2268893718719482","1.2268893718719482"
"75","0.08855580538511276","0.08855580538511276","0.08855580538511276","1.2039246559143066","1.2039246559143066","1.2039246559143066"
"76","0.08146055042743683","0.08146055042743683","0.08146055042743683","1.1765938997268677","1.1765938997268677","1.1765938997268677"
"77","0.07389572262763977","0.07389572262763977","0.07389572262763977","1.1489778757095337","1.1489778757095337","1.1489778757095337"
"78","0.06690414249897003","0.06690414249897003","0.06690414249897003","1.125168800354004","1.125168800354004","1.125168800354004"
"79","0.06038837507367134","0.06038837507367134","0.06038837507367134","1.1128073930740356","1.1128073930740356","1.1128073930740356"
"80","0.054663680493831635","0.054663680493831635","0.054663680493831635","1.1372638940811157","1.1372638940811157","1.1372638940811157"
"81","0.00002238154411315918","0.00002238154411315918","0.00002238154411315918","1.0311768054962158","1.0311768054962158","1.0311768054962158"
"82","-0.004278242588043213","-0.004278242588043213","-0.004278242588043213","0.9775883555412292","0.9775883555412292","0.9775883555412292"
"83","-0.010783463716506958","-0.010783463716506958","-0.010783463716506958","0.8927946090698242","0.8927946090698242","0.8927946090698242"
"84","-0.01849353313446045","-0.01849353313446045","-0.01849353313446045","0.8881970643997192","0.8881970643997192","0.8881970643997192"
"85","-0.027092039585113525","-0.027092039585113525","-0.027092039585113525","0.9003524780273438","0.9003524780273438","0.9003524780273438"
"86","-0.035196542739868164","-0.035196542739868164","-0.035196542739868164","0.9114511609077454","0.9114511609077454","0.9114511609077454"
"87","-0.04185265302658081","-0.04185265302658081","-0.04185265302658081","0.9189059138298035","0.9189059138298035","0.9189059138298035"
"88","-0.04732257127761841","-0.04732257127761841","-0.04732257127761841","0.9199827909469604","0.9199827909469604","0.9199827909469604"
"89","0.031601682305336","0.031601682305336","0.031601682305336","1.0735701322555542","1.0735701322555542","1.0735701322555542"
"90","0.027174292132258415","0.027174292132258415","0.027174292132258415","1.0615108013153076","1.0615108013153076","1.0615108013153076"
"91","0.020408445969223976","0.020408445969223976","0.020408445969223976","1.0416315793991089","1.0416315793991089","1.0416315793991089"
"92","0.012867490760982037","0.012867490760982037","0.012867490760982037","1.0179131031036377","1.0179131031036377","1.0179131031036377"
"93","0.005279965698719025","0.005279965698719025","0.005279965698719025","0.9936791658401489","0.9936791658401489","0.9936791658401489"
"94","-0.002129752654582262","-0.002129752654582262","-0.002129752654582262","0.9726769328117371","0.9726769328117371","0.9726769328117371"
"95","-0.008612623438239098","-0.008612623438239098","-0.008612623438239098","0.9675129652023315","0.9675129652023315","0.9675129652023315"
"96","-0.01446511223912239","-0.01446511223912239","-0.01446511223912239","0.9834559559822083","0.9834559559822083","0.9834559559822083"
"97","-0.004175938665866852","-0.004175938665866852","-0.004175938665866852","0.9429059028625488","0.9429059028625488","0.9429059028625488"
"98","-0.008567127399146557","-0.008567127399146557","-0.008567127399146557","0.8876186013221741","0.8876186013221741","0.8876186013221741"
"99","-0.015180040150880814","-0.015180040150880814","-0.015180040150880814","0.8063715696334839","0.8063715696334839","0.8063715696334839"
"100","-0.023401521146297455","-0.023401521146297455","-0.023401521146297455","0.8092094659805298","0.8092094659805298","0.8092094659805298"
"101","-0.03276253864169121","-0.03276253864169121","-0.03276253864169121","0.8204439878463745","0.8204439878463745","0.8204439878463745"
"102","-0.041961535811424255","-0.041961535811424255","-0.041961535811424255","0.8295440673828125","0.8295440673828125","0.8295440673828125"
"103","-0.04960610717535019","-0.04960610717535019","-0.04960610717535019","0.8345928192138672","0.8345928192138672","0.8345928192138672"
"104","-0.05584966018795967","-0.05584966018795967","-0.05584966018795967","0.8332815766334534","0.8332815766334534","0.8332815766334534"
"105","-0.0019837170839309692","-0.0019837170839309692","-0.0019837170839309692","0.9152773022651672","0.9152773022651672","0.9152773022651672"
"106","-0.0040381052531301975","-0.0040381052531301975","-0.0040381052531301975","0.900306224822998","0.900306224822998","0.900306224822998"
"107","-0.007671024184674025","-0.007671024184674025","-0.007671024184674025","0.8832972049713135","0.8832972049713135","0.8832972049713135"
"108","-0.012329325079917908","-0.012329325079917908","-0.012329325079917908","0.8650700449943542","0.8650700449943542","0.8650700449943542"
"109","-0.017314445227384567","-0.017314445227384567","-0.017314445227384567","0.8472055792808533","0.8472055792808533","0.8472055792808533"
"110","-0.022511562332510948","-0.022511562332510948","-0.022511562332510948","0.8329874277114868","0.8329874277114868","0.8329874277114868"
"111","-0.027470234781503677","-0.027470234781503677","-0.027470234781503677","0.8348562121391296","0.8348562121391296","0.8348562121391296"
"112","-0.031801193952560425","-0.031801193952560425","-0.031801193952560425","0.8408858776092529","0.8408858776092529","0.8408858776092529"
"113","0.027221089228987694","0.027221089228987694","0.027221089228987694","0.9771289825439453","0.9771289825439453","0.9771289825439453"
"114","0.023667074739933014","0.023667074739933014","0.023667074739933014","0.9035329222679138","0.9035329222679138","0.9035329222679138"
"115","0.018309349194169044","0.018309349194169044","0.018309349194169044","0.8260223865509033","0.8260223865509033","0.8260223865509033"
"116","0.010936046950519085","0.010936046950519085","0.010936046950519085","0.8321273922920227","0.8321273922920227","0.8321273922920227"
"117","0.0026966272853314877","0.0026966272853314877","0.0026966272853314877","0.8383309841156006","0.8383309841156006","0.8383309841156006"
"118","-0.005370128899812698","-0.005370128899812698","-0.005370128899812698","0.8429681062698364","0.8429681062698364","0.8429681062698364"
"119","-0.012476149015128613","-0.012476149015128613","-0.012476149015128613","0.8445982336997986","0.8445982336997986","0.8445982336997986"
"120","-0.01846601441502571","-0.01846601441502571","-0.01846601441502571","0.8420594930648804","0.8420594930648804","0.8420594930648804"
"121","-0.0017176397377625108","-0.0017176397377625108","-0.0017176397377625108","0.7216298580169678","0.7216298580169678","0.7216298580169678"
"122","-0.005791863426566124","-0.005791863426566124","-0.005791863426566124","0.7100300788879395","0.7100300788879395","0.7100300788879395"
"123","-0.012575301341712475","-0.012575301341712475","-0.012575301341712475","0.6912770867347717","0.6912770867347717","0.6912770867347717"
"124","-0.02039690501987934","-0.02039690501987934","-0.02039690501987934","0.6694324016571045","0.6694324016571045","0.6694324016571045"
"125","-0.028302554041147232","-0.028302554041147232","-0.028302554041147232","0.6476971507072449","0.6476971507072449","0.6476971507072449"
"126","-0.035987820476293564","-0.035987820476293564","-0.035987820476293564","0.630876362323761","0.630876362323761","0.630876362323761"
"127","-0.04306742176413536","-0.04306742176413536","-0.04306742176413536","0.6381447315216064","0.6381447315216064","0.6381447315216064"
"128","-0.04933701455593109","-0.04933701455593109","-0.04933701455593109","0.6444301009178162","0.6444301009178162","0.6444301009178162"
"129","0.012702111154794693","0.012702111154794693","0.012702111154794693","0.882245659828186","0.882245659828186","0.882245659828186"
"130","0.0081173712387681","0.0081173712387681","0.0081173712387681","0.8059088587760925","0.8059088587760925","0.8059088587760925"
"131","0.0011217115679755807","0.0011217115679755807","0.0011217115679755807","0.7375515103340149","0.7375515103340149","0.7375515103340149"
"132","-0.007839785888791084","-0.007839785888791084","-0.007839785888791084","0.7429612874984741","0.7429612874984741","0.7429612874984741"
"133","-0.01756373420357704","-0.01756373420357704","-0.01756373420357704","0.7483711242675781","0.7483711242675781","0.7483711242675781"
"134","-0.02603256143629551","-0.02603256143629551","-0.02603256143629551","0.753042995929718","0.753042995929718","0.753042995929718"
"135","-0.032973311841487885","-0.032973311841487885","-0.032973311841487885","0.754784882068634","0.754784882068634","0.754784882068634"
"136","-0.03849795460700989","-0.03849795460700989","-0.03849795460700989","0.7520674467086792","0.7520674467086792","0.7520674467086792"
"137","-0.00109100341796875","-0.00109100341796875","-0.00109100341796875","0.5828166007995605","0.5828166007995605","0.5828166007995605"
"138","-0.0051305294036865234","-0.0051305294036865234","-0.0051305294036865234","0.5702471733093262","0.5702471733093262","0.5702471733093262"
"139","-0.011499270796775818","-0.011499270796775818","-0.011499270796775818","0.5511337518692017","0.5511337518692017","0.5511337518692017"
"140","-0.018605947494506836","-0.018605947494506836","-0.018605947494506836","0.5297424793243408","0.5297424793243408","0.5297424793243408"
"141","-0.02562333643436432","-0.02562333643436432","-0.02562333643436432","0.5099986791610718","0.5099986791610718","0.5099986791610718"
"142","-0.03232985734939575","-0.03232985734939575","-0.03232985734939575","0.49539732933044434","0.49539732933044434","0.49539732933044434"
"143","-0.038308560848236084","-0.038308560848236084","-0.038308560848236084","0.49618178606033325","0.49618178606033325","0.49618178606033325"
"144","-0.04349014163017273","-0.04349014163017273","-0.04349014163017273","0.5064356327056885","0.5064356327056885","0.5064356327056885"
"145","0.0069033000618219376","0.0069033000618219376","0.0069033000618219376","0.6832538843154907","0.6832538843154907","0.6832538843154907"
"146","0.001556396484375","0.001556396484375","0.001556396484375","0.6253647208213806","0.6253647208213806","0.6253647208213806"
"147","-0.004583550151437521","-0.004583550151437521","-0.004583550151437521","0.5569466352462769","0.5569466352462769","0.5569466352462769"
"148","-0.011941135860979557","-0.011941135860979557","-0.011941135860979557","0.5626282691955566","0.5626282691955566","0.5626282691955566"
"149","-0.019582189619541168","-0.019582189619541168","-0.019582189619541168","0.5693989396095276","0.5693989396095276","0.5693989396095276"
"150","-0.026945795863866806","-0.026945795863866806","-0.026945795863866806","0.5738152265548706","0.5738152265548706","0.5738152265548706"
"151","-0.03318357840180397","-0.03318357840180397","-0.03318357840180397","0.574425220489502","0.574425220489502","0.574425220489502"
"152","-0.03823038935661316","-0.03823038935661316","-0.03823038935661316","0.5700840950012207","0.5700840950012207","0.5700840950012207"
"153","-0.00191865477245301","-0.00191865477245301","-0.00191865477245301","0.708301842212677","0.708301842212677","0.708301842212677"
"154","-0.005152652971446514","-0.005152652971446514","-0.005152652971446514","0.6989937424659729","0.6989937424659729","0.6989937424659729"
"155","-0.010526580736041069","-0.010526580736041069","-0.010526580736041069","0.6852336525917053","0.6852336525917053","0.6852336525917053"
"156","-0.017106832936406136","-0.017106832936406136","-0.017106832936406136","0.6693947315216064","0.6693947315216064","0.6693947315216064"
"157","-0.023649943992495537","-0.023649943992495537","-0.023649943992495537","0.6542148590087891","0.6542148590087891","0.6542148590087891"
"158","-0.029704701155424118","-0.029704701155424118","-0.029704701155424118","0.6464808583259583","0.6464808583259583","0.6464808583259583"
"159","-0.03552180528640747","-0.03552180528640747","-0.03552180528640747","0.6521393060684204","0.6521393060684204","0.6521393060684204"
"160","-0.04073256999254227","-0.04073256999254227","-0.04073256999254227","0.6453520059585571","0.6453520059585571","0.6453520059585571"
"161","-0.0012147993547841907","-0.0012147993547841907","-0.0012147993547841907","0.6881175637245178","0.6881175637245178","0.6881175637245178"
"162","-0.005827947985380888","-0.005827947985380888","-0.005827947985380888","0.6102869510650635","0.6102869510650635","0.6102869510650635"
"163","-0.013151093386113644","-0.013151093386113644","-0.013151093386113644","0.5556961894035339","0.5556961894035339","0.5556961894035339"
"164","-0.02212822623550892","-0.02212822623550892","-0.02212822623550892","0.5617417693138123","0.5617417693138123","0.5617417693138123"
"165","-0.03200657293200493","-0.03200657293200493","-0.03200657293200493","0.5678770542144775","0.5678770542144775","0.5678770542144775"
"166","-0.041081298142671585","-0.041081298142671585","-0.041081298142671585","0.5728529691696167","0.5728529691696167","0.5728529691696167"
"167","-0.048394825309515","-0.048394825309515","-0.048394825309515","0.5747047066688538","0.5747047066688538","0.5747047066688538"
"168","-0.054335810244083405","-0.054335810244083405","-0.054335810244083405","0.5712928771972656","0.5712928771972656","0.5712928771972656"
"169","0.023466579616069794","0.023466579616069794","0.023466579616069794","0.6693143844604492","0.6693143844604492","0.6693143844604492"
"170","0.019395599141716957","0.019395599141716957","0.019395599141716957","0.6567102670669556","0.6567102670669556","0.6567102670669556"
"171","0.01287082303315401","0.01287082303315401","0.01287082303315401","0.6379772424697876","0.6379772424697876","0.6379772424697876"
"172","0.005053713917732239","0.005053713917732239","0.005053713917732239","0.616666316986084","0.616666316986084","0.616666316986084"
"173","-0.0028478794265538454","-0.0028478794265538454","-0.0028478794265538454","0.5960955619812012","0.5960955619812012","0.5960955619812012"
"174","-0.010366309434175491","-0.010366309434175491","-0.010366309434175491","0.5786088705062866","0.5786088705062866","0.5786088705062866"
"175","-0.016805332154035568","-0.016805332154035568","-0.016805332154035568","0.5839576125144958","0.5839576125144958","0.5839576125144958"
"176","-0.022685496136546135","-0.022685496136546135","-0.022685496136546135","0.5915453433990479","0.5915453433990479","0.5915453433990479"
"177","-0.0021626015659421682","-0.0021626015659421682","-0.0021626015659421682","0.5127935409545898","0.5127935409545898","0.5127935409545898"
"178","-0.008058490231633186","-0.008058490231633186","-0.008058490231633186","0.4484136402606964","0.4484136402606964","0.4484136402606964"
"179","-0.015483584254980087","-0.015483584254980087","-0.015483584254980087","0.3926069140434265","0.3926069140434265","0.3926069140434265"
"180","-0.024229494854807854","-0.024229494854807854","-0.024229494854807854","0.3940122723579407","0.3940122723579407","0.3940122723579407"
"181","-0.03318075090646744","-0.03318075090646744","-0.03318075090646744","0.3950664699077606","0.3950664699077606","0.3950664699077606"
"182","-0.04124652221798897","-0.04124652221798897","-0.04124652221798897","0.39549362659454346","0.39549362659454346","0.39549362659454346"
"183","-0.047805726528167725","-0.047805726528167725","-0.047805726528167725","0.3940489888191223","0.3940489888191223","0.3940489888191223"
"184","-0.05282549560070038","-0.05282549560070038","-0.05282549560070038","0.38990938663482666","0.38990938663482666","0.38990938663482666"
"185","0.04053662717342377","0.04053662717342377","0.04053662717342377","0.5744139552116394","0.5744139552116394","0.5744139552116394"
"186","0.03709012269973755","0.03709012269973755","0.03709012269973755","0.5658630132675171","0.5658630132675171","0.5658630132675171"
"187","0.03170811012387276","0.03170811012387276","0.03170811012387276","0.5522581934928894","0.5522581934928894","0.5522581934928894"
"188","0.02519574761390686","0.02519574761390686","0.02519574761390686","0.5361136198043823","0.5361136198043823","0.5361136198043823"
"189","0.018328767269849777","0.018328767269849777","0.018328767269849777","0.5197792649269104","0.5197792649269104","0.5197792649269104"
"190","0.01157333329319954","0.01157333329319954","0.01157333329319954","0.5053765773773193","0.5053765773773193","0.5053765773773193"
"191","0.005220880266278982","0.005220880266278982","0.005220880266278982","0.5017246007919312","0.5017246007919312","0.5017246007919312"
"192","-0.0005312676075845957","-0.0005312676075845957","-0.0005312676075845957","0.5105929374694824","0.5105929374694824","0.5105929374694824"
"193","0.04896104708313942","0.04896104708313942","0.04896104708313942","0.688349723815918","0.688349723815918","0.688349723815918"
"194","0.04496406763792038","0.04496406763792038","0.04496406763792038","0.6166399717330933","0.6166399717330933","0.6166399717330933"
"195","0.0389714241027832","0.0389714241027832","0.0389714241027832","0.5482733845710754","0.5482733845710754","0.5482733845710754"
"196","0.03087419457733631","0.03087419457733631","0.03087419457733631","0.5490410327911377","0.5490410327911377","0.5490410327911377"
"197","0.02229394018650055","0.02229394018650055","0.02229394018650055","0.5511277318000793","0.5511277318000793","0.5511277318000793"
"198","0.014573739841580391","0.014573739841580391","0.014573739841580391","0.5539743304252625","0.5539743304252625","0.5539743304252625"
"199","0.007850022986531258","0.007850022986531258","0.007850022986531258","0.555666983127594","0.555666983127594","0.555666983127594"
"200","0.0023453100584447384","0.0023453100584447384","0.0023453100584447384","0.5547944903373718","0.5547944903373718","0.5547944903373718"
"201","-0.003758614184334874","-0.003758614184334874","-0.003758614184334874","0.5701882243156433","0.5701882243156433","0.5701882243156433"
"202","-0.006848078686743975","-0.006848078686743975","-0.006848078686743975","0.5627883672714233","0.5627883672714233","0.5627883672714233"
"203","-0.011750594712793827","-0.011750594712793827","-0.011750594712793827","0.5489349365234375","0.5489349365234375","0.5489349365234375"
"204","-0.017698360607028008","-0.017698360607028008","-0.017698360607028008","0.5316170454025269","0.5316170454025269","0.5316170454025269"
"205","-0.02396535314619541","-0.02396535314619541","-0.02396535314619541","0.5137298107147217","0.5137298107147217","0.5137298107147217"
"206","-0.03001551516354084","-0.03001551516354084","-0.03001551516354084","0.49781137704849243","0.49781137704849243","0.49781137704849243"
"207","-0.03559781610965729","-0.03559781610965729","-0.03559781610965729","0.48732513189315796","0.48732513189315796","0.48732513189315796"
"208","-0.04066697135567665","-0.04066697135567665","-0.04066697135567665","0.48955801129341125","0.48955801129341125","0.48955801129341125"
"209","0.03790537267923355","0.03790537267923355","0.03790537267923355","0.6453596949577332","0.6453596949577332","0.6453596949577332"
"210","0.03224819898605347","0.03224819898605347","0.03224819898605347","0.6000449657440186","0.6000449657440186","0.6000449657440186"
"211","0.023764219135046005","0.023764219135046005","0.023764219135046005","0.5166593790054321","0.5166593790054321","0.5166593790054321"
"212","0.014415052719414234","0.014415052719414234","0.014415052719414234","0.5005205869674683","0.5005205869674683","0.5005205869674683"
"213","0.004778201226145029","0.004778201226145029","0.004778201226145029","0.5047982931137085","0.5047982931137085","0.5047982931137085"
"214","-0.0044617801904678345","-0.0044617801904678345","-0.0044617801904678345","0.510945737361908","0.510945737361908","0.510945737361908"
"215","-0.012568779289722443","-0.012568779289722443","-0.012568779289722443","0.5167719125747681","0.5167719125747681","0.5167719125747681"
"216","-0.019353443756699562","-0.019353443756699562","-0.019353443756699562","0.5196251273155212","0.5196251273155212","0.5196251273155212"
"217","-0.0056856367737054825","-0.0056856367737054825","-0.0056856367737054825","0.537383496761322","0.537383496761322","0.537383496761322"
"218","-0.009155452251434326","-0.009155452251434326","-0.009155452251434326","0.5306169986724854","0.5306169986724854","0.5306169986724854"
"219","-0.014772939495742321","-0.014772939495742321","-0.014772939495742321","0.5152667760848999","0.5152667760848999","0.5152667760848999"
"220","-0.021658292040228844","-0.021658292040228844","-0.021658292040228844","0.49499690532684326","0.49499690532684326","0.49499690532684326"
"221","-0.029011821374297142","-0.029011821374297142","-0.029011821374297142","0.47357264161109924","0.47357264161109924","0.47357264161109924"
"222","-0.035810258239507675","-0.035810258239507675","-0.035810258239507675","0.4574500620365143","0.4574500620365143","0.4574500620365143"
"223","-0.041439082473516464","-0.041439082473516464","-0.041439082473516464","0.44695284962654114","0.44695284962654114","0.44695284962654114"
"224","-0.04615060240030289","-0.04615060240030289","-0.04615060240030289","0.44027775526046753","0.44027775526046753","0.44027775526046753"
"225","-0.0028398798312991858","-0.0028398798312991858","-0.0028398798312991858","0.5837568640708923","0.5837568640708923","0.5837568640708923"
"226","-0.007445408962666988","-0.007445408962666988","-0.007445408962666988","0.5603150129318237","0.5603150129318237","0.5603150129318237"
"227","-0.014770328998565674","-0.014770328998565674","-0.014770328998565674","0.49099570512771606","0.49099570512771606","0.49099570512771606"
"228","-0.023820118978619576","-0.023820118978619576","-0.023820118978619576","0.4389861226081848","0.4389861226081848","0.4389861226081848"
"229","-0.033848363906145096","-0.033848363906145096","-0.033848363906145096","0.43812108039855957","0.43812108039855957","0.43812108039855957"
"230","-0.044010285288095474","-0.044010285288095474","-0.044010285288095474","0.4386512041091919","0.4386512041091919","0.4386512041091919"
"231","-0.05270078405737877","-0.05270078405737877","-0.05270078405737877","0.4404888153076172","0.4404888153076172","0.4404888153076172"
"232","-0.059752315282821655","-0.059752315282821655","-0.059752315282821655","0.44181200861930847","0.44181200861930847","0.44181200861930847"
"233","0.0007133670733310282","0.0007133670733310282","0.0007133670733310282","0.4522973597049713","0.4522973597049713","0.4522973597049713"
"234","-0.0037425728514790535","-0.0037425728514790535","-0.0037425728514790535","0.44830453395843506","0.44830453395843506","0.44830453395843506"
"235","-0.009588273242115974","-0.009588273242115974","-0.009588273242115974","0.4392315745353699","0.4392315745353699","0.4392315745353699"
"236","-0.016618359833955765","-0.016618359833955765","-0.016618359833955765","0.42615190148353577","0.42615190148353577","0.42615190148353577"
"237","-0.023692969232797623","-0.023692969232797623","-0.023692969232797623","0.4114696681499481","0.4114696681499481","0.4114696681499481"
"238","-0.03045123815536499","-0.03045123815536499","-0.03045123815536499","0.3968163728713989","0.3968163728713989","0.3968163728713989"
"239","-0.03637947887182236","-0.03637947887182236","-0.03637947887182236","0.3836956024169922","0.3836956024169922","0.3836956024169922"
"240","-0.04166436940431595","-0.04166436940431595","-0.04166436940431595","0.3733232915401459","0.3733232915401459","0.3733232915401459"
"241","-0.0011772301513701677","-0.0011772301513701677","-0.0011772301513701677","0.5433962345123291","0.5433962345123291","0.5433962345123291"
"242","-0.004978539422154427","-0.004978539422154427","-0.004978539422154427","0.5160982012748718","0.5160982012748718","0.5160982012748718"
"243","-0.011091283522546291","-0.011091283522546291","-0.011091283522546291","0.44623443484306335","0.44623443484306335","0.44623443484306335"
"244","-0.01870366744697094","-0.01870366744697094","-0.01870366744697094","0.40153470635414124","0.40153470635414124","0.40153470635414124"
"245","-0.027032848447561264","-0.027032848447561264","-0.027032848447561264","0.402668833732605","0.402668833732605","0.402668833732605"
"246","-0.03475669026374817","-0.03475669026374817","-0.03475669026374817","0.40569040179252625","0.40569040179252625","0.40569040179252625"
"247","-0.04157084599137306","-0.04157084599137306","-0.04157084599137306","0.4088882505893707","0.4088882505893707","0.4088882505893707"
"248","-0.04725594073534012","-0.04725594073534012","-0.04725594073534012","0.4105967581272125","0.4105967581272125","0.4105967581272125"
"249","-0.00020700047025457025","-0.00020700047025457025","-0.00020700047025457025","0.49929097294807434","0.49929097294807434","0.49929097294807434"
"250","-0.004588226787745953","-0.004588226787745953","-0.004588226787745953","0.4959046542644501","0.4959046542644501","0.4959046542644501"
"251","-0.011326913721859455","-0.011326913721859455","-0.011326913721859455","0.4860022962093353","0.4860022962093353","0.4860022962093353"
"252","-0.019338300451636314","-0.019338300451636314","-0.019338300451636314","0.4715433120727539","0.4715433120727539","0.4715433120727539"
"253","-0.027930699288845062","-0.027930699288845062","-0.027930699288845062","0.45455366373062134","0.45455366373062134","0.45455366373062134"
"254","-0.036093778908252716","-0.036093778908252716","-0.036093778908252716","0.43742671608924866","0.43742671608924866","0.43742671608924866"
"255","-0.0435684509575367","-0.0435684509575367","-0.0435684509575367","0.4215182065963745","0.4215182065963745","0.4215182065963745"
"256","-0.0502316951751709","-0.0502316951751709","-0.0502316951751709","0.4079835116863251","0.4079835116863251","0.4079835116863251"
"257","-0.004543970339000225","-0.004543970339000225","-0.004543970339000225","0.4153517782688141","0.4153517782688141","0.4153517782688141"
"258","-0.008097037672996521","-0.008097037672996521","-0.008097037672996521","0.40590202808380127","0.40590202808380127","0.40590202808380127"
"259","-0.013711152598261833","-0.013711152598261833","-0.013711152598261833","0.3590366542339325","0.3590366542339325","0.3590366542339325"
"260","-0.02046963945031166","-0.02046963945031166","-0.02046963945031166","0.30378827452659607","0.30378827452659607","0.30378827452659607"
"261","-0.028113389387726784","-0.028113389387726784","-0.028113389387726784","0.300341933965683","0.300341933965683","0.300341933965683"
"262","-0.03515544533729553","-0.03515544533729553","-0.03515544533729553","0.3049130439758301","0.3049130439758301","0.3049130439758301"
"263","-0.04150857776403427","-0.04150857776403427","-0.04150857776403427","0.30969563126564026","0.30969563126564026","0.30969563126564026"
"264","-0.0468933992087841","-0.0468933992087841","-0.0468933992087841","0.31223851442337036","0.31223851442337036","0.31223851442337036"
"265","-0.0011224416084587574","-0.0011224416084587574","-0.0011224416084587574","0.4161413311958313","0.4161413311958313","0.4161413311958313"
"266","-0.0054564145393669605","-0.0054564145393669605","-0.0054564145393669605","0.41169869899749756","0.41169869899749756","0.41169869899749756"
"267","-0.01203625462949276","-0.01203625462949276","-0.01203625462949276","0.4005080759525299","0.4005080759525299","0.4005080759525299"
"268","-0.019303686916828156","-0.019303686916828156","-0.019303686916828156","0.3855002820491791","0.3855002820491791","0.3855002820491791"
"269","-0.026386747136712074","-0.026386747136712074","-0.026386747136712074","0.3692449927330017","0.3692449927330017","0.3692449927330017"
"270","-0.033368758857250214","-0.033368758857250214","-0.033368758857250214","0.35424426198005676","0.35424426198005676","0.35424426198005676"
"271","-0.03960138186812401","-0.03960138186812401","-0.03960138186812401","0.3431851267814636","0.3431851267814636","0.3431851267814636"
"272","-0.04512389749288559","-0.04512389749288559","-0.04512389749288559","0.3368920683860779","0.3368920683860779","0.3368920683860779"
"273","-0.00000356137752532959","-0.00000356137752532959","-0.00000356137752532959","0.37895798683166504","0.37895798683166504","0.37895798683166504"
"274","-0.004590556025505066","-0.004590556025505066","-0.004590556025505066","0.3571135997772217","0.3571135997772217","0.3571135997772217"
"275","-0.01180325448513031","-0.01180325448513031","-0.01180325448513031","0.30121034383773804","0.30121034383773804","0.30121034383773804"
"276","-0.020527631044387817","-0.020527631044387817","-0.020527631044387817","0.25718340277671814","0.25718340277671814","0.25718340277671814"
"277","-0.03008420765399933","-0.03008420765399933","-0.03008420765399933","0.2557333707809448","0.2557333707809448","0.2557333707809448"
"278","-0.03945112228393555","-0.03945112228393555","-0.03945112228393555","0.2558281421661377","0.2558281421661377","0.2558281421661377"
"279","-0.04734666645526886","-0.04734666645526886","-0.04734666645526886","0.25702816247940063","0.25702816247940063","0.25702816247940063"
"280","-0.05391676723957062","-0.05391676723957062","-0.05391676723957062","0.2573530673980713","0.2573530673980713","0.2573530673980713"
"281","0.001974250189960003","0.001974250189960003","0.001974250189960003","0.3753845691680908","0.3753845691680908","0.3753845691680908"
"282","-0.001651780679821968","-0.001651780679821968","-0.001651780679821968","0.371564656496048","0.371564656496048","0.371564656496048"
"283","-0.007691532839089632","-0.007691532839089632","-0.007691532839089632","0.36240649223327637","0.36240649223327637","0.36240649223327637"
"284","-0.014945324510335922","-0.014945324510335922","-0.014945324510335922","0.34992408752441406","0.34992408752441406","0.34992408752441406"
"285","-0.02263582870364189","-0.02263582870364189","-0.02263582870364189","0.33608394861221313","0.33608394861221313","0.33608394861221313"
"286","-0.030186014249920845","-0.030186014249920845","-0.030186014249920845","0.3225586414337158","0.3225586414337158","0.3225586414337158"
"287","-0.036715298891067505","-0.036715298891067505","-0.036715298891067505","0.3116009831428528","0.3116009831428528","0.3116009831428528"
"288","-0.04242793098092079","-0.04242793098092079","-0.04242793098092079","0.3050578236579895","0.3050578236579895","0.3050578236579895"
"289","0.008222137577831745","0.008222137577831745","0.008222137577831745","0.3639146685600281","0.3639146685600281","0.3639146685600281"
"290","0.0032078102231025696","0.0032078102231025696","0.0032078102231025696","0.33687710762023926","0.33687710762023926","0.33687710762023926"
"291","-0.004991190508008003","-0.004991190508008003","-0.004991190508008003","0.27453163266181946","0.27453163266181946","0.27453163266181946"
"292","-0.01479626540094614","-0.01479626540094614","-0.01479626540094614","0.23683036863803864","0.23683036863803864","0.23683036863803864"
"293","-0.024365093559026718","-0.024365093559026718","-0.024365093559026718","0.23485475778579712","0.23485475778579712","0.23485475778579712"
"294","-0.03311080485582352","-0.03311080485582352","-0.03311080485582352","0.2356286644935608","0.2356286644935608","0.2356286644935608"
"295","-0.04073852673172951","-0.04073852673172951","-0.04073852673172951","0.23789912462234497","0.23789912462234497","0.23789912462234497"
"296","-0.04722009226679802","-0.04722009226679802","-0.04722009226679802","0.2396203726530075","0.2396203726530075","0.2396203726530075"
"297","0.03146705403923988","0.03146705403923988","0.03146705403923988","0.3687562346458435","0.3687562346458435","0.3687562346458435"
"298","0.027374299243092537","0.027374299243092537","0.027374299243092537","0.3644134998321533","0.3644134998321533","0.3644134998321533"
"299","0.020885076373815536","0.020885076373815536","0.020885076373815536","0.35196658968925476","0.35196658968925476","0.35196658968925476"
"300","0.01343268621712923","0.01343268621712923","0.01343268621712923","0.33470746874809265","0.33470746874809265","0.33470746874809265"
"301","0.006204312201589346","0.006204312201589346","0.006204312201589346","0.3161728084087372","0.3161728084087372","0.3161728084087372"
"302","-0.0005865475395694375","-0.0005865475395694375","-0.0005865475395694375","0.2986029386520386","0.2986029386520386","0.2986029386520386"
"303","-0.006929678842425346","-0.006929678842425346","-0.006929678842425346","0.2833312451839447","0.2833312451839447","0.2833312451839447"
"304","-0.012584596872329712","-0.012584596872329712","-0.012584596872329712","0.2723279595375061","0.2723279595375061","0.2723279595375061"
"305","-0.003225521417334676","-0.003225521417334676","-0.003225521417334676","0.2925020754337311","0.2925020754337311","0.2925020754337311"
"306","-0.008887166157364845","-0.008887166157364845","-0.008887166157364845","0.28532034158706665","0.28532034158706665","0.28532034158706665"
"307","-0.01704377681016922","-0.01704377681016922","-0.01704377681016922","0.2434641420841217","0.2434641420841217","0.2434641420841217"
"308","-0.025745807215571404","-0.025745807215571404","-0.025745807215571404","0.19043205678462982","0.19043205678462982","0.19043205678462982"
"309","-0.03442149981856346","-0.03442149981856346","-0.03442149981856346","0.18203522264957428","0.18203522264957428","0.18203522264957428"
"310","-0.04266975075006485","-0.04266975075006485","-0.04266975075006485","0.1852305829524994","0.1852305829524994","0.1852305829524994"
"311","-0.04979346692562103","-0.04979346692562103","-0.04979346692562103","0.18976041674613953","0.18976041674613953","0.18976041674613953"
"312","-0.05530967190861702","-0.05530967190861702","-0.05530967190861702","0.19318072497844696","0.19318072497844696","0.19318072497844696"
"313","0.0038575977087020874","0.0038575977087020874","0.0038575977087020874","0.23656615614891052","0.23656615614891052","0.23656615614891052"
"314","0.0004300624132156372","0.0004300624132156372","0.0004300624132156372","0.23180098831653595","0.23180098831653595","0.23180098831653595"
"315","-0.005372539162635803","-0.005372539162635803","-0.005372539162635803","0.21994811296463013","0.21994811296463013","0.21994811296463013"
"316","-0.011947393417358398","-0.011947393417358398","-0.011947393417358398","0.20455755293369293","0.20455755293369293","0.20455755293369293"
"317","-0.01893611252307892","-0.01893611252307892","-0.01893611252307892","0.188168004155159","0.188168004155159","0.188168004155159"
"318","-0.025927141308784485","-0.025927141308784485","-0.025927141308784485","0.17449037730693817","0.17449037730693817","0.17449037730693817"
"319","-0.03262796998023987","-0.03262796998023987","-0.03262796998023987","0.16466395556926727","0.16466395556926727","0.16466395556926727"
"320","-0.038127362728118896","-0.038127362728118896","-0.038127362728118896","0.16213102638721466","0.16213102638721466","0.16213102638721466"
"321","-0.000009387731552124023","-0.000009387731552124023","-0.000009387731552124023","0.2915082275867462","0.2915082275867462","0.2915082275867462"
"322","-0.0049002766609191895","-0.0049002766609191895","-0.0049002766609191895","0.2659352719783783","0.2659352719783783","0.2659352719783783"
"323","-0.012410715222358704","-0.012410715222358704","-0.012410715222358704","0.21340546011924744","0.21340546011924744","0.21340546011924744"
"324","-0.02199365198612213","-0.02199365198612213","-0.02199365198612213","0.1815357208251953","0.1815357208251953","0.1815357208251953"
"325","-0.0325239896774292","-0.0325239896774292","-0.0325239896774292","0.18033263087272644","0.18033263087272644","0.18033263087272644"
"326","-0.04222393035888672","-0.04222393035888672","-0.04222393035888672","0.18113279342651367","0.18113279342651367","0.18113279342651367"
"327","-0.050405263900756836","-0.050405263900756836","-0.050405263900756836","0.1822984665632248","0.1822984665632248","0.1822984665632248"
"328","-0.05679120123386383","-0.05679120123386383","-0.05679120123386383","0.1818665713071823","0.1818665713071823","0.1818665713071823"
"329","0.002557709813117981","0.002557709813117981","0.002557709813117981","0.2683348059654236","0.2683348059654236","0.2683348059654236"
"330","-0.0010032802820205688","-0.0010032802820205688","-0.0010032802820205688","0.2602912187576294","0.2602912187576294","0.2602912187576294"
"331","-0.007051363587379456","-0.007051363587379456","-0.007051363587379456","0.24492107331752777","0.24492107331752777","0.24492107331752777"
"332","-0.014054372906684875","-0.014054372906684875","-0.014054372906684875","0.2263702005147934","0.2263702005147934","0.2263702005147934"
"333","-0.020895972847938538","-0.020895972847938538","-0.020895972847938538","0.2081570327281952","0.2081570327281952","0.2081570327281952"
"334","-0.027909323573112488","-0.027909323573112488","-0.027909323573112488","0.19265179336071014","0.19265179336071014","0.19265179336071014"
"335","-0.03454555571079254","-0.03454555571079254","-0.03454555571079254","0.18670973181724548","0.18670973181724548","0.18670973181724548"
"336","-0.040585070848464966","-0.040585070848464966","-0.040585070848464966","0.19461551308631897","0.19461551308631897","0.19461551308631897"
"337","0.000029608607292175293","0.000029608607292175293","0.000029608607292175293","0.19708968698978424","0.19708968698978424","0.19708968698978424"
"338","-0.003682747483253479","-0.003682747483253479","-0.003682747483253479","0.16927684843540192","0.16927684843540192","0.16927684843540192"
"339","-0.009497970342636108","-0.009497970342636108","-0.009497970342636108","0.12747320532798767","0.12747320532798767","0.12747320532798767"
"340","-0.016358748078346252","-0.016358748078346252","-0.016358748078346252","0.11332006752490997","0.11332006752490997","0.11332006752490997"
"341","-0.023808740079402924","-0.023808740079402924","-0.023808740079402924","0.1154928132891655","0.1154928132891655","0.1154928132891655"
"342","-0.030594676733016968","-0.030594676733016968","-0.030594676733016968","0.11818200349807739","0.11818200349807739","0.11818200349807739"
"343","-0.03655717149376869","-0.03655717149376869","-0.03655717149376869","0.11904528737068176","0.11904528737068176","0.11904528737068176"
"344","-0.04180879518389702","-0.04180879518389702","-0.04180879518389702","0.11641530692577362","0.11641530692577362","0.11641530692577362"
"345","0.0007427093805745244","0.0007427093805745244","0.0007427093805745244","0.18662019073963165","0.18662019073963165","0.18662019073963165"
"346","-0.0030281010549515486","-0.0030281010549515486","-0.0030281010549515486","0.17730112373828888","0.17730112373828888","0.17730112373828888"
"347","-0.0092236939817667","-0.0092236939817667","-0.0092236939817667","0.16243059933185577","0.16243059933185577","0.16243059933185577"
"348","-0.016064632683992386","-0.016064632683992386","-0.016064632683992386","0.14611747860908508","0.14611747860908508","0.14611747860908508"
"349","-0.023137344047427177","-0.023137344047427177","-0.023137344047427177","0.1317397505044937","0.1317397505044937","0.1317397505044937"
"350","-0.030226513743400574","-0.030226513743400574","-0.030226513743400574","0.12277981638908386","0.12277981638908386","0.12277981638908386"
"351","-0.03707025945186615","-0.03707025945186615","-0.03707025945186615","0.12282389402389526","0.12282389402389526","0.12282389402389526"
"352","-0.043373558670282364","-0.043373558670282364","-0.043373558670282364","0.12001138925552368","0.12001138925552368","0.12001138925552368"
"353","0.000880296400282532","0.000880296400282532","0.000880296400282532","0.28396928310394287","0.28396928310394287","0.28396928310394287"
"354","-0.0028707406017929316","-0.0028707406017929316","-0.0028707406017929316","0.23666104674339294","0.23666104674339294","0.23666104674339294"
"355","-0.009116731584072113","-0.009116731584072113","-0.009116731584072113","0.18793413043022156","0.18793413043022156","0.18793413043022156"
"356","-0.01753317564725876","-0.01753317564725876","-0.01753317564725876","0.18696975708007812","0.18696975708007812","0.18696975708007812"
"357","-0.026585545390844345","-0.026585545390844345","-0.026585545390844345","0.18715837597846985","0.18715837597846985","0.18715837597846985"
"358","-0.034617651253938675","-0.034617651253938675","-0.034617651253938675","0.18822380900382996","0.18822380900382996","0.18822380900382996"
"359","-0.04168631136417389","-0.04168631136417389","-0.04168631136417389","0.18766885995864868","0.18766885995864868","0.18766885995864868"
"360","-0.04765903204679489","-0.04765903204679489","-0.04765903204679489","0.18395784497261047","0.18395784497261047","0.18395784497261047"
"361","0.0013616234064102173","0.0013616234064102173","0.0013616234064102173","0.2835693955421448","0.2835693955421448","0.2835693955421448"
"362","-0.0018011033535003662","-0.0018011033535003662","-0.0018011033535003662","0.2754310965538025","0.2754310965538025","0.2754310965538025"
"363","-0.007056102156639099","-0.007056102156639099","-0.007056102156639099","0.26334160566329956","0.26334160566329956","0.26334160566329956"
"364","-0.013625696301460266","-0.013625696301460266","-0.013625696301460266","0.24969618022441864","0.24969618022441864","0.24969618022441864"
"365","-0.020383894443511963","-0.020383894443511963","-0.020383894443511963","0.2367558479309082","0.2367558479309082","0.2367558479309082"
"366","-0.026911288499832153","-0.026911288499832153","-0.026911288499832153","0.22732007503509521","0.22732007503509521","0.22732007503509521"
"367","-0.03313864767551422","-0.03313864767551422","-0.03313864767551422","0.23141412436962128","0.23141412436962128","0.23141412436962128"
"368","-0.0390351265668869","-0.0390351265668869","-0.0390351265668869","0.22832466661930084","0.22832466661930084","0.22832466661930084"
"369","0.0000070445239543914795","0.0000070445239543914795","0.0000070445239543914795","0.22521178424358368","0.22521178424358368","0.22521178424358368"
"370","-0.004018569365143776","-0.004018569365143776","-0.004018569365143776","0.17837756872177124","0.17837756872177124","0.17837756872177124"
"371","-0.010629264637827873","-0.010629264637827873","-0.010629264637827873","0.14199374616146088","0.14199374616146088","0.14199374616146088"
"372","-0.01922564208507538","-0.01922564208507538","-0.01922564208507538","0.1434662789106369","0.1434662789106369","0.1434662789106369"
"373","-0.028606750071048737","-0.028606750071048737","-0.028606750071048737","0.14500471949577332","0.14500471949577332","0.14500471949577332"
"374","-0.03708300739526749","-0.03708300739526749","-0.03708300739526749","0.1457008421421051","0.1457008421421051","0.1457008421421051"
"375","-0.043983057141304016","-0.043983057141304016","-0.043983057141304016","0.14368291199207306","0.14368291199207306","0.14368291199207306"
"376","-0.04996129870414734","-0.04996129870414734","-0.04996129870414734","0.1370495706796646","0.1370495706796646","0.1370495706796646"
"377","-0.009327099658548832","-0.009327099658548832","-0.009327099658548832","0.2017395794391632","0.2017395794391632","0.2017395794391632"
"378","-0.013234568759799004","-0.013234568759799004","-0.013234568759799004","0.18924659490585327","0.18924659490585327","0.18924659490585327"
"379","-0.019361462444067","-0.019361462444067","-0.019361462444067","0.1731286644935608","0.1731286644935608","0.1731286644935608"
"380","-0.02642027847468853","-0.02642027847468853","-0.02642027847468853","0.15662920475006104","0.15662920475006104","0.15662920475006104"
"381","-0.03379718214273453","-0.03379718214273453","-0.03379718214273453","0.1431332528591156","0.1431332528591156","0.1431332528591156"
"382","-0.04080985486507416","-0.04080985486507416","-0.04080985486507416","0.14874328672885895","0.14874328672885895","0.14874328672885895"
"383","-0.0473870225250721","-0.0473870225250721","-0.0473870225250721","0.14972390234470367","0.14972390234470367","0.14972390234470367"
"384","-0.05339619517326355","-0.05339619517326355","-0.05339619517326355","0.13412010669708252","0.13412010669708252","0.13412010669708252"
"385","-0.000012760050594806671","-0.000012760050594806671","-0.000012760050594806671","0.17544801533222198","0.17544801533222198","0.17544801533222198"
"386","-0.004705071449279785","-0.004705071449279785","-0.004705071449279785","0.1337376832962036","0.1337376832962036","0.1337376832962036"
"387","-0.011899543926119804","-0.011899543926119804","-0.011899543926119804","0.10801754146814346","0.10801754146814346","0.10801754146814346"
"388","-0.020184997469186783","-0.020184997469186783","-0.020184997469186783","0.11126041412353516","0.11126041412353516","0.11126041412353516"
"389","-0.028941934928297997","-0.028941934928297997","-0.028941934928297997","0.11391494423151016","0.11391494423151016","0.11391494423151016"
"390","-0.03687692806124687","-0.03687692806124687","-0.03687692806124687","0.11398659646511078","0.11398659646511078","0.11398659646511078"
"391","-0.04393017292022705","-0.04393017292022705","-0.04393017292022705","0.10900270938873291","0.10900270938873291","0.10900270938873291"
"392","-0.04994567483663559","-0.04994567483663559","-0.04994567483663559","0.09884706884622574","0.09884706884622574","0.09884706884622574"
"393","0.0010617462685331702","0.0010617462685331702","0.0010617462685331702","0.16494347155094147","0.16494347155094147","0.16494347155094147"
"394","-0.0025227938313037157","-0.0025227938313037157","-0.0025227938313037157","0.15420763194561005","0.15420763194561005","0.15420763194561005"
"395","-0.00861366093158722","-0.00861366093158722","-0.00861366093158722","0.1411885768175125","0.1411885768175125","0.1411885768175125"
"396","-0.01592203974723816","-0.01592203974723816","-0.01592203974723816","0.12848562002182007","0.12848562002182007","0.12848562002182007"
"397","-0.0235454048961401","-0.0235454048961401","-0.0235454048961401","0.12475577741861343","0.12475577741861343","0.12475577741861343"
"398","-0.031044214963912964","-0.031044214963912964","-0.031044214963912964","0.12635649740695953","0.12635649740695953","0.12635649740695953"
"399","-0.038304299116134644","-0.038304299116134644","-0.038304299116134644","0.11363068222999573","0.11363068222999573","0.11363068222999573"
"400","-0.04477793723344803","-0.04477793723344803","-0.04477793723344803","0.09870696812868118","0.09870696812868118","0.09870696812868118"
"401","0.04865146428346634","0.04865146428346634","0.04865146428346634","0.2446502447128296","0.2446502447128296","0.2446502447128296"
"402","0.04377127066254616","0.04377127066254616","0.04377127066254616","0.19200357794761658","0.19200357794761658","0.19200357794761658"
"403","0.03580452874302864","0.03580452874302864","0.03580452874302864","0.16012293100357056","0.16012293100357056","0.16012293100357056"
"404","0.026018474251031876","0.026018474251031876","0.026018474251031876","0.16095523536205292","0.16095523536205292","0.16095523536205292"
"405","0.01588555984199047","0.01588555984199047","0.01588555984199047","0.16326837241649628","0.16326837241649628","0.16326837241649628"
"406","0.007006436586380005","0.007006436586380005","0.007006436586380005","0.16536566615104675","0.16536566615104675","0.16536566615104675"
"407","-0.000542925379704684","-0.000542925379704684","-0.000542925379704684","0.16402292251586914","0.16402292251586914","0.16402292251586914"
"408","-0.00701043289154768","-0.00701043289154768","-0.00701043289154768","0.1573164016008377","0.1573164016008377","0.1573164016008377"
"409","0.0030591683462262154","0.0030591683462262154","0.0030591683462262154","0.17678220570087433","0.17678220570087433","0.17678220570087433"
"410","-0.0008629690855741501","-0.0008629690855741501","-0.0008629690855741501","0.15844395756721497","0.15844395756721497","0.15844395756721497"
"411","-0.007182433269917965","-0.007182433269917965","-0.007182433269917965","0.13494060933589935","0.13494060933589935","0.13494060933589935"
"412","-0.014526392333209515","-0.014526392333209515","-0.014526392333209515","0.11177215725183487","0.11177215725183487","0.11177215725183487"
"413","-0.022119591012597084","-0.022119591012597084","-0.022119591012597084","0.09313572198152542","0.09313572198152542","0.09313572198152542"
"414","-0.02955930307507515","-0.02955930307507515","-0.02955930307507515","0.10432340204715729","0.10432340204715729","0.10432340204715729"
"415","-0.03711041808128357","-0.03711041808128357","-0.03711041808128357","0.11101296544075012","0.11101296544075012","0.11101296544075012"
"416","-0.044045016169548035","-0.044045016169548035","-0.044045016169548035","0.10029970109462738","0.10029970109462738","0.10029970109462738"
"417","0.0010420798789709806","0.0010420798789709806","0.0010420798789709806","0.17219305038452148","0.17219305038452148","0.17219305038452148"
"418","-0.0031992297153919935","-0.0031992297153919935","-0.0031992297153919935","0.13784034550189972","0.13784034550189972","0.13784034550189972"
"419","-0.010128363966941833","-0.010128363966941833","-0.010128363966941833","0.11009271442890167","0.11009271442890167","0.11009271442890167"
"420","-0.018697479739785194","-0.018697479739785194","-0.018697479739785194","0.11289011687040329","0.11289011687040329","0.11289011687040329"
"421","-0.027270620688796043","-0.027270620688796043","-0.027270620688796043","0.11474192887544632","0.11474192887544632","0.11474192887544632"
"422","-0.03527809679508209","-0.03527809679508209","-0.03527809679508209","0.1132190078496933","0.1132190078496933","0.1132190078496933"
"423","-0.04260309785604477","-0.04260309785604477","-0.04260309785604477","0.10671410709619522","0.10671410709619522","0.10671410709619522"
"424","-0.04890308901667595","-0.04890308901667595","-0.04890308901667595","0.09571990370750427","0.09571990370750427","0.09571990370750427"
"425","0.004210911691188812","0.004210911691188812","0.004210911691188812","0.13168591260910034","0.13168591260910034","0.13168591260910034"
"426","0.001545201987028122","0.001545201987028122","0.001545201987028122","0.11906266212463379","0.11906266212463379","0.11906266212463379"
"427","-0.003309149295091629","-0.003309149295091629","-0.003309149295091629","0.10564877092838287","0.10564877092838287","0.10564877092838287"
"428","-0.009735625237226486","-0.009735625237226486","-0.009735625237226486","0.10653296113014221","0.10653296113014221","0.10653296113014221"
"429","-0.017087796702980995","-0.017087796702980995","-0.017087796702980995","0.10760761052370071","0.10760761052370071","0.10760761052370071"
"430","-0.02476971223950386","-0.02476971223950386","-0.02476971223950386","0.09889818727970123","0.09889818727970123","0.09889818727970123"
"431","-0.03212770074605942","-0.03212770074605942","-0.03212770074605942","0.08247841149568558","0.08247841149568558","0.08247841149568558"
"432","-0.038934431970119476","-0.038934431970119476","-0.038934431970119476","0.06746897101402283","0.06746897101402283","0.06746897101402283"
"433","-0.0033471493516117334","-0.0033471493516117334","-0.0033471493516117334","0.12058403342962265","0.12058403342962265","0.12058403342962265"
"434","-0.007637580391019583","-0.007637580391019583","-0.007637580391019583","0.09273626655340195","0.09273626655340195","0.09273626655340195"
"435","-0.014518113806843758","-0.014518113806843758","-0.014518113806843758","0.07251238077878952","0.07251238077878952","0.07251238077878952"
"436","-0.023253168910741806","-0.023253168910741806","-0.023253168910741806","0.07561276853084564","0.07561276853084564","0.07561276853084564"
"437","-0.032474398612976074","-0.032474398612976074","-0.032474398612976074","0.07551595568656921","0.07551595568656921","0.07551595568656921"
"438","-0.04088526591658592","-0.04088526591658592","-0.04088526591658592","0.0707799643278122","0.0707799643278122","0.0707799643278122"
"439","-0.04802009463310242","-0.04802009463310242","-0.04802009463310242","0.0610877126455307","0.0610877126455307","0.0610877126455307"
"440","-0.05349316820502281","-0.05349316820502281","-0.05349316820502281","0.04808838292956352","0.04808838292956352","0.04808838292956352"
"441","0.0029859691858291626","0.0029859691858291626","0.0029859691858291626","0.10603229701519012","0.10603229701519012","0.10603229701519012"
"442","-0.000875517725944519","-0.000875517725944519","-0.000875517725944519","0.09448602795600891","0.09448602795600891","0.09448602795600891"
"443","-0.007232442498207092","-0.007232442498207092","-0.007232442498207092","0.0953042134642601","0.0953042134642601","0.0953042134642601"
"444","-0.014756165444850922","-0.014756165444850922","-0.014756165444850922","0.09390927106142044","0.09390927106142044","0.09390927106142044"
"445","-0.02293897420167923","-0.02293897420167923","-0.02293897420167923","0.08412883430719376","0.08412883430719376","0.08412883430719376"
"446","-0.03081948310136795","-0.03081948310136795","-0.03081948310136795","0.06841275840997696","0.06841275840997696","0.06841275840997696"
"447","-0.03853796795010567","-0.03853796795010567","-0.03853796795010567","0.055110301822423935","0.055110301822423935","0.055110301822423935"
"448","-0.04539710655808449","-0.04539710655808449","-0.04539710655808449","0.05047259107232094","0.05047259107232094","0.05047259107232094"
"449","-0.0004954442847520113","-0.0004954442847520113","-0.0004954442847520113","0.13541840016841888","0.13541840016841888","0.13541840016841888"
"450","-0.006815254222601652","-0.006815254222601652","-0.006815254222601652","0.11045418679714203","0.11045418679714203","0.11045418679714203"
"451","-0.01564929448068142","-0.01564929448068142","-0.01564929448068142","0.08593296259641647","0.08593296259641647","0.08593296259641647"
"452","-0.02617972530424595","-0.02617972530424595","-0.02617972530424595","0.08513448387384415","0.08513448387384415","0.08513448387384415"
"453","-0.03641633316874504","-0.03641633316874504","-0.03641633316874504","0.08557823300361633","0.08557823300361633","0.08557823300361633"
"454","-0.04512226954102516","-0.04512226954102516","-0.04512226954102516","0.08086930215358734","0.08086930215358734","0.08086930215358734"
"455","-0.0522870272397995","-0.0522870272397995","-0.0522870272397995","0.07003582268953323","0.07003582268953323","0.07003582268953323"
"456","-0.058173079043626785","-0.058173079043626785","-0.058173079043626785","0.054809946566820145","0.054809946566820145","0.054809946566820145"
"457","0.0018369400640949607","0.0018369400640949607","0.0018369400640949607","0.109995998442173","0.109995998442173","0.109995998442173"
"458","-0.0021067659836262465","-0.0021067659836262465","-0.0021067659836262465","0.10823710262775421","0.10823710262775421","0.10823710262775421"
"459","-0.008843166753649712","-0.008843166753649712","-0.008843166753649712","0.10928893089294434","0.10928893089294434","0.10928893089294434"
"460","-0.0173166636377573","-0.0173166636377573","-0.0173166636377573","0.10196124017238617","0.10196124017238617","0.10196124017238617"
"461","-0.025853386148810387","-0.025853386148810387","-0.025853386148810387","0.08705051988363266","0.08705051988363266","0.08705051988363266"
"462","-0.034027181565761566","-0.034027181565761566","-0.034027181565761566","0.07106967270374298","0.07106967270374298","0.07106967270374298"
"463","-0.04154961556196213","-0.04154961556196213","-0.04154961556196213","0.06423358619213104","0.06423358619213104","0.06423358619213104"
"464","-0.04809414595365524","-0.04809414595365524","-0.04809414595365524","0.06134035438299179","0.06134035438299179","0.06134035438299179"
"465","0.005558598320931196","0.005558598320931196","0.005558598320931196","0.12816843390464783","0.12816843390464783","0.12816843390464783"
"466","0.0008961756248027086","0.0008961756248027086","0.0008961756248027086","0.11067529767751694","0.11067529767751694","0.11067529767751694"
"467","-0.005775089375674725","-0.005775089375674725","-0.005775089375674725","0.09048827737569809","0.09048827737569809","0.09048827737569809"
"468","-0.013705858029425144","-0.013705858029425144","-0.013705858029425144","0.08351165801286697","0.08351165801286697","0.08351165801286697"
"469","-0.022052347660064697","-0.022052347660064697","-0.022052347660064697","0.08397265523672104","0.08397265523672104","0.08397265523672104"
"470","-0.02924223244190216","-0.02924223244190216","-0.02924223244190216","0.07948532700538635","0.07948532700538635","0.07948532700538635"
"471","-0.034987349063158035","-0.034987349063158035","-0.034987349063158035","0.06978707015514374","0.06978707015514374","0.06978707015514374"
"472","-0.039590902626514435","-0.039590902626514435","-0.039590902626514435","0.05655968189239502","0.05655968189239502","0.05655968189239502"
"473","-0.0013069112319499254","-0.0013069112319499254","-0.0013069112319499254","0.07938849180936813","0.07938849180936813","0.07938849180936813"
"474","-0.005002780817449093","-0.005002780817449093","-0.005002780817449093","0.08098345994949341","0.08098345994949341","0.08098345994949341"
"475","-0.011030568741261959","-0.011030568741261959","-0.011030568741261959","0.07604014873504639","0.07604014873504639","0.07604014873504639"
"476","-0.01860794797539711","-0.01860794797539711","-0.01860794797539711","0.06394055485725403","0.06394055485725403","0.06394055485725403"
"477","-0.026286376640200615","-0.026286376640200615","-0.026286376640200615","0.051434069871902466","0.051434069871902466","0.051434069871902466"
"478","-0.03370582312345505","-0.03370582312345505","-0.03370582312345505","0.04599951207637787","0.04599951207637787","0.04599951207637787"
"479","-0.04057291895151138","-0.04057291895151138","-0.04057291895151138","0.04140610992908478","0.04140610992908478","0.04140610992908478"
"480","-0.04691833257675171","-0.04691833257675171","-0.04691833257675171","0.03498809039592743","0.03498809039592743","0.03498809039592743"
"481","-0.000339256483130157","-0.000339256483130157","-0.000339256483130157","0.13999353349208832","0.13999353349208832","0.13999353349208832"
"482","-0.006009338889271021","-0.006009338889271021","-0.006009338889271021","0.12853579223155975","0.12853579223155975","0.12853579223155975"
"483","-0.014977287501096725","-0.014977287501096725","-0.014977287501096725","0.10877279937267303","0.10877279937267303","0.10877279937267303"
"484","-0.025438928976655006","-0.025438928976655006","-0.025438928976655006","0.0891321450471878","0.0891321450471878","0.0891321450471878"
"485","-0.03533558547496796","-0.03533558547496796","-0.03533558547496796","0.08357473462820053","0.08357473462820053","0.08357473462820053"
"486","-0.04368656128644943","-0.04368656128644943","-0.04368656128644943","0.07940901815891266","0.07940901815891266","0.07940901815891266"
"487","-0.05042256787419319","-0.05042256787419319","-0.05042256787419319","0.06946209073066711","0.06946209073066711","0.06946209073066711"
"488","-0.05553892254829407","-0.05553892254829407","-0.05553892254829407","0.05707690119743347","0.05707690119743347","0.05707690119743347"
"489","-0.0034632303286343813","-0.0034632303286343813","-0.0034632303286343813","0.12736763060092926","0.12736763060092926","0.12736763060092926"
"490","-0.006750473286956549","-0.006750473286956549","-0.006750473286956549","0.12420699745416641","0.12420699745416641","0.12420699745416641"
"491","-0.012364901602268219","-0.012364901602268219","-0.012364901602268219","0.12128346413373947","0.12128346413373947","0.12128346413373947"
"492","-0.019376736134290695","-0.019376736134290695","-0.019376736134290695","0.11451829969882965","0.11451829969882965","0.11451829969882965"
"493","-0.026131941005587578","-0.026131941005587578","-0.026131941005587578","0.10420258343219757","0.10420258343219757","0.10420258343219757"
"494","-0.03212719038128853","-0.03212719038128853","-0.03212719038128853","0.09323549270629883","0.09323549270629883","0.09323549270629883"
"495","-0.037778254598379135","-0.037778254598379135","-0.037778254598379135","0.0853944718837738","0.0853944718837738","0.0853944718837738"
"496","-0.04247390106320381","-0.04247390106320381","-0.04247390106320381","0.08098779618740082","0.08098779618740082","0.08098779618740082"
"497","0.00002300739288330078","0.00002300739288330078","0.00002300739288330078","0.10499458014965057","0.10499458014965057","0.10499458014965057"
"498","-0.005554422736167908","-0.005554422736167908","-0.005554422736167908","0.09137372672557831","0.09137372672557831","0.09137372672557831"
"499","-0.01364848017692566","-0.01364848017692566","-0.01364848017692566","0.07616934180259705","0.07616934180259705","0.07616934180259705"
"500","-0.02288167178630829","-0.02288167178630829","-0.02288167178630829","0.06619400531053543","0.06619400531053543","0.06619400531053543"
"501","-0.03239615261554718","-0.03239615261554718","-0.03239615261554718","0.061841659247875214","0.061841659247875214","0.061841659247875214"
"502","-0.040215812623500824","-0.040215812623500824","-0.040215812623500824","0.05161186307668686","0.05161186307668686","0.05161186307668686"
"503","-0.04649032652378082","-0.04649032652378082","-0.04649032652378082","0.038177937269210815","0.038177937269210815","0.038177937269210815"
"504","-0.05140268802642822","-0.05140268802642822","-0.05140268802642822","0.030229642987251282","0.030229642987251282","0.030229642987251282"
"505","0.009758183732628822","0.009758183732628822","0.009758183732628822","0.1415431648492813","0.1415431648492813","0.1415431648492813"
"506","0.005625045858323574","0.005625045858323574","0.005625045858323574","0.1387808620929718","0.1387808620929718","0.1387808620929718"
"507","0.000039245856896741316","0.000039245856896741316","0.000039245856896741316","0.13390976190567017","0.13390976190567017","0.13390976190567017"
"508","-0.006795467343181372","-0.006795467343181372","-0.006795467343181372","0.1255572885274887","0.1255572885274887","0.1255572885274887"
"509","-0.013936439529061317","-0.013936439529061317","-0.013936439529061317","0.11515700072050095","0.11515700072050095","0.11515700072050095"
"510","-0.020071540027856827","-0.020071540027856827","-0.020071540027856827","0.10591636598110199","0.10591636598110199","0.10591636598110199"
"511","-0.02587592415511608","-0.02587592415511608","-0.02587592415511608","0.09866896271705627","0.09866896271705627","0.09866896271705627"
"512","-0.03154478222131729","-0.03154478222131729","-0.03154478222131729","0.09280246496200562","0.09280246496200562","0.09280246496200562"
"513","0.0034551559947431087","0.0034551559947431087","0.0034551559947431087","0.08110702037811279","0.08110702037811279","0.08110702037811279"
"514","-0.0010399279417470098","-0.0010399279417470098","-0.0010399279417470098","0.07236019521951675","0.07236019521951675","0.07236019521951675"
"515","-0.007603328209370375","-0.007603328209370375","-0.007603328209370375","0.06217168644070625","0.06217168644070625","0.06217168644070625"
"516","-0.01462662871927023","-0.01462662871927023","-0.01462662871927023","0.054835304617881775","0.054835304617881775","0.054835304617881775"
"517","-0.021616237238049507","-0.021616237238049507","-0.021616237238049507","0.05044430494308472","0.05044430494308472","0.05044430494308472"
"518","-0.027592895552515984","-0.027592895552515984","-0.027592895552515984","0.04347136616706848","0.04347136616706848","0.04347136616706848"
"519","-0.032761067152023315","-0.032761067152023315","-0.032761067152023315","0.034134045243263245","0.034134045243263245","0.034134045243263245"
"520","-0.03710002452135086","-0.03710002452135086","-0.03710002452135086","0.028037644922733307","0.028037644922733307","0.028037644922733307"
"521","-0.0017026035347953439","-0.0017026035347953439","-0.0017026035347953439","0.08698571473360062","0.08698571473360062","0.08698571473360062"
"522","-0.005110628437250853","-0.005110628437250853","-0.005110628437250853","0.08227769285440445","0.08227769285440445","0.08227769285440445"
"523","-0.010747957043349743","-0.010747957043349743","-0.010747957043349743","0.07235753536224365","0.07235753536224365","0.07235753536224365"
"524","-0.0171074066311121","-0.0171074066311121","-0.0171074066311121","0.06163116544485092","0.06163116544485092","0.06163116544485092"
"525","-0.023447072133421898","-0.023447072133421898","-0.023447072133421898","0.054331257939338684","0.054331257939338684","0.054331257939338684"
"526","-0.029550602659583092","-0.029550602659583092","-0.029550602659583092","0.04839557409286499","0.04839557409286499","0.04839557409286499"
"527","-0.03493596240878105","-0.03493596240878105","-0.03493596240878105","0.041628774255514145","0.041628774255514145","0.041628774255514145"
"528","-0.03973985090851784","-0.03973985090851784","-0.03973985090851784","0.03476819023489952","0.03476819023489952","0.03476819023489952"
"529","0.004738678690046072","0.004738678690046072","0.004738678690046072","0.12424296140670776","0.12424296140670776","0.12424296140670776"
"530","0.0007319965516217053","0.0007319965516217053","0.0007319965516217053","0.12046767771244049","0.12046767771244049","0.12046767771244049"
"531","-0.00510154664516449","-0.00510154664516449","-0.00510154664516449","0.1119493618607521","0.1119493618607521","0.1119493618607521"
"532","-0.011530362069606781","-0.011530362069606781","-0.011530362069606781","0.10206747055053711","0.10206747055053711","0.10206747055053711"
"533","-0.017329096794128418","-0.017329096794128418","-0.017329096794128418","0.09440413117408752","0.09440413117408752","0.09440413117408752"
"534","-0.02197428233921528","-0.02197428233921528","-0.02197428233921528","0.0897294282913208","0.0897294282913208","0.0897294282913208"
"535","-0.025726810097694397","-0.025726810097694397","-0.025726810097694397","0.084556944668293","0.084556944668293","0.084556944668293"
"536","-0.028977656736969948","-0.028977656736969948","-0.028977656736969948","0.07793571054935455","0.07793571054935455","0.07793571054935455"
"537","-0.002343040658161044","-0.002343040658161044","-0.002343040658161044","0.08271677792072296","0.08271677792072296","0.08271677792072296"
"538","-0.005312430206686258","-0.005312430206686258","-0.005312430206686258","0.08007508516311646","0.08007508516311646","0.08007508516311646"
"539","-0.009546520188450813","-0.009546520188450813","-0.009546520188450813","0.07525366544723511","0.07525366544723511","0.07525366544723511"
"540","-0.014018415473401546","-0.014018415473401546","-0.014018415473401546","0.06878887116909027","0.06878887116909027","0.06878887116909027"
"541","-0.018431494012475014","-0.018431494012475014","-0.018431494012475014","0.06249700486660004","0.06249700486660004","0.06249700486660004"
"542","-0.022111261263489723","-0.022111261263489723","-0.022111261263489723","0.058293938636779785","0.058293938636779785","0.058293938636779785"
"543","-0.025545505806803703","-0.025545505806803703","-0.025545505806803703","0.05430842936038971","0.05430842936038971","0.05430842936038971"
"544","-0.028601286932826042","-0.028601286932826042","-0.028601286932826042","0.049421556293964386","0.049421556293964386","0.049421556293964386"
"545","-0.0009688286227174103","-0.0009688286227174103","-0.0009688286227174103","0.09297291189432144","0.09297291189432144","0.09297291189432144"
"546","-0.0059609971940517426","-0.0059609971940517426","-0.0059609971940517426","0.08759689331054688","0.08759689331054688","0.08759689331054688"
"547","-0.01271375734359026","-0.01271375734359026","-0.01271375734359026","0.07877226173877716","0.07877226173877716","0.07877226173877716"
"548","-0.019963186234235764","-0.019963186234235764","-0.019963186234235764","0.06904853880405426","0.06904853880405426","0.06904853880405426"
"549","-0.026643501594662666","-0.026643501594662666","-0.026643501594662666","0.06097569316625595","0.06097569316625595","0.06097569316625595"
"550","-0.0317438542842865","-0.0317438542842865","-0.0317438542842865","0.055002644658088684","0.055002644658088684","0.055002644658088684"
"551","-0.035539913922548294","-0.035539913922548294","-0.035539913922548294","0.04943593963980675","0.04943593963980675","0.04943593963980675"
"552","-0.03830842301249504","-0.03830842301249504","-0.03830842301249504","0.044605035334825516","0.044605035334825516","0.044605035334825516"
"553","0.0029482096433639526","0.0029482096433639526","0.0029482096433639526","0.08099836111068726","0.08099836111068726","0.08099836111068726"
"554","0.0005225427448749542","0.0005225427448749542","0.0005225427448749542","0.07751446962356567","0.07751446962356567","0.07751446962356567"
"555","-0.0036809034645557404","-0.0036809034645557404","-0.0036809034645557404","0.0707368552684784","0.0707368552684784","0.0707368552684784"
"556","-0.007820114493370056","-0.007820114493370056","-0.007820114493370056","0.06590321660041809","0.06590321660041809","0.06590321660041809"
"557","-0.011016491800546646","-0.011016491800546646","-0.011016491800546646","0.06272861361503601","0.06272861361503601","0.06272861361503601"
"558","-0.014019392430782318","-0.014019392430782318","-0.014019392430782318","0.05764211714267731","0.05764211714267731","0.05764211714267731"
"559","-0.016656171530485153","-0.016656171530485153","-0.016656171530485153","0.052569370716810226","0.052569370716810226","0.052569370716810226"
"560","-0.018780868500471115","-0.018780868500471115","-0.018780868500471115","0.049868304282426834","0.049868304282426834","0.049868304282426834"
"561","0.000008910894393920898","0.000008910894393920898","0.000008910894393920898","0.1351366937160492","0.1351366937160492","0.1351366937160492"
"562","-0.004273857921361923","-0.004273857921361923","-0.004273857921361923","0.12387864291667938","0.12387864291667938","0.12387864291667938"
"563","-0.010080475360155106","-0.010080475360155106","-0.010080475360155106","0.1135261207818985","0.1135261207818985","0.1135261207818985"
"564","-0.016039840877056122","-0.016039840877056122","-0.016039840877056122","0.11315875500440598","0.11315875500440598","0.11315875500440598"
"565","-0.022120699286460876","-0.022120699286460876","-0.022120699286460876","0.10382302105426788","0.10382302105426788","0.10382302105426788"
"566","-0.026837661862373352","-0.026837661862373352","-0.026837661862373352","0.09209272265434265","0.09209272265434265","0.09209272265434265"
"567","-0.030671536922454834","-0.030671536922454834","-0.030671536922454834","0.08865281939506531","0.08865281939506531","0.08865281939506531"
"568","-0.03375491499900818","-0.03375491499900818","-0.03375491499900818","0.08704023063182831","0.08704023063182831","0.08704023063182831"
"569","-0.00020610919455066323","-0.00020610919455066323","-0.00020610919455066323","0.04296828806400299","0.04296828806400299","0.04296828806400299"
"570","-0.003022708697244525","-0.003022708697244525","-0.003022708697244525","0.039635393768548965","0.039635393768548965","0.039635393768548965"
"571","-0.006994589231908321","-0.006994589231908321","-0.006994589231908321","0.03514232486486435","0.03514232486486435","0.03514232486486435"
"572","-0.011335781775414944","-0.011335781775414944","-0.011335781775414944","0.030162006616592407","0.030162006616592407","0.030162006616592407"
"573","-0.015254054218530655","-0.015254054218530655","-0.015254054218530655","0.025539275258779526","0.025539275258779526","0.025539275258779526"
"574","-0.018642717972397804","-0.018642717972397804","-0.018642717972397804","0.02156592719256878","0.02156592719256878","0.02156592719256878"
"575","-0.02130984701216221","-0.02130984701216221","-0.02130984701216221","0.018400216475129128","0.018400216475129128","0.018400216475129128"
"576","-0.023224318400025368","-0.023224318400025368","-0.023224318400025368","0.01592477597296238","0.01592477597296238","0.01592477597296238"
"577","-0.00000515766441822052","-0.00000515766441822052","-0.00000515766441822052","0.0751342922449112","0.0751342922449112","0.0751342922449112"
"578","-0.001996121369302273","-0.001996121369302273","-0.001996121369302273","0.07124314457178116","0.07124314457178116","0.07124314457178116"
"579","-0.004941927269101143","-0.004941927269101143","-0.004941927269101143","0.06718085706233978","0.06718085706233978","0.06718085706233978"
"580","-0.008498371578752995","-0.008498371578752995","-0.008498371578752995","0.06315992027521133","0.06315992027521133","0.06315992027521133"
"581","-0.011738048866391182","-0.011738048866391182","-0.011738048866391182","0.05860540270805359","0.05860540270805359","0.05860540270805359"
"582","-0.014137710444629192","-0.014137710444629192","-0.014137710444629192","0.05448129400610924","0.05448129400610924","0.05448129400610924"
"583","-0.016052711755037308","-0.016052711755037308","-0.016052711755037308","0.052045587450265884","0.052045587450265884","0.052045587450265884"
"584","-0.01763441041111946","-0.01763441041111946","-0.01763441041111946","0.0501704104244709","0.0501704104244709","0.0501704104244709"
"585","0.00408706720918417","0.00408706720918417","0.00408706720918417","0.10438714921474457","0.10438714921474457","0.10438714921474457"
"586","0.0019775747787207365","0.0019775747787207365","0.0019775747787207365","0.09990020841360092","0.09990020841360092","0.09990020841360092"
"587","-0.0010901872301474214","-0.0010901872301474214","-0.0010901872301474214","0.09543882310390472","0.09543882310390472","0.09543882310390472"
"588","-0.004456162918359041","-0.004456162918359041","-0.004456162918359041","0.09221991896629333","0.09221991896629333","0.09221991896629333"
"589","-0.00723227858543396","-0.00723227858543396","-0.00723227858543396","0.0878712460398674","0.0878712460398674","0.0878712460398674"
"590","-0.009027422405779362","-0.009027422405779362","-0.009027422405779362","0.08315049111843109","0.08315049111843109","0.08315049111843109"
"591","-0.01067299023270607","-0.01067299023270607","-0.01067299023270607","0.08044157922267914","0.08044157922267914","0.08044157922267914"
"592","-0.01224229671061039","-0.01224229671061039","-0.01224229671061039","0.07807925343513489","0.07807925343513489","0.07807925343513489"
"593","0.00047007433022372425","0.00047007433022372425","0.00047007433022372425","0.04710579663515091","0.04710579663515091","0.04710579663515091"
"594","-0.0029532539192587137","-0.0029532539192587137","-0.0029532539192587137","0.04308497905731201","0.04308497905731201","0.04308497905731201"
"595","-0.007467049174010754","-0.007467049174010754","-0.007467049174010754","0.037678107619285583","0.037678107619285583","0.037678107619285583"
"596","-0.012077471241354942","-0.012077471241354942","-0.012077471241354942","0.03278259187936783","0.03278259187936783","0.03278259187936783"
"597","-0.016134336590766907","-0.016134336590766907","-0.016134336590766907","0.028355274349451065","0.028355274349451065","0.028355274349451065"
"598","-0.01902690902352333","-0.01902690902352333","-0.01902690902352333","0.02441774681210518","0.02441774681210518","0.02441774681210518"
"599","-0.02131621167063713","-0.02131621167063713","-0.02131621167063713","0.021204955875873566","0.021204955875873566","0.021204955875873566"
"600","-0.023042477667331696","-0.023042477667331696","-0.023042477667331696","0.018988803029060364","0.018988803029060364","0.018988803029060364"