"Step","light-hill-20 - losses/policy_loss","light-hill-20 - losses/policy_loss__MIN","light-hill-20 - losses/policy_loss__MAX","light-hill-20 - losses/total_loss","light-hill-20 - losses/total_loss__MIN","light-hill-20 - losses/total_loss__MAX"
"1","0.9349405169487","0.9349405169487","0.9349405169487","4.561043739318848","4.561043739318848","4.561043739318848"
"2","0.8869809508323669","0.8869809508323669","0.8869809508323669","4.187338352203369","4.187338352203369","4.187338352203369"
"3","0.8420520424842834","0.8420520424842834","0.8420520424842834","4.183773994445801","4.183773994445801","4.183773994445801"
"4","0.8158609867095947","0.8158609867095947","0.8158609867095947","4.189488410949707","4.189488410949707","4.189488410949707"
"5","0.8000264167785645","0.8000264167785645","0.8000264167785645","4.190702438354492","4.190702438354492","4.190702438354492"
"6","0.7892550826072693","0.7892550826072693","0.7892550826072693","4.181416988372803","4.181416988372803","4.181416988372803"
"7","0.7820837497711182","0.7820837497711182","0.7820837497711182","4.163522720336914","4.163522720336914","4.163522720336914"
"8","0.7772428393363953","0.7772428393363953","0.7772428393363953","4.140257835388184","4.140257835388184","4.140257835388184"
"9","0.9079868197441101","0.9079868197441101","0.9079868197441101","3.7677433490753174","3.7677433490753174","3.7677433490753174"
"10","0.882506251335144","0.882506251335144","0.882506251335144","3.7081103324890137","3.7081103324890137","3.7081103324890137"
"11","0.85474693775177","0.85474693775177","0.85474693775177","3.6427102088928223","3.6427102088928223","3.6427102088928223"
"12","0.831899106502533","0.831899106502533","0.831899106502533","3.5862882137298584","3.5862882137298584","3.5862882137298584"
"13","0.8141593933105469","0.8141593933105469","0.8141593933105469","3.5648555755615234","3.5648555755615234","3.5648555755615234"
"14","0.8025106191635132","0.8025106191635132","0.8025106191635132","3.56679630279541","3.56679630279541","3.56679630279541"
"15","0.7950805425643921","0.7950805425643921","0.7950805425643921","3.5508646965026855","3.5508646965026855","3.5508646965026855"
"16","0.7895740270614624","0.7895740270614624","0.7895740270614624","3.5232577323913574","3.5232577323913574","3.5232577323913574"
"17","0.2551290690898895","0.2551290690898895","0.2551290690898895","2.102477550506592","2.102477550506592","2.102477550506592"
"18","0.24910421669483185","0.24910421669483185","0.24910421669483185","1.9681293964385986","1.9681293964385986","1.9681293964385986"
"19","0.24143356084823608","0.24143356084823608","0.24143356084823608","1.9044773578643799","1.9044773578643799","1.9044773578643799"
"20","0.23293456435203552","0.23293456435203552","0.23293456435203552","1.9247102737426758","1.9247102737426758","1.9247102737426758"
"21","0.22399231791496277","0.22399231791496277","0.22399231791496277","1.941400170326233","1.941400170326233","1.941400170326233"
"22","0.21608231961727142","0.21608231961727142","0.21608231961727142","1.9509412050247192","1.9509412050247192","1.9509412050247192"
"23","0.21017786860466003","0.21017786860466003","0.21017786860466003","1.9515912532806396","1.9515912532806396","1.9515912532806396"
"24","0.2053890973329544","0.2053890973329544","0.2053890973329544","1.9421693086624146","1.9421693086624146","1.9421693086624146"
"25","0.10080385953187943","0.10080385953187943","0.10080385953187943","1.5650877952575684","1.5650877952575684","1.5650877952575684"
"26","0.09706811606884003","0.09706811606884003","0.09706811606884003","1.5450315475463867","1.5450315475463867","1.5450315475463867"
"27","0.09136795252561569","0.09136795252561569","0.09136795252561569","1.517399787902832","1.517399787902832","1.517399787902832"
"28","0.08452942967414856","0.08452942967414856","0.08452942967414856","1.4886078834533691","1.4886078834533691","1.4886078834533691"
"29","0.07749830186367035","0.07749830186367035","0.07749830186367035","1.465554118156433","1.465554118156433","1.465554118156433"
"30","0.07107306271791458","0.07107306271791458","0.07107306271791458","1.45982027053833","1.45982027053833","1.45982027053833"
"31","0.06539703905582428","0.06539703905582428","0.06539703905582428","1.4694578647613525","1.4694578647613525","1.4694578647613525"
"32","0.06067618355154991","0.06067618355154991","0.06067618355154991","1.4558663368225098","1.4558663368225098","1.4558663368225098"
"33","0.04490881413221359","0.04490881413221359","0.04490881413221359","1.3475782871246338","1.3475782871246338","1.3475782871246338"
"34","0.04150126874446869","0.04150126874446869","0.04150126874446869","1.2539678812026978","1.2539678812026978","1.2539678812026978"
"35","0.03623371198773384","0.03623371198773384","0.03623371198773384","1.1912891864776611","1.1912891864776611","1.1912891864776611"
"36","0.029220955446362495","0.029220955446362495","0.029220955446362495","1.2056400775909424","1.2056400775909424","1.2056400775909424"
"37","0.021714087575674057","0.021714087575674057","0.021714087575674057","1.218042016029358","1.218042016029358","1.218042016029358"
"38","0.014478815719485283","0.014478815719485283","0.014478815719485283","1.2259464263916016","1.2259464263916016","1.2259464263916016"
"39","0.008010718040168285","0.008010718040168285","0.008010718040168285","1.227587342262268","1.227587342262268","1.227587342262268"
"40","0.0025334800593554974","0.0025334800593554974","0.0025334800593554974","1.2223947048187256","1.2223947048187256","1.2223947048187256"
"41","0.1113361343741417","0.1113361343741417","0.1113361343741417","1.426030158996582","1.426030158996582","1.426030158996582"
"42","0.10766685754060745","0.10766685754060745","0.10766685754060745","1.4097119569778442","1.4097119569778442","1.4097119569778442"
"43","0.10214512795209885","0.10214512795209885","0.10214512795209885","1.3865365982055664","1.3865365982055664","1.3865365982055664"
"44","0.09534561634063721","0.09534561634063721","0.09534561634063721","1.3606706857681274","1.3606706857681274","1.3606706857681274"
"45","0.08797767758369446","0.08797767758369446","0.08797767758369446","1.3391869068145752","1.3391869068145752","1.3391869068145752"
"46","0.08039936423301697","0.08039936423301697","0.08039936423301697","1.3323994874954224","1.3323994874954224","1.3323994874954224"
"47","0.07376447319984436","0.07376447319984436","0.07376447319984436","1.341041088104248","1.341041088104248","1.341041088104248"
"48","0.06822703778743744","0.06822703778743744","0.06822703778743744","1.3345900774002075","1.3345900774002075","1.3345900774002075"
"49","0.16964523494243622","0.16964523494243622","0.16964523494243622","1.5543960332870483","1.5543960332870483","1.5543960332870483"
"50","0.16504283249378204","0.16504283249378204","0.16504283249378204","1.4438635110855103","1.4438635110855103","1.4438635110855103"
"51","0.1579049676656723","0.1579049676656723","0.1579049676656723","1.3719099760055542","1.3719099760055542","1.3719099760055542"
"52","0.14883962273597717","0.14883962273597717","0.14883962273597717","1.3824944496154785","1.3824944496154785","1.3824944496154785"
"53","0.13969239592552185","0.13969239592552185","0.13969239592552185","1.3936890363693237","1.3936890363693237","1.3936890363693237"
"54","0.13139037787914276","0.13139037787914276","0.13139037787914276","1.4033145904541016","1.4033145904541016","1.4033145904541016"
"55","0.12440192699432373","0.12440192699432373","0.12440192699432373","1.4089550971984863","1.4089550971984863","1.4089550971984863"
"56","0.11888595670461655","0.11888595670461655","0.11888595670461655","1.4088945388793945","1.4088945388793945","1.4088945388793945"
"57","0.07665036618709564","0.07665036618709564","0.07665036618709564","1.298567771911621","1.298567771911621","1.298567771911621"
"58","0.07307855784893036","0.07307855784893036","0.07307855784893036","1.2873852252960205","1.2873852252960205","1.2873852252960205"
"59","0.06747236102819443","0.06747236102819443","0.06747236102819443","1.268803596496582","1.268803596496582","1.268803596496582"
"60","0.06140884757041931","0.06140884757041931","0.06140884757041931","1.2467272281646729","1.2467272281646729","1.2467272281646729"
"61","0.05525566264986992","0.05525566264986992","0.05525566264986992","1.223788857460022","1.223788857460022","1.223788857460022"
"62","0.04915337637066841","0.04915337637066841","0.04915337637066841","1.2020326852798462","1.2020326852798462","1.2020326852798462"
"63","0.0436595119535923","0.0436595119535923","0.0436595119535923","1.1855547428131104","1.1855547428131104","1.1855547428131104"
"64","0.03838286176323891","0.03838286176323891","0.03838286176323891","1.199339747428894","1.199339747428894","1.199339747428894"
"65","0.02133994735777378","0.02133994735777378","0.02133994735777378","1.2389742136001587","1.2389742136001587","1.2389742136001587"
"66","0.017991844564676285","0.017991844564676285","0.017991844564676285","1.1795406341552734","1.1795406341552734","1.1795406341552734"
"67","0.012781435623764992","0.012781435623764992","0.012781435623764992","1.0837334394454956","1.0837334394454956","1.0837334394454956"
"68","0.006163427606225014","0.006163427606225014","0.006163427606225014","1.0651156902313232","1.0651156902313232","1.0651156902313232"
"69","-0.0014097997918725014","-0.0014097997918725014","-0.0014097997918725014","1.0731563568115234","1.0731563568115234","1.0731563568115234"
"70","-0.009024372324347496","-0.009024372324347496","-0.009024372324347496","1.082183837890625","1.082183837890625","1.082183837890625"
"71","-0.01575741358101368","-0.01575741358101368","-0.01575741358101368","1.0886421203613281","1.0886421203613281","1.0886421203613281"
"72","-0.021632859483361244","-0.021632859483361244","-0.021632859483361244","1.0903801918029785","1.0903801918029785","1.0903801918029785"
"73","0.10981372743844986","0.10981372743844986","0.10981372743844986","1.3861249685287476","1.3861249685287476","1.3861249685287476"
"74","0.10587461292743683","0.10587461292743683","0.10587461292743683","1.3797258138656616","1.3797258138656616","1.3797258138656616"
"75","0.09967208653688431","0.09967208653688431","0.09967208653688431","1.3664969205856323","1.3664969205856323","1.3664969205856323"
"76","0.09229519218206406","0.09229519218206406","0.09229519218206406","1.3488298654556274","1.3488298654556274","1.3488298654556274"
"77","0.0847746953368187","0.0847746953368187","0.0847746953368187","1.3292291164398193","1.3292291164398193","1.3292291164398193"
"78","0.07763950526714325","0.07763950526714325","0.07763950526714325","1.309668779373169","1.309668779373169","1.309668779373169"
"79","0.07115577161312103","0.07115577161312103","0.07115577161312103","1.2919511795043945","1.2919511795043945","1.2919511795043945"
"80","0.06524887681007385","0.06524887681007385","0.06524887681007385","1.2837413549423218","1.2837413549423218","1.2837413549423218"
"81","0.019901519641280174","0.019901519641280174","0.019901519641280174","1.1245092153549194","1.1245092153549194","1.1245092153549194"
"82","0.016405846923589706","0.016405846923589706","0.016405846923589706","1.0865129232406616","1.0865129232406616","1.0865129232406616"
"83","0.010934727266430855","0.010934727266430855","0.010934727266430855","0.993746817111969","0.993746817111969","0.993746817111969"
"84","0.004060263279825449","0.004060263279825449","0.004060263279825449","0.9566754102706909","0.9566754102706909","0.9566754102706909"
"85","-0.0035303879994899035","-0.0035303879994899035","-0.0035303879994899035","0.9655846953392029","0.9655846953392029","0.9655846953392029"
"86","-0.011186117306351662","-0.011186117306351662","-0.011186117306351662","0.9738922715187073","0.9738922715187073","0.9738922715187073"
"87","-0.018194982782006264","-0.018194982782006264","-0.018194982782006264","0.9798315167427063","0.9798315167427063","0.9798315167427063"
"88","-0.024110063910484314","-0.024110063910484314","-0.024110063910484314","0.9818880558013916","0.9818880558013916","0.9818880558013916"
"89","0.03774845600128174","0.03774845600128174","0.03774845600128174","1.1281254291534424","1.1281254291534424","1.1281254291534424"
"90","0.033269334584474564","0.033269334584474564","0.033269334584474564","1.1221586465835571","1.1221586465835571","1.1221586465835571"
"91","0.025838132947683334","0.025838132947683334","0.025838132947683334","1.1089961528778076","1.1089961528778076","1.1089961528778076"
"92","0.016877366229891777","0.016877366229891777","0.016877366229891777","1.091204285621643","1.091204285621643","1.091204285621643"
"93","0.00776366563513875","0.00776366563513875","0.00776366563513875","1.071518898010254","1.071518898010254","1.071518898010254"
"94","-0.0010609014425426722","-0.0010609014425426722","-0.0010609014425426722","1.0517446994781494","1.0517446994781494","1.0517446994781494"
"95","-0.008751786313951015","-0.008751786313951015","-0.008751786313951015","1.0337793827056885","1.0337793827056885","1.0337793827056885"
"96","-0.01512997504323721","-0.01512997504323721","-0.01512997504323721","1.0204365253448486","1.0204365253448486","1.0204365253448486"
"97","-0.0015697097405791283","-0.0015697097405791283","-0.0015697097405791283","1.3634976148605347","1.3634976148605347","1.3634976148605347"
"98","-0.005470443516969681","-0.005470443516969681","-0.005470443516969681","1.3221057653427124","1.3221057653427124","1.3221057653427124"
"99","-0.011607592925429344","-0.011607592925429344","-0.011607592925429344","1.219265103340149","1.219265103340149","1.219265103340149"
"100","-0.018744174391031265","-0.018744174391031265","-0.018744174391031265","1.1778241395950317","1.1778241395950317","1.1778241395950317"
"101","-0.02690684236586094","-0.02690684236586094","-0.02690684236586094","1.186322569847107","1.186322569847107","1.186322569847107"
"102","-0.03508615121245384","-0.03508615121245384","-0.03508615121245384","1.1949762105941772","1.1949762105941772","1.1949762105941772"
"103","-0.041844431310892105","-0.041844431310892105","-0.041844431310892105","1.2027995586395264","1.2027995586395264","1.2027995586395264"
"104","-0.04739189147949219","-0.04739189147949219","-0.04739189147949219","1.2073856592178345","1.2073856592178345","1.2073856592178345"
"105","-0.0016767523484304547","-0.0016767523484304547","-0.0016767523484304547","0.9192990064620972","0.9192990064620972","0.9192990064620972"
"106","-0.00486820237711072","-0.00486820237711072","-0.00486820237711072","0.9163909554481506","0.9163909554481506","0.9163909554481506"
"107","-0.009984525851905346","-0.009984525851905346","-0.009984525851905346","0.9067538976669312","0.9067538976669312","0.9067538976669312"
"108","-0.016560444608330727","-0.016560444608330727","-0.016560444608330727","0.8918705582618713","0.8918705582618713","0.8918705582618713"
"109","-0.02377590723335743","-0.02377590723335743","-0.02377590723335743","0.8740251064300537","0.8740251064300537","0.8740251064300537"
"110","-0.030801434069871902","-0.030801434069871902","-0.030801434069871902","0.8555331230163574","0.8555331230163574","0.8555331230163574"
"111","-0.03668411076068878","-0.03668411076068878","-0.03668411076068878","0.8386465907096863","0.8386465907096863","0.8386465907096863"
"112","-0.04223273694515228","-0.04223273694515228","-0.04223273694515228","0.8236412405967712","0.8236412405967712","0.8236412405967712"
"113","0.018694709986448288","0.018694709986448288","0.018694709986448288","1.078635811805725","1.078635811805725","1.078635811805725"
"114","0.01443280465900898","0.01443280465900898","0.01443280465900898","1.0466585159301758","1.0466585159301758","1.0466585159301758"
"115","0.008024971932172775","0.008024971932172775","0.008024971932172775","0.9482454061508179","0.9482454061508179","0.9482454061508179"
"116","0.00035522523103281856","0.00035522523103281856","0.00035522523103281856","0.8849713206291199","0.8849713206291199","0.8849713206291199"
"117","-0.008229006081819534","-0.008229006081819534","-0.008229006081819534","0.8867876529693604","0.8867876529693604","0.8867876529693604"
"118","-0.01657724380493164","-0.01657724380493164","-0.01657724380493164","0.8906019330024719","0.8906019330024719","0.8906019330024719"
"119","-0.023475628346204758","-0.023475628346204758","-0.023475628346204758","0.8960195779800415","0.8960195779800415","0.8960195779800415"
"120","-0.029190868139266968","-0.029190868139266968","-0.029190868139266968","0.9009414911270142","0.9009414911270142","0.9009414911270142"
"121","-0.0006209961720742285","-0.0006209961720742285","-0.0006209961720742285","0.9861217737197876","0.9861217737197876","0.9861217737197876"
"122","-0.004078293219208717","-0.004078293219208717","-0.004078293219208717","0.9870446920394897","0.9870446920394897","0.9870446920394897"
"123","-0.009936744347214699","-0.009936744347214699","-0.009936744347214699","0.9794536232948303","0.9794536232948303","0.9794536232948303"
"124","-0.017126519232988358","-0.017126519232988358","-0.017126519232988358","0.9651434421539307","0.9651434421539307","0.9651434421539307"
"125","-0.02477363869547844","-0.02477363869547844","-0.02477363869547844","0.9464693665504456","0.9464693665504456","0.9464693665504456"
"126","-0.0321279875934124","-0.0321279875934124","-0.0321279875934124","0.9259442687034607","0.9259442687034607","0.9259442687034607"
"127","-0.03880704566836357","-0.03880704566836357","-0.03880704566836357","0.905749499797821","0.905749499797821","0.905749499797821"
"128","-0.04470131918787956","-0.04470131918787956","-0.04470131918787956","0.8873047828674316","0.8873047828674316","0.8873047828674316"
"129","0.12419897317886353","0.12419897317886353","0.12419897317886353","1.132312297821045","1.132312297821045","1.132312297821045"
"130","0.11811904609203339","0.11811904609203339","0.11811904609203339","1.1093114614486694","1.1093114614486694","1.1093114614486694"
"131","0.10924550890922546","0.10924550890922546","0.10924550890922546","1.0205870866775513","1.0205870866775513","1.0205870866775513"
"132","0.0990474745631218","0.0990474745631218","0.0990474745631218","0.938351035118103","0.938351035118103","0.938351035118103"
"133","0.0881921723484993","0.0881921723484993","0.0881921723484993","0.9364438056945801","0.9364438056945801","0.9364438056945801"
"134","0.07856820523738861","0.07856820523738861","0.07856820523738861","0.9369879961013794","0.9369879961013794","0.9369879961013794"
"135","0.07063820213079453","0.07063820213079453","0.07063820213079453","0.9393301606178284","0.9393301606178284","0.9393301606178284"
"136","0.06455044448375702","0.06455044448375702","0.06455044448375702","0.9423701167106628","0.9423701167106628","0.9423701167106628"
"137","0.0762103870511055","0.0762103870511055","0.0762103870511055","0.8364083766937256","0.8364083766937256","0.8364083766937256"
"138","0.07183106988668442","0.07183106988668442","0.07183106988668442","0.8357465267181396","0.8357465267181396","0.8357465267181396"
"139","0.06524147838354111","0.06524147838354111","0.06524147838354111","0.8295534253120422","0.8295534253120422","0.8295534253120422"
"140","0.05727637559175491","0.05727637559175491","0.05727637559175491","0.8188759684562683","0.8188759684562683","0.8188759684562683"
"141","0.04915039241313934","0.04915039241313934","0.04915039241313934","0.805589497089386","0.805589497089386","0.805589497089386"
"142","0.04142605885863304","0.04142605885863304","0.04142605885863304","0.7912019491195679","0.7912019491195679","0.7912019491195679"
"143","0.03472144901752472","0.03472144901752472","0.03472144901752472","0.7772148251533508","0.7772148251533508","0.7772148251533508"
"144","0.028755588456988335","0.028755588456988335","0.028755588456988335","0.7641628980636597","0.7641628980636597","0.7641628980636597"
"145","0.04063333943486214","0.04063333943486214","0.04063333943486214","0.8145138621330261","0.8145138621330261","0.8145138621330261"
"146","0.03624342754483223","0.03624342754483223","0.03624342754483223","0.7810065746307373","0.7810065746307373","0.7810065746307373"
"147","0.029821110889315605","0.029821110889315605","0.029821110889315605","0.6954631209373474","0.6954631209373474","0.6954631209373474"
"148","0.021955527365207672","0.021955527365207672","0.021955527365207672","0.642400860786438","0.642400860786438","0.642400860786438"
"149","0.013343771919608116","0.013343771919608116","0.013343771919608116","0.6428686380386353","0.6428686380386353","0.6428686380386353"
"150","0.004952427931129932","0.004952427931129932","0.004952427931129932","0.6447291374206543","0.6447291374206543","0.6447291374206543"
"151","-0.0021305102854967117","-0.0021305102854967117","-0.0021305102854967117","0.6479576230049133","0.6479576230049133","0.6479576230049133"
"152","-0.007890821434557438","-0.007890821434557438","-0.007890821434557438","0.6513237953186035","0.6513237953186035","0.6513237953186035"
"153","-0.0027755186893045902","-0.0027755186893045902","-0.0027755186893045902","0.7395384311676025","0.7395384311676025","0.7395384311676025"
"154","-0.0071523599326610565","-0.0071523599326610565","-0.0071523599326610565","0.7395128607749939","0.7395128607749939","0.7395128607749939"
"155","-0.013774553313851357","-0.013774553313851357","-0.013774553313851357","0.7335104942321777","0.7335104942321777","0.7335104942321777"
"156","-0.0213230699300766","-0.0213230699300766","-0.0213230699300766","0.7229973077774048","0.7229973077774048","0.7229973077774048"
"157","-0.029305124655365944","-0.029305124655365944","-0.029305124655365944","0.7091549634933472","0.7091549634933472","0.7091549634933472"
"158","-0.0368829108774662","-0.0368829108774662","-0.0368829108774662","0.6937896609306335","0.6937896609306335","0.6937896609306335"
"159","-0.043718695640563965","-0.043718695640563965","-0.043718695640563965","0.6782511472702026","0.6782511472702026","0.6782511472702026"
"160","-0.049833640456199646","-0.049833640456199646","-0.049833640456199646","0.6634146571159363","0.6634146571159363","0.6634146571159363"
"161","-0.0011628033826127648","-0.0011628033826127648","-0.0011628033826127648","0.6869667768478394","0.6869667768478394","0.6869667768478394"
"162","-0.005789829418063164","-0.005789829418063164","-0.005789829418063164","0.6610988974571228","0.6610988974571228","0.6610988974571228"
"163","-0.013075603172183037","-0.013075603172183037","-0.013075603172183037","0.5827280282974243","0.5827280282974243","0.5827280282974243"
"164","-0.021526837721467018","-0.021526837721467018","-0.021526837721467018","0.5231977701187134","0.5231977701187134","0.5231977701187134"
"165","-0.030498944222927094","-0.030498944222927094","-0.030498944222927094","0.5231614112854004","0.5231614112854004","0.5231614112854004"
"166","-0.03916151821613312","-0.03916151821613312","-0.03916151821613312","0.524882435798645","0.524882435798645","0.524882435798645"
"167","-0.046614255756139755","-0.046614255756139755","-0.046614255756139755","0.5279477834701538","0.5279477834701538","0.5279477834701538"
"168","-0.052354637533426285","-0.052354637533426285","-0.052354637533426285","0.5312947630882263","0.5312947630882263","0.5312947630882263"
"169","-0.0009182569338008761","-0.0009182569338008761","-0.0009182569338008761","0.5743616223335266","0.5743616223335266","0.5743616223335266"
"170","-0.004796166904270649","-0.004796166904270649","-0.004796166904270649","0.5734058022499084","0.5734058022499084","0.5734058022499084"
"171","-0.01160595752298832","-0.01160595752298832","-0.01160595752298832","0.5669064521789551","0.5669064521789551","0.5669064521789551"
"172","-0.02017689310014248","-0.02017689310014248","-0.02017689310014248","0.5561621785163879","0.5561621785163879","0.5561621785163879"
"173","-0.029567565768957138","-0.029567565768957138","-0.029567565768957138","0.5426039695739746","0.5426039695739746","0.5426039695739746"
"174","-0.03851398825645447","-0.03851398825645447","-0.03851398825645447","0.5281792879104614","0.5281792879104614","0.5281792879104614"
"175","-0.045873258262872696","-0.045873258262872696","-0.045873258262872696","0.5147300362586975","0.5147300362586975","0.5147300362586975"
"176","-0.051799070090055466","-0.051799070090055466","-0.051799070090055466","0.50272136926651","0.50272136926651","0.50272136926651"
"177","-0.0006957590230740607","-0.0006957590230740607","-0.0006957590230740607","0.5002734065055847","0.5002734065055847","0.5002734065055847"
"178","-0.006034649908542633","-0.006034649908542633","-0.006034649908542633","0.48020482063293457","0.48020482063293457","0.48020482063293457"
"179","-0.013541213236749172","-0.013541213236749172","-0.013541213236749172","0.4241436719894409","0.4241436719894409","0.4241436719894409"
"180","-0.02173950895667076","-0.02173950895667076","-0.02173950895667076","0.3688480257987976","0.3688480257987976","0.3688480257987976"
"181","-0.03017326258122921","-0.03017326258122921","-0.03017326258122921","0.3697787821292877","0.3697787821292877","0.3697787821292877"
"182","-0.037978023290634155","-0.037978023290634155","-0.037978023290634155","0.3723500669002533","0.3723500669002533","0.3723500669002533"
"183","-0.0442541278898716","-0.0442541278898716","-0.0442541278898716","0.3747963011264801","0.3747963011264801","0.3747963011264801"
"184","-0.04932520538568497","-0.04932520538568497","-0.04932520538568497","0.37524500489234924","0.37524500489234924","0.37524500489234924"
"185","0.0005767345428466797","0.0005767345428466797","0.0005767345428466797","0.48359668254852295","0.48359668254852295","0.48359668254852295"
"186","-0.0029353201389312744","-0.0029353201389312744","-0.0029353201389312744","0.4802458584308624","0.4802458584308624","0.4802458584308624"
"187","-0.008248850703239441","-0.008248850703239441","-0.008248850703239441","0.47338372468948364","0.47338372468948364","0.47338372468948364"
"188","-0.015016764402389526","-0.015016764402389526","-0.015016764402389526","0.46372339129447937","0.46372339129447937","0.46372339129447937"
"189","-0.022279731929302216","-0.022279731929302216","-0.022279731929302216","0.45274192094802856","0.45274192094802856","0.45274192094802856"
"190","-0.029366515576839447","-0.029366515576839447","-0.029366515576839447","0.4416378438472748","0.4416378438472748","0.4416378438472748"
"191","-0.03609740734100342","-0.03609740734100342","-0.03609740734100342","0.43103331327438354","0.43103331327438354","0.43103331327438354"
"192","-0.042310163378715515","-0.042310163378715515","-0.042310163378715515","0.42161476612091064","0.42161476612091064","0.42161476612091064"
"193","0.05659249424934387","0.05659249424934387","0.05659249424934387","0.5167391300201416","0.5167391300201416","0.5167391300201416"
"194","0.0516633503139019","0.0516633503139019","0.0516633503139019","0.48589032888412476","0.48589032888412476","0.48589032888412476"
"195","0.04438618943095207","0.04438618943095207","0.04438618943095207","0.41806137561798096","0.41806137561798096","0.41806137561798096"
"196","0.036486055701971054","0.036486055701971054","0.036486055701971054","0.38321584463119507","0.38321584463119507","0.38321584463119507"
"197","0.02792372554540634","0.02792372554540634","0.02792372554540634","0.38406047224998474","0.38406047224998474","0.38406047224998474"
"198","0.01990606263279915","0.01990606263279915","0.01990606263279915","0.38709908723831177","0.38709908723831177","0.38709908723831177"
"199","0.013215819373726845","0.013215819373726845","0.013215819373726845","0.39138439297676086","0.39138439297676086","0.39138439297676086"
"200","0.007781507913023233","0.007781507913023233","0.007781507913023233","0.39477911591529846","0.39477911591529846","0.39477911591529846"
"201","-0.0011435002088546753","-0.0011435002088546753","-0.0011435002088546753","0.42467302083969116","0.42467302083969116","0.42467302083969116"
"202","-0.006200015544891357","-0.006200015544891357","-0.006200015544891357","0.41955992579460144","0.41955992579460144","0.41955992579460144"
"203","-0.013836503028869629","-0.013836503028869629","-0.013836503028869629","0.40749168395996094","0.40749168395996094","0.40749168395996094"
"204","-0.0215960294008255","-0.0215960294008255","-0.0215960294008255","0.39231330156326294","0.39231330156326294","0.39231330156326294"
"205","-0.02926182746887207","-0.02926182746887207","-0.02926182746887207","0.37583214044570923","0.37583214044570923","0.37583214044570923"
"206","-0.03598272055387497","-0.03598272055387497","-0.03598272055387497","0.3603658080101013","0.3603658080101013","0.3603658080101013"
"207","-0.0420004203915596","-0.0420004203915596","-0.0420004203915596","0.34692829847335815","0.34692829847335815","0.34692829847335815"
"208","-0.04748079180717468","-0.04748079180717468","-0.04748079180717468","0.33651503920555115","0.33651503920555115","0.33651503920555115"
"209","-0.004266818519681692","-0.004266818519681692","-0.004266818519681692","0.4210619032382965","0.4210619032382965","0.4210619032382965"
"210","-0.00833167415112257","-0.00833167415112257","-0.00833167415112257","0.3986421525478363","0.3986421525478363","0.3986421525478363"
"211","-0.014441756531596184","-0.014441756531596184","-0.014441756531596184","0.3327728509902954","0.3327728509902954","0.3327728509902954"
"212","-0.02175864204764366","-0.02175864204764366","-0.02175864204764366","0.28443700075149536","0.28443700075149536","0.28443700075149536"
"213","-0.030331362038850784","-0.030331362038850784","-0.030331362038850784","0.28378137946128845","0.28378137946128845","0.28378137946128845"
"214","-0.038668882101774216","-0.038668882101774216","-0.038668882101774216","0.2850976288318634","0.2850976288318634","0.2850976288318634"
"215","-0.04615853726863861","-0.04615853726863861","-0.04615853726863861","0.287112832069397","0.287112832069397","0.287112832069397"
"216","-0.052273787558078766","-0.052273787558078766","-0.052273787558078766","0.28854525089263916","0.28854525089263916","0.28854525089263916"
"217","-0.0038127433508634567","-0.0038127433508634567","-0.0038127433508634567","0.39125072956085205","0.39125072956085205","0.39125072956085205"
"218","-0.007872610352933407","-0.007872610352933407","-0.007872610352933407","0.38843703269958496","0.38843703269958496","0.38843703269958496"
"219","-0.01415293663740158","-0.01415293663740158","-0.01415293663740158","0.3795219659805298","0.3795219659805298","0.3795219659805298"
"220","-0.021812088787555695","-0.021812088787555695","-0.021812088787555695","0.36610907316207886","0.36610907316207886","0.36610907316207886"
"221","-0.029932448640465736","-0.029932448640465736","-0.029932448640465736","0.35028785467147827","0.35028785467147827","0.35028785467147827"
"222","-0.03787965327501297","-0.03787965327501297","-0.03787965327501297","0.33397629857063293","0.33397629857063293","0.33397629857063293"
"223","-0.04498765245079994","-0.04498765245079994","-0.04498765245079994","0.3189723789691925","0.3189723789691925","0.3189723789691925"
"224","-0.051058169454336166","-0.051058169454336166","-0.051058169454336166","0.30676624178886414","0.30676624178886414","0.30676624178886414"
"225","-0.0017677374416962266","-0.0017677374416962266","-0.0017677374416962266","0.4184179902076721","0.4184179902076721","0.4184179902076721"
"226","-0.007209591567516327","-0.007209591567516327","-0.007209591567516327","0.3988351821899414","0.3988351821899414","0.3988351821899414"
"227","-0.015175693668425083","-0.015175693668425083","-0.015175693668425083","0.33659523725509644","0.33659523725509644","0.33659523725509644"
"228","-0.024771010503172874","-0.024771010503172874","-0.024771010503172874","0.2813400626182556","0.2813400626182556","0.2813400626182556"
"229","-0.035152774304151535","-0.035152774304151535","-0.035152774304151535","0.2791167199611664","0.2791167199611664","0.2791167199611664"
"230","-0.04503706097602844","-0.04503706097602844","-0.04503706097602844","0.2787419259548187","0.2787419259548187","0.2787419259548187"
"231","-0.05335924029350281","-0.05335924029350281","-0.05335924029350281","0.2796814441680908","0.2796814441680908","0.2796814441680908"
"232","-0.0601993091404438","-0.0601993091404438","-0.0601993091404438","0.2802104353904724","0.2802104353904724","0.2802104353904724"
"233","0.0005641200696118176","0.0005641200696118176","0.0005641200696118176","0.37482771277427673","0.37482771277427673","0.37482771277427673"
"234","-0.0031220153905451298","-0.0031220153905451298","-0.0031220153905451298","0.3717835545539856","0.3717835545539856","0.3717835545539856"
"235","-0.009435572661459446","-0.009435572661459446","-0.009435572661459446","0.3630284070968628","0.3630284070968628","0.3630284070968628"
"236","-0.017323456704616547","-0.017323456704616547","-0.017323456704616547","0.3502630889415741","0.3502630889415741","0.3502630889415741"
"237","-0.025937121361494064","-0.025937121361494064","-0.025937121361494064","0.3352706730365753","0.3352706730365753","0.3352706730365753"
"238","-0.03466776758432388","-0.03466776758432388","-0.03466776758432388","0.31963860988616943","0.31963860988616943","0.31963860988616943"
"239","-0.042937979102134705","-0.042937979102134705","-0.042937979102134705","0.30529534816741943","0.30529534816741943","0.30529534816741943"
"240","-0.0504770427942276","-0.0504770427942276","-0.0504770427942276","0.29333192110061646","0.29333192110061646","0.29333192110061646"
"241","-0.000352526520146057","-0.000352526520146057","-0.000352526520146057","0.5300589203834534","0.5300589203834534","0.5300589203834534"
"242","-0.005887042265385389","-0.005887042265385389","-0.005887042265385389","0.4926287829875946","0.4926287829875946","0.4926287829875946"
"243","-0.014207731001079082","-0.014207731001079082","-0.014207731001079082","0.40751340985298157","0.40751340985298157","0.40751340985298157"
"244","-0.02357320301234722","-0.02357320301234722","-0.02357320301234722","0.37357422709465027","0.37357422709465027","0.37357422709465027"
"245","-0.033445458859205246","-0.033445458859205246","-0.033445458859205246","0.37337449193000793","0.37337449193000793","0.37337449193000793"
"246","-0.04219203069806099","-0.04219203069806099","-0.04219203069806099","0.37624993920326233","0.37624993920326233","0.37624993920326233"
"247","-0.04982244595885277","-0.04982244595885277","-0.04982244595885277","0.3806144893169403","0.3806144893169403","0.3806144893169403"
"248","-0.05595313012599945","-0.05595313012599945","-0.05595313012599945","0.38490617275238037","0.38490617275238037","0.38490617275238037"
"249","0.0007318553398363292","0.0007318553398363292","0.0007318553398363292","0.38083043694496155","0.38083043694496155","0.38083043694496155"
"250","-0.0036370332818478346","-0.0036370332818478346","-0.0036370332818478346","0.37836968898773193","0.37836968898773193","0.37836968898773193"
"251","-0.010530308820307255","-0.010530308820307255","-0.010530308820307255","0.36898478865623474","0.36898478865623474","0.36898478865623474"
"252","-0.01893315277993679","-0.01893315277993679","-0.01893315277993679","0.3551821708679199","0.3551821708679199","0.3551821708679199"
"253","-0.027340231463313103","-0.027340231463313103","-0.027340231463313103","0.33963724970817566","0.33963724970817566","0.33963724970817566"
"254","-0.034892451018095016","-0.034892451018095016","-0.034892451018095016","0.3243095278739929","0.3243095278739929","0.3243095278739929"
"255","-0.04138128459453583","-0.04138128459453583","-0.04138128459453583","0.3103998899459839","0.3103998899459839","0.3103998899459839"
"256","-0.047028884291648865","-0.047028884291648865","-0.047028884291648865","0.29903644323349","0.29903644323349","0.29903644323349"
"257","0.05399397388100624","0.05399397388100624","0.05399397388100624","0.4660341143608093","0.4660341143608093","0.4660341143608093"
"258","0.04973657801747322","0.04973657801747322","0.04973657801747322","0.44718194007873535","0.44718194007873535","0.44718194007873535"
"259","0.043120771646499634","0.043120771646499634","0.043120771646499634","0.38954275846481323","0.38954275846481323","0.38954275846481323"
"260","0.03501465171575546","0.03501465171575546","0.03501465171575546","0.33466923236846924","0.33466923236846924","0.33466923236846924"
"261","0.0257154181599617","0.0257154181599617","0.0257154181599617","0.3322139382362366","0.3322139382362366","0.3322139382362366"
"262","0.016391150653362274","0.016391150653362274","0.016391150653362274","0.330296128988266","0.330296128988266","0.330296128988266"
"263","0.00788359995931387","0.00788359995931387","0.00788359995931387","0.32841968536376953","0.32841968536376953","0.32841968536376953"
"264","0.0013238260289654136","0.0013238260289654136","0.0013238260289654136","0.326621413230896","0.326621413230896","0.326621413230896"
"265","-0.006827733013778925","-0.006827733013778925","-0.006827733013778925","0.22802135348320007","0.22802135348320007","0.22802135348320007"
"266","-0.01260895561426878","-0.01260895561426878","-0.01260895561426878","0.2219979614019394","0.2219979614019394","0.2219979614019394"
"267","-0.018987249583005905","-0.018987249583005905","-0.018987249583005905","0.2125028520822525","0.2125028520822525","0.2125028520822525"
"268","-0.025943826884031296","-0.025943826884031296","-0.025943826884031296","0.20060919225215912","0.20060919225215912","0.20060919225215912"
"269","-0.032730214297771454","-0.032730214297771454","-0.032730214297771454","0.18828442692756653","0.18828442692756653","0.18828442692756653"
"270","-0.039375241845846176","-0.039375241845846176","-0.039375241845846176","0.17655543982982635","0.17655543982982635","0.17655543982982635"
"271","-0.04549308121204376","-0.04549308121204376","-0.04549308121204376","0.16660365462303162","0.16660365462303162","0.16660365462303162"
"272","-0.050891682505607605","-0.050891682505607605","-0.050891682505607605","0.1588536500930786","0.1588536500930786","0.1588536500930786"
"273","0.00046339721302501857","0.00046339721302501857","0.00046339721302501857","0.25094303488731384","0.25094303488731384","0.25094303488731384"
"274","-0.0050886813551187515","-0.0050886813551187515","-0.0050886813551187515","0.23075984418392181","0.23075984418392181","0.23075984418392181"
"275","-0.01401685643941164","-0.01401685643941164","-0.01401685643941164","0.1803981363773346","0.1803981363773346","0.1803981363773346"
"276","-0.02503739669919014","-0.02503739669919014","-0.02503739669919014","0.1343912035226822","0.1343912035226822","0.1343912035226822"
"277","-0.03723439574241638","-0.03723439574241638","-0.03723439574241638","0.1287154257297516","0.1287154257297516","0.1287154257297516"
"278","-0.04871411249041557","-0.04871411249041557","-0.04871411249041557","0.12503618001937866","0.12503618001937866","0.12503618001937866"
"279","-0.05805709958076477","-0.05805709958076477","-0.05805709958076477","0.12346512079238892","0.12346512079238892","0.12346512079238892"
"280","-0.06548525393009186","-0.06548525393009186","-0.06548525393009186","0.12224723398685455","0.12224723398685455","0.12224723398685455"
"281","0.0009473599493503571","0.0009473599493503571","0.0009473599493503571","0.26075220108032227","0.26075220108032227","0.26075220108032227"
"282","-0.003133010119199753","-0.003133010119199753","-0.003133010119199753","0.2562244236469269","0.2562244236469269","0.2562244236469269"
"283","-0.00958709791302681","-0.00958709791302681","-0.00958709791302681","0.2459137886762619","0.2459137886762619","0.2459137886762619"
"284","-0.017197852954268456","-0.017197852954268456","-0.017197852954268456","0.23227053880691528","0.23227053880691528","0.23227053880691528"
"285","-0.025256238877773285","-0.025256238877773285","-0.025256238877773285","0.2176438570022583","0.2176438570022583","0.2176438570022583"
"286","-0.03289332240819931","-0.03289332240819931","-0.03289332240819931","0.20513862371444702","0.20513862371444702","0.20513862371444702"
"287","-0.04004744440317154","-0.04004744440317154","-0.04004744440317154","0.19435179233551025","0.19435179233551025","0.19435179233551025"
"288","-0.04607340320944786","-0.04607340320944786","-0.04607340320944786","0.18609344959259033","0.18609344959259033","0.18609344959259033"
"289","0.07937226444482803","0.07937226444482803","0.07937226444482803","0.34454643726348877","0.34454643726348877","0.34454643726348877"
"290","0.07307577133178711","0.07307577133178711","0.07307577133178711","0.32607102394104004","0.32607102394104004","0.32607102394104004"
"291","0.06370145082473755","0.06370145082473755","0.06370145082473755","0.280414879322052","0.280414879322052","0.280414879322052"
"292","0.052992966026067734","0.052992966026067734","0.052992966026067734","0.23856881260871887","0.23856881260871887","0.23856881260871887"
"293","0.04247915744781494","0.04247915744781494","0.04247915744781494","0.2378055453300476","0.2378055453300476","0.2378055453300476"
"294","0.032747045159339905","0.032747045159339905","0.032747045159339905","0.23717160522937775","0.23717160522937775","0.23717160522937775"
"295","0.02471207082271576","0.02471207082271576","0.02471207082271576","0.23527637124061584","0.23527637124061584","0.23527637124061584"
"296","0.018390953540802002","0.018390953540802002","0.018390953540802002","0.23089821636676788","0.23089821636676788","0.23089821636676788"
"297","0.0026566707529127598","0.0026566707529127598","0.0026566707529127598","0.2770302891731262","0.2770302891731262","0.2770302891731262"
"298","-0.002845827490091324","-0.002845827490091324","-0.002845827490091324","0.26576152443885803","0.26576152443885803","0.26576152443885803"
"299","-0.010969121940433979","-0.010969121940433979","-0.010969121940433979","0.24835743010044098","0.24835743010044098","0.24835743010044098"
"300","-0.01954646408557892","-0.01954646408557892","-0.01954646408557892","0.22906824946403503","0.22906824946403503","0.22906824946403503"
"301","-0.028009390458464622","-0.028009390458464622","-0.028009390458464622","0.21175916492938995","0.21175916492938995","0.21175916492938995"
"302","-0.03534504026174545","-0.03534504026174545","-0.03534504026174545","0.21057826280593872","0.21057826280593872","0.21057826280593872"
"303","-0.0420699380338192","-0.0420699380338192","-0.0420699380338192","0.21036455035209656","0.21036455035209656","0.21036455035209656"
"304","-0.04795220494270325","-0.04795220494270325","-0.04795220494270325","0.19355806708335876","0.19355806708335876","0.19355806708335876"
"305","0.03792349621653557","0.03792349621653557","0.03792349621653557","0.37460607290267944","0.37460607290267944","0.37460607290267944"
"306","0.03343396633863449","0.03343396633863449","0.03343396633863449","0.30867233872413635","0.30867233872413635","0.30867233872413635"
"307","0.026399897411465645","0.026399897411465645","0.026399897411465645","0.27386096119880676","0.27386096119880676","0.27386096119880676"
"308","0.017572518438100815","0.017572518438100815","0.017572518438100815","0.27895456552505493","0.27895456552505493","0.27895456552505493"
"309","0.008354113437235355","0.008354113437235355","0.008354113437235355","0.28271418809890747","0.28271418809890747","0.28271418809890747"
"310","-0.00039268669206649065","-0.00039268669206649065","-0.00039268669206649065","0.28344452381134033","0.28344452381134033","0.28344452381134033"
"311","-0.007574521005153656","-0.007574521005153656","-0.007574521005153656","0.2803625762462616","0.2803625762462616","0.2803625762462616"
"312","-0.013138116337358952","-0.013138116337358952","-0.013138116337358952","0.2730032205581665","0.2730032205581665","0.2730032205581665"
"313","0.01840437948703766","0.01840437948703766","0.01840437948703766","0.3222007751464844","0.3222007751464844","0.3222007751464844"
"314","0.014046002179384232","0.014046002179384232","0.014046002179384232","0.309709370136261","0.309709370136261","0.309709370136261"
"315","0.0073318080976605415","0.0073318080976605415","0.0073318080976605415","0.2920131981372833","0.2920131981372833","0.2920131981372833"
"316","-0.0004687201580964029","-0.0004687201580964029","-0.0004687201580964029","0.272347092628479","0.272347092628479","0.272347092628479"
"317","-0.008343465626239777","-0.008343465626239777","-0.008343465626239777","0.25341305136680603","0.25341305136680603","0.25341305136680603"
"318","-0.015656111761927605","-0.015656111761927605","-0.015656111761927605","0.2382785677909851","0.2382785677909851","0.2382785677909851"
"319","-0.022316889837384224","-0.022316889837384224","-0.022316889837384224","0.24397511780261993","0.24397511780261993","0.24397511780261993"
"320","-0.028563305735588074","-0.028563305735588074","-0.028563305735588074","0.24859876930713654","0.24859876930713654","0.24859876930713654"
"321","0.00035785569343715906","0.00035785569343715906","0.00035785569343715906","0.26583990454673767","0.26583990454673767","0.26583990454673767"
"322","-0.004837992135435343","-0.004837992135435343","-0.004837992135435343","0.21164782345294952","0.21164782345294952","0.21164782345294952"
"323","-0.012795167043805122","-0.012795167043805122","-0.012795167043805122","0.16028636693954468","0.16028636693954468","0.16028636693954468"
"324","-0.023210227489471436","-0.023210227489471436","-0.023210227489471436","0.1576905995607376","0.1576905995607376","0.1576905995607376"
"325","-0.03435914218425751","-0.03435914218425751","-0.03435914218425751","0.15587332844734192","0.15587332844734192","0.15587332844734192"
"326","-0.044951967895030975","-0.044951967895030975","-0.044951967895030975","0.15418168902397156","0.15418168902397156","0.15418168902397156"
"327","-0.05395353585481644","-0.05395353585481644","-0.05395353585481644","0.15168976783752441","0.15168976783752441","0.15168976783752441"
"328","-0.06068440526723862","-0.06068440526723862","-0.06068440526723862","0.14775893092155457","0.14775893092155457","0.14775893092155457"
"329","0.009773535653948784","0.009773535653948784","0.009773535653948784","0.24541926383972168","0.24541926383972168","0.24541926383972168"
"330","0.004777155816555023","0.004777155816555023","0.004777155816555023","0.23118019104003906","0.23118019104003906","0.23118019104003906"
"331","-0.0029226280748844147","-0.0029226280748844147","-0.0029226280748844147","0.20823794603347778","0.20823794603347778","0.20823794603347778"
"332","-0.011767003685235977","-0.011767003685235977","-0.011767003685235977","0.1821380853652954","0.1821380853652954","0.1821380853652954"
"333","-0.020346371456980705","-0.020346371456980705","-0.020346371456980705","0.1574717015028","0.1574717015028","0.1574717015028"
"334","-0.02852715738117695","-0.02852715738117695","-0.02852715738117695","0.14254692196846008","0.14254692196846008","0.14254692196846008"
"335","-0.03577752783894539","-0.03577752783894539","-0.03577752783894539","0.15533699095249176","0.15533699095249176","0.15533699095249176"
"336","-0.04188263416290283","-0.04188263416290283","-0.04188263416290283","0.15880094468593597","0.15880094468593597","0.15880094468593597"
"337","0.0002457134542055428","0.0002457134542055428","0.0002457134542055428","0.2776922881603241","0.2776922881603241","0.2776922881603241"
"338","-0.0052382149733603","-0.0052382149733603","-0.0052382149733603","0.2318871170282364","0.2318871170282364","0.2318871170282364"
"339","-0.013000693172216415","-0.013000693172216415","-0.013000693172216415","0.17844170331954956","0.17844170331954956","0.17844170331954956"
"340","-0.022195283323526382","-0.022195283323526382","-0.022195283323526382","0.17900870740413666","0.17900870740413666","0.17900870740413666"
"341","-0.03192010521888733","-0.03192010521888733","-0.03192010521888733","0.18077224493026733","0.18077224493026733","0.18077224493026733"
"342","-0.04078669846057892","-0.04078669846057892","-0.04078669846057892","0.1821918934583664","0.1821918934583664","0.1821918934583664"
"343","-0.048340607434511185","-0.048340607434511185","-0.048340607434511185","0.181538388133049","0.181538388133049","0.181538388133049"
"344","-0.05423576012253761","-0.05423576012253761","-0.05423576012253761","0.1777721643447876","0.1777721643447876","0.1777721643447876"
"345","0.023972010239958763","0.023972010239958763","0.023972010239958763","0.30143705010414124","0.30143705010414124","0.30143705010414124"
"346","0.013259951956570148","0.013259951956570148","0.013259951956570148","0.27737751603126526","0.27737751603126526","0.27737751603126526"
"347","0.003330261679366231","0.003330261679366231","0.003330261679366231","0.24874043464660645","0.24874043464660645","0.24874043464660645"
"348","-0.005520378239452839","-0.005520378239452839","-0.005520378239452839","0.2207883596420288","0.2207883596420288","0.2207883596420288"
"349","-0.014540037140250206","-0.014540037140250206","-0.014540037140250206","0.19855450093746185","0.19855450093746185","0.19855450093746185"
"350","-0.022456776350736618","-0.022456776350736618","-0.022456776350736618","0.19907759130001068","0.19907759130001068","0.19907759130001068"
"351","-0.02915269322693348","-0.02915269322693348","-0.02915269322693348","0.20753392577171326","0.20753392577171326","0.20753392577171326"
"352","-0.03475956618785858","-0.03475956618785858","-0.03475956618785858","0.1959303319454193","0.1959303319454193","0.1959303319454193"
"353","0.002325731562450528","0.002325731562450528","0.002325731562450528","0.18096651136875153","0.18096651136875153","0.18096651136875153"
"354","-0.0024469224736094475","-0.0024469224736094475","-0.0024469224736094475","0.14258690178394318","0.14258690178394318","0.14258690178394318"
"355","-0.009830014780163765","-0.009830014780163765","-0.009830014780163765","0.11292768269777298","0.11292768269777298","0.11292768269777298"
"356","-0.019180454313755035","-0.019180454313755035","-0.019180454313755035","0.11564350873231888","0.11564350873231888","0.11564350873231888"
"357","-0.029259804636240005","-0.029259804636240005","-0.029259804636240005","0.11674907803535461","0.11674907803535461","0.11674907803535461"
"358","-0.0388440303504467","-0.0388440303504467","-0.0388440303504467","0.11476698517799377","0.11476698517799377","0.11476698517799377"
"359","-0.04665786027908325","-0.04665786027908325","-0.04665786027908325","0.10922645032405853","0.10922645032405853","0.10922645032405853"
"360","-0.053084321320056915","-0.053084321320056915","-0.053084321320056915","0.0995292142033577","0.0995292142033577","0.0995292142033577"
"361","-0.000024235645469161682","-0.000024235645469161682","-0.000024235645469161682","0.3312973976135254","0.3312973976135254","0.3312973976135254"
"362","-0.0072466968558728695","-0.0072466968558728695","-0.0072466968558728695","0.31471556425094604","0.31471556425094604","0.31471556425094604"
"363","-0.01648602820932865","-0.01648602820932865","-0.01648602820932865","0.29570311307907104","0.29570311307907104","0.29570311307907104"
"364","-0.02622486837208271","-0.02622486837208271","-0.02622486837208271","0.2824532389640808","0.2824532389640808","0.2824532389640808"
"365","-0.03530433028936386","-0.03530433028936386","-0.03530433028936386","0.2857760190963745","0.2857760190963745","0.2857760190963745"
"366","-0.04317509010434151","-0.04317509010434151","-0.04317509010434151","0.27419301867485046","0.27419301867485046","0.27419301867485046"
"367","-0.049941129982471466","-0.049941129982471466","-0.049941129982471466","0.25618690252304077","0.25618690252304077","0.25618690252304077"
"368","-0.05553814023733139","-0.05553814023733139","-0.05553814023733139","0.24858593940734863","0.24858593940734863","0.24858593940734863"
"369","0.04237574338912964","0.04237574338912964","0.04237574338912964","0.23761259019374847","0.23761259019374847","0.23761259019374847"
"370","0.03678564354777336","0.03678564354777336","0.03678564354777336","0.20363785326480865","0.20363785326480865","0.20363785326480865"
"371","0.027921432629227638","0.027921432629227638","0.027921432629227638","0.1700165718793869","0.1700165718793869","0.1700165718793869"
"372","0.017448849976062775","0.017448849976062775","0.017448849976062775","0.17223522067070007","0.17223522067070007","0.17223522067070007"
"373","0.006875300779938698","0.006875300779938698","0.006875300779938698","0.17488150298595428","0.17488150298595428","0.17488150298595428"
"374","-0.0028501967899501324","-0.0028501967899501324","-0.0028501967899501324","0.17342638969421387","0.17342638969421387","0.17342638969421387"
"375","-0.010147363878786564","-0.010147363878786564","-0.010147363878786564","0.16718462109565735","0.16718462109565735","0.16718462109565735"
"376","-0.01597828045487404","-0.01597828045487404","-0.01597828045487404","0.1554771214723587","0.1554771214723587","0.1554771214723587"
"377","0.051803912967443466","0.051803912967443466","0.051803912967443466","0.2993418872356415","0.2993418872356415","0.2993418872356415"
"378","0.04749813303351402","0.04749813303351402","0.04749813303351402","0.28051698207855225","0.28051698207855225","0.28051698207855225"
"379","0.04079008847475052","0.04079008847475052","0.04079008847475052","0.2617221772670746","0.2617221772670746","0.2617221772670746"
"380","0.03270161151885986","0.03270161151885986","0.03270161151885986","0.2655937373638153","0.2655937373638153","0.2655937373638153"
"381","0.024452630430459976","0.024452630430459976","0.024452630430459976","0.26541298627853394","0.26541298627853394","0.26541298627853394"
"382","0.016747821122407913","0.016747821122407913","0.016747821122407913","0.2501552999019623","0.2501552999019623","0.2501552999019623"
"383","0.009710388258099556","0.009710388258099556","0.009710388258099556","0.22797057032585144","0.22797057032585144","0.22797057032585144"
"384","0.003691331250593066","0.003691331250593066","0.003691331250593066","0.218268021941185","0.218268021941185","0.218268021941185"
"385","0.017725594341754913","0.017725594341754913","0.017725594341754913","0.23014479875564575","0.23014479875564575","0.23014479875564575"
"386","0.012504592537879944","0.012504592537879944","0.012504592537879944","0.19069330394268036","0.19069330394268036","0.19069330394268036"
"387","0.004386247601360083","0.004386247601360083","0.004386247601360083","0.16040968894958496","0.16040968894958496","0.16040968894958496"
"388","-0.005566369742155075","-0.005566369742155075","-0.005566369742155075","0.16371168196201324","0.16371168196201324","0.16371168196201324"
"389","-0.01617402769625187","-0.01617402769625187","-0.01617402769625187","0.16386105120182037","0.16386105120182037","0.16386105120182037"
"390","-0.02574317529797554","-0.02574317529797554","-0.02574317529797554","0.1597897857427597","0.1597897857427597","0.1597897857427597"
"391","-0.033764153718948364","-0.033764153718948364","-0.033764153718948364","0.15087895095348358","0.15087895095348358","0.15087895095348358"
"392","-0.03978675231337547","-0.03978675231337547","-0.03978675231337547","0.1384556144475937","0.1384556144475937","0.1384556144475937"
"393","0.002059854567050934","0.002059854567050934","0.002059854567050934","0.2508767545223236","0.2508767545223236","0.2508767545223236"
"394","-0.0026652913074940443","-0.0026652913074940443","-0.0026652913074940443","0.2199888974428177","0.2199888974428177","0.2199888974428177"
"395","-0.009960700757801533","-0.009960700757801533","-0.009960700757801533","0.19587714970111847","0.19587714970111847","0.19587714970111847"
"396","-0.018467221409082413","-0.018467221409082413","-0.018467221409082413","0.1955108493566513","0.1955108493566513","0.1955108493566513"
"397","-0.026618294417858124","-0.026618294417858124","-0.026618294417858124","0.19677308201789856","0.19677308201789856","0.19677308201789856"
"398","-0.034050315618515015","-0.034050315618515015","-0.034050315618515015","0.19178670644760132","0.19178670644760132","0.19178670644760132"
"399","-0.0408945232629776","-0.0408945232629776","-0.0408945232629776","0.17684563994407654","0.17684563994407654","0.17684563994407654"
"400","-0.04697669669985771","-0.04697669669985771","-0.04697669669985771","0.1551220417022705","0.1551220417022705","0.1551220417022705"
"401","0.037771593779325485","0.037771593779325485","0.037771593779325485","0.3201548159122467","0.3201548159122467","0.3201548159122467"
"402","0.03046290948987007","0.03046290948987007","0.03046290948987007","0.2824195623397827","0.2824195623397827","0.2824195623397827"
"403","0.02032269351184368","0.02032269351184368","0.02032269351184368","0.26369529962539673","0.26369529962539673","0.26369529962539673"
"404","0.009078792296350002","0.009078792296350002","0.009078792296350002","0.2701142430305481","0.2701142430305481","0.2701142430305481"
"405","-0.001917004119604826","-0.001917004119604826","-0.001917004119604826","0.26730629801750183","0.26730629801750183","0.26730629801750183"
"406","-0.011864711530506611","-0.011864711530506611","-0.011864711530506611","0.25459322333335876","0.25459322333335876","0.25459322333335876"
"407","-0.019822847098112106","-0.019822847098112106","-0.019822847098112106","0.23541413247585297","0.23541413247585297","0.23541413247585297"
"408","-0.026031997054815292","-0.026031997054815292","-0.026031997054815292","0.21511387825012207","0.21511387825012207","0.21511387825012207"
"409","0.0022261100821197033","0.0022261100821197033","0.0022261100821197033","0.18436722457408905","0.18436722457408905","0.18436722457408905"
"410","-0.002840181114152074","-0.002840181114152074","-0.002840181114152074","0.18276946246623993","0.18276946246623993","0.18276946246623993"
"411","-0.009646572172641754","-0.009646572172641754","-0.009646572172641754","0.18260297179222107","0.18260297179222107","0.18260297179222107"
"412","-0.017352081835269928","-0.017352081835269928","-0.017352081835269928","0.1749323308467865","0.1749323308467865","0.1749323308467865"
"413","-0.024346454069018364","-0.024346454069018364","-0.024346454069018364","0.16000433266162872","0.16000433266162872","0.16000433266162872"
"414","-0.030710438266396523","-0.030710438266396523","-0.030710438266396523","0.1415286511182785","0.1415286511182785","0.1415286511182785"
"415","-0.03642374649643898","-0.03642374649643898","-0.03642374649643898","0.1287861466407776","0.1287861466407776","0.1287861466407776"
"416","-0.041269056499004364","-0.041269056499004364","-0.041269056499004364","0.12553468346595764","0.12553468346595764","0.12553468346595764"
"417","0.03297451511025429","0.03297451511025429","0.03297451511025429","0.3066130578517914","0.3066130578517914","0.3066130578517914"
"418","0.02736564353108406","0.02736564353108406","0.02736564353108406","0.2824106514453888","0.2824106514453888","0.2824106514453888"
"419","0.019146325066685677","0.019146325066685677","0.019146325066685677","0.2569120228290558","0.2569120228290558","0.2569120228290558"
"420","0.00933920405805111","0.00933920405805111","0.00933920405805111","0.2521843910217285","0.2521843910217285","0.2521843910217285"
"421","-0.0005441511748358607","-0.0005441511748358607","-0.0005441511748358607","0.2527812123298645","0.2527812123298645","0.2527812123298645"
"422","-0.009434081614017487","-0.009434081614017487","-0.009434081614017487","0.24359294772148132","0.24359294772148132","0.24359294772148132"
"423","-0.016806378960609436","-0.016806378960609436","-0.016806378960609436","0.2262643575668335","0.2262643575668335","0.2262643575668335"
"424","-0.022550152614712715","-0.022550152614712715","-0.022550152614712715","0.20581699907779694","0.20581699907779694","0.20581699907779694"
"425","0.05152323842048645","0.05152323842048645","0.05152323842048645","0.2547398805618286","0.2547398805618286","0.2547398805618286"
"426","0.04650282859802246","0.04650282859802246","0.04650282859802246","0.2560616731643677","0.2560616731643677","0.2560616731643677"
"427","0.03883501514792442","0.03883501514792442","0.03883501514792442","0.24977749586105347","0.24977749586105347","0.24977749586105347"
"428","0.031240442767739296","0.031240442767739296","0.031240442767739296","0.2374122142791748","0.2374122142791748","0.2374122142791748"
"429","0.02325601503252983","0.02325601503252983","0.02325601503252983","0.22097748517990112","0.22097748517990112","0.22097748517990112"
"430","0.016116363927721977","0.016116363927721977","0.016116363927721977","0.2080051451921463","0.2080051451921463","0.2080051451921463"
"431","0.009635385125875473","0.009635385125875473","0.009635385125875473","0.20332899689674377","0.20332899689674377","0.20332899689674377"
"432","0.0035974092315882444","0.0035974092315882444","0.0035974092315882444","0.19896864891052246","0.19896864891052246","0.19896864891052246"
"433","0.1048174500465393","0.1048174500465393","0.1048174500465393","0.3417261838912964","0.3417261838912964","0.3417261838912964"
"434","0.09471491724252701","0.09471491724252701","0.09471491724252701","0.3281156122684479","0.3281156122684479","0.3281156122684479"
"435","0.07889357954263687","0.07889357954263687","0.07889357954263687","0.3063083291053772","0.3063083291053772","0.3063083291053772"
"436","0.06104470416903496","0.06104470416903496","0.06104470416903496","0.2826765477657318","0.2826765477657318","0.2826765477657318"
"437","0.04532342776656151","0.04532342776656151","0.04532342776656151","0.2640005350112915","0.2640005350112915","0.2640005350112915"
"438","0.032176800072193146","0.032176800072193146","0.032176800072193146","0.25371286273002625","0.25371286273002625","0.25371286273002625"
"439","0.02197101153433323","0.02197101153433323","0.02197101153433323","0.24205033481121063","0.24205033481121063","0.24205033481121063"
"440","0.014968084171414375","0.014968084171414375","0.014968084171414375","0.22743012011051178","0.22743012011051178","0.22743012011051178"
"441","0.032227713614702225","0.032227713614702225","0.032227713614702225","0.28643205761909485","0.28643205761909485","0.28643205761909485"
"442","0.025197841227054596","0.025197841227054596","0.025197841227054596","0.2803032398223877","0.2803032398223877","0.2803032398223877"
"443","0.01510509941726923","0.01510509941726923","0.01510509941726923","0.26442408561706543","0.26442408561706543","0.26442408561706543"
"444","0.005856883712112904","0.005856883712112904","0.005856883712112904","0.24713747203350067","0.24713747203350067","0.24713747203350067"
"445","-0.003048180602490902","-0.003048180602490902","-0.003048180602490902","0.23726049065589905","0.23726049065589905","0.23726049065589905"
"446","-0.011384828947484493","-0.011384828947484493","-0.011384828947484493","0.22986480593681335","0.22986480593681335","0.22986480593681335"
"447","-0.0189487487077713","-0.0189487487077713","-0.0189487487077713","0.2187865525484085","0.2187865525484085","0.2187865525484085"
"448","-0.025229254737496376","-0.025229254737496376","-0.025229254737496376","0.20617865025997162","0.20617865025997162","0.20617865025997162"
"449","0.05279282480478287","0.05279282480478287","0.05279282480478287","0.43033066391944885","0.43033066391944885","0.43033066391944885"
"450","0.04515548422932625","0.04515548422932625","0.04515548422932625","0.4155619740486145","0.4155619740486145","0.4155619740486145"
"451","0.03564981743693352","0.03564981743693352","0.03564981743693352","0.3886288106441498","0.3886288106441498","0.3886288106441498"
"452","0.025930173695087433","0.025930173695087433","0.025930173695087433","0.3659669756889343","0.3659669756889343","0.3659669756889343"
"453","0.016719356179237366","0.016719356179237366","0.016719356179237366","0.35685038566589355","0.35685038566589355","0.35685038566589355"
"454","0.00900984276086092","0.00900984276086092","0.00900984276086092","0.3537793457508087","0.3537793457508087","0.3537793457508087"
"455","0.0029209486674517393","0.0029209486674517393","0.0029209486674517393","0.3388481140136719","0.3388481140136719","0.3388481140136719"
"456","-0.0019248941680416465","-0.0019248941680416465","-0.0019248941680416465","0.32139962911605835","0.32139962911605835","0.32139962911605835"
"457","0.08903737366199493","0.08903737366199493","0.08903737366199493","0.30325597524642944","0.30325597524642944","0.30325597524642944"
"458","0.0817646011710167","0.0817646011710167","0.0817646011710167","0.299766480922699","0.299766480922699","0.299766480922699"
"459","0.07184232771396637","0.07184232771396637","0.07184232771396637","0.2889519929885864","0.2889519929885864","0.2889519929885864"
"460","0.06149428337812424","0.06149428337812424","0.06149428337812424","0.272379070520401","0.272379070520401","0.272379070520401"
"461","0.05107547715306282","0.05107547715306282","0.05107547715306282","0.253479540348053","0.253479540348053","0.253479540348053"
"462","0.04190872982144356","0.04190872982144356","0.04190872982144356","0.23947051167488098","0.23947051167488098","0.23947051167488098"
"463","0.03399055823683739","0.03399055823683739","0.03399055823683739","0.23301127552986145","0.23301127552986145","0.23301127552986145"
"464","0.027256958186626434","0.027256958186626434","0.027256958186626434","0.2261403501033783","0.2261403501033783","0.2261403501033783"
"465","0.08376189321279526","0.08376189321279526","0.08376189321279526","0.6496485471725464","0.6496485471725464","0.6496485471725464"
"466","0.07876363396644592","0.07876363396644592","0.07876363396644592","0.6296652555465698","0.6296652555465698","0.6296652555465698"
"467","0.07074643671512604","0.07074643671512604","0.07074643671512604","0.5976937413215637","0.5976937413215637","0.5976937413215637"
"468","0.061171937733888626","0.061171937733888626","0.061171937733888626","0.5858315825462341","0.5858315825462341","0.5858315825462341"
"469","0.05090494826436043","0.05090494826436043","0.05090494826436043","0.5882260799407959","0.5882260799407959","0.5882260799407959"
"470","0.04111001640558243","0.04111001640558243","0.04111001640558243","0.5749200582504272","0.5749200582504272","0.5749200582504272"
"471","0.03362996503710747","0.03362996503710747","0.03362996503710747","0.5529296398162842","0.5529296398162842","0.5529296398162842"
"472","0.027648817747831345","0.027648817747831345","0.027648817747831345","0.5398592352867126","0.5398592352867126","0.5398592352867126"
"473","0.10480733960866928","0.10480733960866928","0.10480733960866928","0.3336166739463806","0.3336166739463806","0.3336166739463806"
"474","0.0976061075925827","0.0976061075925827","0.0976061075925827","0.3304007947444916","0.3304007947444916","0.3304007947444916"
"475","0.08706876635551453","0.08706876635551453","0.08706876635551453","0.3173333406448364","0.3173333406448364","0.3173333406448364"
"476","0.075332410633564","0.075332410633564","0.075332410633564","0.2965061366558075","0.2965061366558075","0.2965061366558075"
"477","0.06452515721321106","0.06452515721321106","0.06452515721321106","0.2731174826622009","0.2731174826622009","0.2731174826622009"
"478","0.054782018065452576","0.054782018065452576","0.054782018065452576","0.25195279717445374","0.25195279717445374","0.25195279717445374"
"479","0.04627799987792969","0.04627799987792969","0.04627799987792969","0.23966734111309052","0.23966734111309052","0.23966734111309052"
"480","0.03976791724562645","0.03976791724562645","0.03976791724562645","0.23382604122161865","0.23382604122161865","0.23382604122161865"
"481","0.03692910447716713","0.03692910447716713","0.03692910447716713","0.2686959207057953","0.2686959207057953","0.2686959207057953"
"482","0.028222406283020973","0.028222406283020973","0.028222406283020973","0.25597861409187317","0.25597861409187317","0.25597861409187317"
"483","0.016190560534596443","0.016190560534596443","0.016190560534596443","0.2396131157875061","0.2396131157875061","0.2396131157875061"
"484","0.0030104967299848795","0.0030104967299848795","0.0030104967299848795","0.2225286066532135","0.2225286066532135","0.2225286066532135"
"485","-0.009189050644636154","-0.009189050644636154","-0.009189050644636154","0.20615866780281067","0.20615866780281067","0.20615866780281067"
"486","-0.01861533895134926","-0.01861533895134926","-0.01861533895134926","0.19254736602306366","0.19254736602306366","0.19254736602306366"
"487","-0.026200348511338234","-0.026200348511338234","-0.026200348511338234","0.18104597926139832","0.18104597926139832","0.18104597926139832"
"488","-0.03203621134161949","-0.03203621134161949","-0.03203621134161949","0.17241576313972473","0.17241576313972473","0.17241576313972473"
"489","0.11963555216789246","0.11963555216789246","0.11963555216789246","0.3670603036880493","0.3670603036880493","0.3670603036880493"
"490","0.10904049873352051","0.10904049873352051","0.10904049873352051","0.35326653718948364","0.35326653718948364","0.35326653718948364"
"491","0.0947507694363594","0.0947507694363594","0.0947507694363594","0.33338654041290283","0.33338654041290283","0.33338654041290283"
"492","0.07993672788143158","0.07993672788143158","0.07993672788143158","0.3120293617248535","0.3120293617248535","0.3120293617248535"
"493","0.06619340181350708","0.06619340181350708","0.06619340181350708","0.292301744222641","0.292301744222641","0.292301744222641"
"494","0.05320590361952782","0.05320590361952782","0.05320590361952782","0.2743673622608185","0.2743673622608185","0.2743673622608185"
"495","0.042120642960071564","0.042120642960071564","0.042120642960071564","0.2587890625","0.2587890625","0.2587890625"
"496","0.03319844976067543","0.03319844976067543","0.03319844976067543","0.24640321731567383","0.24640321731567383","0.24640321731567383"
"497","0.0903824046254158","0.0903824046254158","0.0903824046254158","0.5293918251991272","0.5293918251991272","0.5293918251991272"
"498","0.06885457038879395","0.06885457038879395","0.06885457038879395","0.5051631927490234","0.5051631927490234","0.5051631927490234"
"499","0.038556475192308426","0.038556475192308426","0.038556475192308426","0.4686199724674225","0.4686199724674225","0.4686199724674225"
"500","0.008068360388278961","0.008068360388278961","0.008068360388278961","0.4293901026248932","0.4293901026248932","0.4293901026248932"
"501","-0.016507944092154503","-0.016507944092154503","-0.016507944092154503","0.3951875567436218","0.3951875567436218","0.3951875567436218"
"502","-0.033055927604436874","-0.033055927604436874","-0.033055927604436874","0.36905866861343384","0.36905866861343384","0.36905866861343384"
"503","-0.04437575489282608","-0.04437575489282608","-0.04437575489282608","0.3507828116416931","0.3507828116416931","0.3507828116416931"
"504","-0.05279591307044029","-0.05279591307044029","-0.05279591307044029","0.3369220197200775","0.3369220197200775","0.3369220197200775"
"505","-0.014937559142708778","-0.014937559142708778","-0.014937559142708778","0.20414234697818756","0.20414234697818756","0.20414234697818756"
"506","-0.02534356899559498","-0.02534356899559498","-0.02534356899559498","0.19143998622894287","0.19143998622894287","0.19143998622894287"
"507","-0.03915446624159813","-0.03915446624159813","-0.03915446624159813","0.1776631474494934","0.1776631474494934","0.1776631474494934"
"508","-0.05242795869708061","-0.05242795869708061","-0.05242795869708061","0.16408571600914001","0.16408571600914001","0.16408571600914001"
"509","-0.06345189362764359","-0.06345189362764359","-0.06345189362764359","0.14966246485710144","0.14966246485710144","0.14966246485710144"
"510","-0.07258876413106918","-0.07258876413106918","-0.07258876413106918","0.13494187593460083","0.13494187593460083","0.13494187593460083"
"511","-0.08034029603004456","-0.08034029603004456","-0.08034029603004456","0.12248340249061584","0.12248340249061584","0.12248340249061584"
"512","-0.08547220379114151","-0.08547220379114151","-0.08547220379114151","0.11471689492464066","0.11471689492464066","0.11471689492464066"
"513","0.15946169197559357","0.15946169197559357","0.15946169197559357","0.596339225769043","0.596339225769043","0.596339225769043"
"514","0.1443747580051422","0.1443747580051422","0.1443747580051422","0.570055365562439","0.570055365562439","0.570055365562439"
"515","0.12314289063215256","0.12314289063215256","0.12314289063215256","0.5397610664367676","0.5397610664367676","0.5397610664367676"
"516","0.10001548379659653","0.10001548379659653","0.10001548379659653","0.518959641456604","0.518959641456604","0.518959641456604"
"517","0.08359548449516296","0.08359548449516296","0.08359548449516296","0.4967271685600281","0.4967271685600281","0.4967271685600281"
"518","0.07243606448173523","0.07243606448173523","0.07243606448173523","0.47376543283462524","0.47376543283462524","0.47376543283462524"
"519","0.06489160656929016","0.06489160656929016","0.06489160656929016","0.45807549357414246","0.45807549357414246","0.45807549357414246"
"520","0.058922357857227325","0.058922357857227325","0.058922357857227325","0.4494166672229767","0.4494166672229767","0.4494166672229767"
"521","-0.270998477935791","-0.270998477935791","-0.270998477935791","0.08088773488998413","0.08088773488998413","0.08088773488998413"
"522","-0.2900080680847168","-0.2900080680847168","-0.2900080680847168","0.04066386818885803","0.04066386818885803","0.04066386818885803"
"523","-0.31082507967948914","-0.31082507967948914","-0.31082507967948914","0.021312355995178223","0.021312355995178223","0.021312355995178223"
"524","-0.3304694890975952","-0.3304694890975952","-0.3304694890975952","0.0032474398612976074","0.0032474398612976074","0.0032474398612976074"
"525","-0.3458472788333893","-0.3458472788333893","-0.3458472788333893","-0.02620801329612732","-0.02620801329612732","-0.02620801329612732"
"526","-0.358458936214447","-0.358458936214447","-0.358458936214447","-0.04848620295524597","-0.04848620295524597","-0.04848620295524597"
"527","-0.36901402473449707","-0.36901402473449707","-0.36901402473449707","-0.06146165728569031","-0.06146165728569031","-0.06146165728569031"
"528","-0.37714123725891113","-0.37714123725891113","-0.37714123725891113","-0.07123592495918274","-0.07123592495918274","-0.07123592495918274"
"529","-0.22084715962409973","-0.22084715962409973","-0.22084715962409973","0.3396216332912445","0.3396216332912445","0.3396216332912445"
"530","-0.26365557312965393","-0.26365557312965393","-0.26365557312965393","0.27977028489112854","0.27977028489112854","0.27977028489112854"
"531","-0.3128592371940613","-0.3128592371940613","-0.3128592371940613","0.20627468824386597","0.20627468824386597","0.20627468824386597"
"532","-0.35119056701660156","-0.35119056701660156","-0.35119056701660156","0.16124379634857178","0.16124379634857178","0.16124379634857178"
"533","-0.37223613262176514","-0.37223613262176514","-0.37223613262176514","0.13627564907073975","0.13627564907073975","0.13627564907073975"
"534","-0.38706734776496887","-0.38706734776496887","-0.38706734776496887","0.10719481110572815","0.10719481110572815","0.10719481110572815"
"535","-0.398112952709198","-0.398112952709198","-0.398112952709198","0.0904453694820404","0.0904453694820404","0.0904453694820404"
"536","-0.40596503019332886","-0.40596503019332886","-0.40596503019332886","0.08548325300216675","0.08548325300216675","0.08548325300216675"
"537","-1.1728136539459229","-1.1728136539459229","-1.1728136539459229","-0.8472100496292114","-0.8472100496292114","-0.8472100496292114"
"538","-1.2092548608779907","-1.2092548608779907","-1.2092548608779907","-0.9095979928970337","-0.9095979928970337","-0.9095979928970337"
"539","-1.2513231039047241","-1.2513231039047241","-1.2513231039047241","-0.9602597951889038","-0.9602597951889038","-0.9602597951889038"
"540","-1.2801926136016846","-1.2801926136016846","-1.2801926136016846","-0.9821184873580933","-0.9821184873580933","-0.9821184873580933"
"541","-1.3003956079483032","-1.3003956079483032","-1.3003956079483032","-0.9998284578323364","-0.9998284578323364","-0.9998284578323364"
"542","-1.3143452405929565","-1.3143452405929565","-1.3143452405929565","-1.016197681427002","-1.016197681427002","-1.016197681427002"
"543","-1.3242037296295166","-1.3242037296295166","-1.3242037296295166","-1.0302554368972778","-1.0302554368972778","-1.0302554368972778"
"544","-1.3323556184768677","-1.3323556184768677","-1.3323556184768677","-1.0437517166137695","-1.0437517166137695","-1.0437517166137695"
"545","-0.5900412797927856","-0.5900412797927856","-0.5900412797927856","-0.0801209807395935","-0.0801209807395935","-0.0801209807395935"
"546","-0.6448609232902527","-0.6448609232902527","-0.6448609232902527","-0.14376616477966309","-0.14376616477966309","-0.14376616477966309"
"547","-0.718349039554596","-0.718349039554596","-0.718349039554596","-0.24267184734344482","-0.24267184734344482","-0.24267184734344482"
"548","-0.7747076749801636","-0.7747076749801636","-0.7747076749801636","-0.3326883316040039","-0.3326883316040039","-0.3326883316040039"
"549","-0.8012085556983948","-0.8012085556983948","-0.8012085556983948","-0.37230679392814636","-0.37230679392814636","-0.37230679392814636"
"550","-0.8182869553565979","-0.8182869553565979","-0.8182869553565979","-0.384745329618454","-0.384745329618454","-0.384745329618454"
"551","-0.8324410319328308","-0.8324410319328308","-0.8324410319328308","-0.3988894522190094","-0.3988894522190094","-0.3988894522190094"
"552","-0.841840922832489","-0.841840922832489","-0.841840922832489","-0.4116024971008301","-0.4116024971008301","-0.4116024971008301"
"553","-0.032082248479127884","-0.032082248479127884","-0.032082248479127884","0.4881032705307007","0.4881032705307007","0.4881032705307007"
"554","-0.052017826586961746","-0.052017826586961746","-0.052017826586961746","0.416838139295578","0.416838139295578","0.416838139295578"
"555","-0.07998335361480713","-0.07998335361480713","-0.07998335361480713","0.3522650897502899","0.3522650897502899","0.3522650897502899"
"556","-0.10576926171779633","-0.10576926171779633","-0.10576926171779633","0.32490766048431396","0.32490766048431396","0.32490766048431396"
"557","-0.13068416714668274","-0.13068416714668274","-0.13068416714668274","0.31187233328819275","0.31187233328819275","0.31187233328819275"
"558","-0.1500960737466812","-0.1500960737466812","-0.1500960737466812","0.2920811176300049","0.2920811176300049","0.2920811176300049"
"559","-0.1662706881761551","-0.1662706881761551","-0.1662706881761551","0.2598121166229248","0.2598121166229248","0.2598121166229248"
"560","-0.18017765879631042","-0.18017765879631042","-0.18017765879631042","0.22037038207054138","0.22037038207054138","0.22037038207054138"
"561","-0.36470842361450195","-0.36470842361450195","-0.36470842361450195","0.07669675350189209","0.07669675350189209","0.07669675350189209"
"562","-0.3902410566806793","-0.3902410566806793","-0.3902410566806793","0.016138583421707153","0.016138583421707153","0.016138583421707153"
"563","-0.4241817593574524","-0.4241817593574524","-0.4241817593574524","-0.01452559232711792","-0.01452559232711792","-0.01452559232711792"
"564","-0.45594045519828796","-0.45594045519828796","-0.45594045519828796","-0.0215969979763031","-0.0215969979763031","-0.0215969979763031"
"565","-0.47923731803894043","-0.47923731803894043","-0.47923731803894043","-0.034121572971343994","-0.034121572971343994","-0.034121572971343994"
"566","-0.49591729044914246","-0.49591729044914246","-0.49591729044914246","-0.05541074275970459","-0.05541074275970459","-0.05541074275970459"
"567","-0.506864070892334","-0.506864070892334","-0.506864070892334","-0.08333095908164978","-0.08333095908164978","-0.08333095908164978"
"568","-0.514093816280365","-0.514093816280365","-0.514093816280365","-0.11484849452972412","-0.11484849452972412","-0.11484849452972412"
"569","-0.1554846465587616","-0.1554846465587616","-0.1554846465587616","0.09899783134460449","0.09899783134460449","0.09899783134460449"
"570","-0.22368787229061127","-0.22368787229061127","-0.22368787229061127","0.028294578194618225","0.028294578194618225","0.028294578194618225"
"571","-0.2964135706424713","-0.2964135706424713","-0.2964135706424713","-0.0420268177986145","-0.0420268177986145","-0.0420268177986145"
"572","-0.3441469669342041","-0.3441469669342041","-0.3441469669342041","-0.08694717288017273","-0.08694717288017273","-0.08694717288017273"
"573","-0.3783761262893677","-0.3783761262893677","-0.3783761262893677","-0.12225273251533508","-0.12225273251533508","-0.12225273251533508"
"574","-0.3988891839981079","-0.3988891839981079","-0.3988891839981079","-0.15031109750270844","-0.15031109750270844","-0.15031109750270844"
"575","-0.4079990088939667","-0.4079990088939667","-0.4079990088939667","-0.17173340916633606","-0.17173340916633606","-0.17173340916633606"
"576","-0.4164060950279236","-0.4164060950279236","-0.4164060950279236","-0.19388459622859955","-0.19388459622859955","-0.19388459622859955"
"577","-0.31196069717407227","-0.31196069717407227","-0.31196069717407227","0.4147796034812927","0.4147796034812927","0.4147796034812927"
"578","-0.34293463826179504","-0.34293463826179504","-0.34293463826179504","0.32231590151786804","0.32231590151786804","0.32231590151786804"
"579","-0.3892304003238678","-0.3892304003238678","-0.3892304003238678","0.24997279047966003","0.24997279047966003","0.24997279047966003"
"580","-0.42072439193725586","-0.42072439193725586","-0.42072439193725586","0.24181002378463745","0.24181002378463745","0.24181002378463745"
"581","-0.4393538534641266","-0.4393538534641266","-0.4393538534641266","0.234390527009964","0.234390527009964","0.234390527009964"
"582","-0.4522167444229126","-0.4522167444229126","-0.4522167444229126","0.2201749086380005","0.2201749086380005","0.2201749086380005"
"583","-0.45902422070503235","-0.45902422070503235","-0.45902422070503235","0.2005641758441925","0.2005641758441925","0.2005641758441925"
"584","-0.46210625767707825","-0.46210625767707825","-0.46210625767707825","0.1758735477924347","0.1758735477924347","0.1758735477924347"
"585","-0.8734098076820374","-0.8734098076820374","-0.8734098076820374","-0.6169805526733398","-0.6169805526733398","-0.6169805526733398"
"586","-0.9075366258621216","-0.9075366258621216","-0.9075366258621216","-0.6558113098144531","-0.6558113098144531","-0.6558113098144531"
"587","-0.954883337020874","-0.954883337020874","-0.954883337020874","-0.6930544376373291","-0.6930544376373291","-0.6930544376373291"
"588","-0.9987045526504517","-0.9987045526504517","-0.9987045526504517","-0.7319583296775818","-0.7319583296775818","-0.7319583296775818"
"589","-1.0338075160980225","-1.0338075160980225","-1.0338075160980225","-0.7721266746520996","-0.7721266746520996","-0.7721266746520996"
"590","-1.0540281534194946","-1.0540281534194946","-1.0540281534194946","-0.8061004877090454","-0.8061004877090454","-0.8061004877090454"
"591","-1.064337968826294","-1.064337968826294","-1.064337968826294","-0.8297922015190125","-0.8297922015190125","-0.8297922015190125"
"592","-1.0749708414077759","-1.0749708414077759","-1.0749708414077759","-0.8392282724380493","-0.8392282724380493","-0.8392282724380493"
"593","-0.34609222412109375","-0.34609222412109375","-0.34609222412109375","-0.06743389368057251","-0.06743389368057251","-0.06743389368057251"
"594","-0.41565003991127014","-0.41565003991127014","-0.41565003991127014","-0.1444932222366333","-0.1444932222366333","-0.1444932222366333"
"595","-0.4980866014957428","-0.4980866014957428","-0.4980866014957428","-0.23357310891151428","-0.23357310891151428","-0.23357310891151428"
"596","-0.560100793838501","-0.560100793838501","-0.560100793838501","-0.29958289861679077","-0.29958289861679077","-0.29958289861679077"
"597","-0.5958595871925354","-0.5958595871925354","-0.5958595871925354","-0.33593082427978516","-0.33593082427978516","-0.33593082427978516"
"598","-0.6174865961074829","-0.6174865961074829","-0.6174865961074829","-0.36095333099365234","-0.36095333099365234","-0.36095333099365234"
"599","-0.6315308809280396","-0.6315308809280396","-0.6315308809280396","-0.38599321246147156","-0.38599321246147156","-0.38599321246147156"
"600","-0.6385982632637024","-0.6385982632637024","-0.6385982632637024","-0.4040282368659973","-0.4040282368659973","-0.4040282368659973"