"Step","light-hill-20 - returns/mean","light-hill-20 - returns/mean__MIN","light-hill-20 - returns/mean__MAX","light-hill-20 - returns/std","light-hill-20 - returns/std__MIN","light-hill-20 - returns/std__MAX"
"1","4.010164260864258","4.010164260864258","4.010164260864258","1.936802864074707","1.936802864074707","1.936802864074707"
"2","4.010164260864258","4.010164260864258","4.010164260864258","1.936802864074707","1.936802864074707","1.936802864074707"
"3","4.010164260864258","4.010164260864258","4.010164260864258","1.936802864074707","1.936802864074707","1.936802864074707"
"4","4.010164260864258","4.010164260864258","4.010164260864258","1.936802864074707","1.936802864074707","1.936802864074707"
"5","4.010164260864258","4.010164260864258","4.010164260864258","1.936802864074707","1.936802864074707","1.936802864074707"
"6","4.010164260864258","4.010164260864258","4.010164260864258","1.936802864074707","1.936802864074707","1.936802864074707"
"7","4.010164260864258","4.010164260864258","4.010164260864258","1.936802864074707","1.936802864074707","1.936802864074707"
"8","4.010164260864258","4.010164260864258","4.010164260864258","1.936802864074707","1.936802864074707","1.936802864074707"
"9","4.124551296234131","4.124551296234131","4.124551296234131","1.840293526649475","1.840293526649475","1.840293526649475"
"10","4.124551296234131","4.124551296234131","4.124551296234131","1.840293526649475","1.840293526649475","1.840293526649475"
"11","4.124551296234131","4.124551296234131","4.124551296234131","1.840293526649475","1.840293526649475","1.840293526649475"
"12","4.124551296234131","4.124551296234131","4.124551296234131","1.840293526649475","1.840293526649475","1.840293526649475"
"13","4.124551296234131","4.124551296234131","4.124551296234131","1.840293526649475","1.840293526649475","1.840293526649475"
"14","4.124551296234131","4.124551296234131","4.124551296234131","1.840293526649475","1.840293526649475","1.840293526649475"
"15","4.124551296234131","4.124551296234131","4.124551296234131","1.840293526649475","1.840293526649475","1.840293526649475"
"16","4.124551296234131","4.124551296234131","4.124551296234131","1.840293526649475","1.840293526649475","1.840293526649475"
"17","4.422323226928711","4.422323226928711","4.422323226928711","1.566631555557251","1.566631555557251","1.566631555557251"
"18","4.422323226928711","4.422323226928711","4.422323226928711","1.566631555557251","1.566631555557251","1.566631555557251"
"19","4.422323226928711","4.422323226928711","4.422323226928711","1.566631555557251","1.566631555557251","1.566631555557251"
"20","4.422323226928711","4.422323226928711","4.422323226928711","1.566631555557251","1.566631555557251","1.566631555557251"
"21","4.422323226928711","4.422323226928711","4.422323226928711","1.566631555557251","1.566631555557251","1.566631555557251"
"22","4.422323226928711","4.422323226928711","4.422323226928711","1.566631555557251","1.566631555557251","1.566631555557251"
"23","4.422323226928711","4.422323226928711","4.422323226928711","1.566631555557251","1.566631555557251","1.566631555557251"
"24","4.422323226928711","4.422323226928711","4.422323226928711","1.566631555557251","1.566631555557251","1.566631555557251"
"25","4.271657466888428","4.271657466888428","4.271657466888428","1.4607692956924438","1.4607692956924438","1.4607692956924438"
"26","4.271657466888428","4.271657466888428","4.271657466888428","1.4607692956924438","1.4607692956924438","1.4607692956924438"
"27","4.271657466888428","4.271657466888428","4.271657466888428","1.4607692956924438","1.4607692956924438","1.4607692956924438"
"28","4.271657466888428","4.271657466888428","4.271657466888428","1.4607692956924438","1.4607692956924438","1.4607692956924438"
"29","4.271657466888428","4.271657466888428","4.271657466888428","1.4607692956924438","1.4607692956924438","1.4607692956924438"
"30","4.271657466888428","4.271657466888428","4.271657466888428","1.4607692956924438","1.4607692956924438","1.4607692956924438"
"31","4.271657466888428","4.271657466888428","4.271657466888428","1.4607692956924438","1.4607692956924438","1.4607692956924438"
"32","4.271657466888428","4.271657466888428","4.271657466888428","1.4607692956924438","1.4607692956924438","1.4607692956924438"
"33","4.122514724731445","4.122514724731445","4.122514724731445","1.2757737636566162","1.2757737636566162","1.2757737636566162"
"34","4.122514724731445","4.122514724731445","4.122514724731445","1.2757737636566162","1.2757737636566162","1.2757737636566162"
"35","4.122514724731445","4.122514724731445","4.122514724731445","1.2757737636566162","1.2757737636566162","1.2757737636566162"
"36","4.122514724731445","4.122514724731445","4.122514724731445","1.2757737636566162","1.2757737636566162","1.2757737636566162"
"37","4.122514724731445","4.122514724731445","4.122514724731445","1.2757737636566162","1.2757737636566162","1.2757737636566162"
"38","4.122514724731445","4.122514724731445","4.122514724731445","1.2757737636566162","1.2757737636566162","1.2757737636566162"
"39","4.122514724731445","4.122514724731445","4.122514724731445","1.2757737636566162","1.2757737636566162","1.2757737636566162"
"40","4.122514724731445","4.122514724731445","4.122514724731445","1.2757737636566162","1.2757737636566162","1.2757737636566162"
"41","4.211597919464111","4.211597919464111","4.211597919464111","1.2679622173309326","1.2679622173309326","1.2679622173309326"
"42","4.211597919464111","4.211597919464111","4.211597919464111","1.2679622173309326","1.2679622173309326","1.2679622173309326"
"43","4.211597919464111","4.211597919464111","4.211597919464111","1.2679622173309326","1.2679622173309326","1.2679622173309326"
"44","4.211597919464111","4.211597919464111","4.211597919464111","1.2679622173309326","1.2679622173309326","1.2679622173309326"
"45","4.211597919464111","4.211597919464111","4.211597919464111","1.2679622173309326","1.2679622173309326","1.2679622173309326"
"46","4.211597919464111","4.211597919464111","4.211597919464111","1.2679622173309326","1.2679622173309326","1.2679622173309326"
"47","4.211597919464111","4.211597919464111","4.211597919464111","1.2679622173309326","1.2679622173309326","1.2679622173309326"
"48","4.211597919464111","4.211597919464111","4.211597919464111","1.2679622173309326","1.2679622173309326","1.2679622173309326"
"49","3.9626893997192383","3.9626893997192383","3.9626893997192383","1.3397090435028076","1.3397090435028076","1.3397090435028076"
"50","3.9626893997192383","3.9626893997192383","3.9626893997192383","1.3397090435028076","1.3397090435028076","1.3397090435028076"
"51","3.9626893997192383","3.9626893997192383","3.9626893997192383","1.3397090435028076","1.3397090435028076","1.3397090435028076"
"52","3.9626893997192383","3.9626893997192383","3.9626893997192383","1.3397090435028076","1.3397090435028076","1.3397090435028076"
"53","3.9626893997192383","3.9626893997192383","3.9626893997192383","1.3397090435028076","1.3397090435028076","1.3397090435028076"
"54","3.9626893997192383","3.9626893997192383","3.9626893997192383","1.3397090435028076","1.3397090435028076","1.3397090435028076"
"55","3.9626893997192383","3.9626893997192383","3.9626893997192383","1.3397090435028076","1.3397090435028076","1.3397090435028076"
"56","3.9626893997192383","3.9626893997192383","3.9626893997192383","1.3397090435028076","1.3397090435028076","1.3397090435028076"
"57","4.073774337768555","4.073774337768555","4.073774337768555","1.2733612060546875","1.2733612060546875","1.2733612060546875"
"58","4.073774337768555","4.073774337768555","4.073774337768555","1.2733612060546875","1.2733612060546875","1.2733612060546875"
"59","4.073774337768555","4.073774337768555","4.073774337768555","1.2733612060546875","1.2733612060546875","1.2733612060546875"
"60","4.073774337768555","4.073774337768555","4.073774337768555","1.2733612060546875","1.2733612060546875","1.2733612060546875"
"61","4.073774337768555","4.073774337768555","4.073774337768555","1.2733612060546875","1.2733612060546875","1.2733612060546875"
"62","4.073774337768555","4.073774337768555","4.073774337768555","1.2733612060546875","1.2733612060546875","1.2733612060546875"
"63","4.073774337768555","4.073774337768555","4.073774337768555","1.2733612060546875","1.2733612060546875","1.2733612060546875"
"64","4.073774337768555","4.073774337768555","4.073774337768555","1.2733612060546875","1.2733612060546875","1.2733612060546875"
"65","3.8277900218963623","3.8277900218963623","3.8277900218963623","1.3783936500549316","1.3783936500549316","1.3783936500549316"
"66","3.8277900218963623","3.8277900218963623","3.8277900218963623","1.3783936500549316","1.3783936500549316","1.3783936500549316"
"67","3.8277900218963623","3.8277900218963623","3.8277900218963623","1.3783936500549316","1.3783936500549316","1.3783936500549316"
"68","3.8277900218963623","3.8277900218963623","3.8277900218963623","1.3783936500549316","1.3783936500549316","1.3783936500549316"
"69","3.8277900218963623","3.8277900218963623","3.8277900218963623","1.3783936500549316","1.3783936500549316","1.3783936500549316"
"70","3.8277900218963623","3.8277900218963623","3.8277900218963623","1.3783936500549316","1.3783936500549316","1.3783936500549316"
"71","3.8277900218963623","3.8277900218963623","3.8277900218963623","1.3783936500549316","1.3783936500549316","1.3783936500549316"
"72","3.8277900218963623","3.8277900218963623","3.8277900218963623","1.3783936500549316","1.3783936500549316","1.3783936500549316"
"73","3.9798929691314697","3.9798929691314697","3.9798929691314697","1.3208250999450684","1.3208250999450684","1.3208250999450684"
"74","3.9798929691314697","3.9798929691314697","3.9798929691314697","1.3208250999450684","1.3208250999450684","1.3208250999450684"
"75","3.9798929691314697","3.9798929691314697","3.9798929691314697","1.3208250999450684","1.3208250999450684","1.3208250999450684"
"76","3.9798929691314697","3.9798929691314697","3.9798929691314697","1.3208250999450684","1.3208250999450684","1.3208250999450684"
"77","3.9798929691314697","3.9798929691314697","3.9798929691314697","1.3208250999450684","1.3208250999450684","1.3208250999450684"
"78","3.9798929691314697","3.9798929691314697","3.9798929691314697","1.3208250999450684","1.3208250999450684","1.3208250999450684"
"79","3.9798929691314697","3.9798929691314697","3.9798929691314697","1.3208250999450684","1.3208250999450684","1.3208250999450684"
"80","3.9798929691314697","3.9798929691314697","3.9798929691314697","1.3208250999450684","1.3208250999450684","1.3208250999450684"
"81","3.800846576690674","3.800846576690674","3.800846576690674","1.1857134103775024","1.1857134103775024","1.1857134103775024"
"82","3.800846576690674","3.800846576690674","3.800846576690674","1.1857134103775024","1.1857134103775024","1.1857134103775024"
"83","3.800846576690674","3.800846576690674","3.800846576690674","1.1857134103775024","1.1857134103775024","1.1857134103775024"
"84","3.800846576690674","3.800846576690674","3.800846576690674","1.1857134103775024","1.1857134103775024","1.1857134103775024"
"85","3.800846576690674","3.800846576690674","3.800846576690674","1.1857134103775024","1.1857134103775024","1.1857134103775024"
"86","3.800846576690674","3.800846576690674","3.800846576690674","1.1857134103775024","1.1857134103775024","1.1857134103775024"
"87","3.800846576690674","3.800846576690674","3.800846576690674","1.1857134103775024","1.1857134103775024","1.1857134103775024"
"88","3.800846576690674","3.800846576690674","3.800846576690674","1.1857134103775024","1.1857134103775024","1.1857134103775024"
"89","3.873333215713501","3.873333215713501","3.873333215713501","1.1531635522842407","1.1531635522842407","1.1531635522842407"
"90","3.873333215713501","3.873333215713501","3.873333215713501","1.1531635522842407","1.1531635522842407","1.1531635522842407"
"91","3.873333215713501","3.873333215713501","3.873333215713501","1.1531635522842407","1.1531635522842407","1.1531635522842407"
"92","3.873333215713501","3.873333215713501","3.873333215713501","1.1531635522842407","1.1531635522842407","1.1531635522842407"
"93","3.873333215713501","3.873333215713501","3.873333215713501","1.1531635522842407","1.1531635522842407","1.1531635522842407"
"94","3.873333215713501","3.873333215713501","3.873333215713501","1.1531635522842407","1.1531635522842407","1.1531635522842407"
"95","3.873333215713501","3.873333215713501","3.873333215713501","1.1531635522842407","1.1531635522842407","1.1531635522842407"
"96","3.873333215713501","3.873333215713501","3.873333215713501","1.1531635522842407","1.1531635522842407","1.1531635522842407"
"97","3.645869016647339","3.645869016647339","3.645869016647339","1.271133303642273","1.271133303642273","1.271133303642273"
"98","3.645869016647339","3.645869016647339","3.645869016647339","1.271133303642273","1.271133303642273","1.271133303642273"
"99","3.645869016647339","3.645869016647339","3.645869016647339","1.271133303642273","1.271133303642273","1.271133303642273"
"100","3.645869016647339","3.645869016647339","3.645869016647339","1.271133303642273","1.271133303642273","1.271133303642273"
"101","3.645869016647339","3.645869016647339","3.645869016647339","1.271133303642273","1.271133303642273","1.271133303642273"
"102","3.645869016647339","3.645869016647339","3.645869016647339","1.271133303642273","1.271133303642273","1.271133303642273"
"103","3.645869016647339","3.645869016647339","3.645869016647339","1.271133303642273","1.271133303642273","1.271133303642273"
"104","3.645869016647339","3.645869016647339","3.645869016647339","1.271133303642273","1.271133303642273","1.271133303642273"
"105","3.681027889251709","3.681027889251709","3.681027889251709","1.0976256132125854","1.0976256132125854","1.0976256132125854"
"106","3.681027889251709","3.681027889251709","3.681027889251709","1.0976256132125854","1.0976256132125854","1.0976256132125854"
"107","3.681027889251709","3.681027889251709","3.681027889251709","1.0976256132125854","1.0976256132125854","1.0976256132125854"
"108","3.681027889251709","3.681027889251709","3.681027889251709","1.0976256132125854","1.0976256132125854","1.0976256132125854"
"109","3.681027889251709","3.681027889251709","3.681027889251709","1.0976256132125854","1.0976256132125854","1.0976256132125854"
"110","3.681027889251709","3.681027889251709","3.681027889251709","1.0976256132125854","1.0976256132125854","1.0976256132125854"
"111","3.681027889251709","3.681027889251709","3.681027889251709","1.0976256132125854","1.0976256132125854","1.0976256132125854"
"112","3.681027889251709","3.681027889251709","3.681027889251709","1.0976256132125854","1.0976256132125854","1.0976256132125854"
"113","3.5055108070373535","3.5055108070373535","3.5055108070373535","1.0949327945709229","1.0949327945709229","1.0949327945709229"
"114","3.5055108070373535","3.5055108070373535","3.5055108070373535","1.0949327945709229","1.0949327945709229","1.0949327945709229"
"115","3.5055108070373535","3.5055108070373535","3.5055108070373535","1.0949327945709229","1.0949327945709229","1.0949327945709229"
"116","3.5055108070373535","3.5055108070373535","3.5055108070373535","1.0949327945709229","1.0949327945709229","1.0949327945709229"
"117","3.5055108070373535","3.5055108070373535","3.5055108070373535","1.0949327945709229","1.0949327945709229","1.0949327945709229"
"118","3.5055108070373535","3.5055108070373535","3.5055108070373535","1.0949327945709229","1.0949327945709229","1.0949327945709229"
"119","3.5055108070373535","3.5055108070373535","3.5055108070373535","1.0949327945709229","1.0949327945709229","1.0949327945709229"
"120","3.5055108070373535","3.5055108070373535","3.5055108070373535","1.0949327945709229","1.0949327945709229","1.0949327945709229"
"121","3.5847396850585938","3.5847396850585938","3.5847396850585938","1.1109813451766968","1.1109813451766968","1.1109813451766968"
"122","3.5847396850585938","3.5847396850585938","3.5847396850585938","1.1109813451766968","1.1109813451766968","1.1109813451766968"
"123","3.5847396850585938","3.5847396850585938","3.5847396850585938","1.1109813451766968","1.1109813451766968","1.1109813451766968"
"124","3.5847396850585938","3.5847396850585938","3.5847396850585938","1.1109813451766968","1.1109813451766968","1.1109813451766968"
"125","3.5847396850585938","3.5847396850585938","3.5847396850585938","1.1109813451766968","1.1109813451766968","1.1109813451766968"
"126","3.5847396850585938","3.5847396850585938","3.5847396850585938","1.1109813451766968","1.1109813451766968","1.1109813451766968"
"127","3.5847396850585938","3.5847396850585938","3.5847396850585938","1.1109813451766968","1.1109813451766968","1.1109813451766968"
"128","3.5847396850585938","3.5847396850585938","3.5847396850585938","1.1109813451766968","1.1109813451766968","1.1109813451766968"
"129","3.1768298149108887","3.1768298149108887","3.1768298149108887","0.993405818939209","0.993405818939209","0.993405818939209"
"130","3.1768298149108887","3.1768298149108887","3.1768298149108887","0.993405818939209","0.993405818939209","0.993405818939209"
"131","3.1768298149108887","3.1768298149108887","3.1768298149108887","0.993405818939209","0.993405818939209","0.993405818939209"
"132","3.1768298149108887","3.1768298149108887","3.1768298149108887","0.993405818939209","0.993405818939209","0.993405818939209"
"133","3.1768298149108887","3.1768298149108887","3.1768298149108887","0.993405818939209","0.993405818939209","0.993405818939209"
"134","3.1768298149108887","3.1768298149108887","3.1768298149108887","0.993405818939209","0.993405818939209","0.993405818939209"
"135","3.1768298149108887","3.1768298149108887","3.1768298149108887","0.993405818939209","0.993405818939209","0.993405818939209"
"136","3.1768298149108887","3.1768298149108887","3.1768298149108887","0.993405818939209","0.993405818939209","0.993405818939209"
"137","2.9609920978546143","2.9609920978546143","2.9609920978546143","1.081512212753296","1.081512212753296","1.081512212753296"
"138","2.9609920978546143","2.9609920978546143","2.9609920978546143","1.081512212753296","1.081512212753296","1.081512212753296"
"139","2.9609920978546143","2.9609920978546143","2.9609920978546143","1.081512212753296","1.081512212753296","1.081512212753296"
"140","2.9609920978546143","2.9609920978546143","2.9609920978546143","1.081512212753296","1.081512212753296","1.081512212753296"
"141","2.9609920978546143","2.9609920978546143","2.9609920978546143","1.081512212753296","1.081512212753296","1.081512212753296"
"142","2.9609920978546143","2.9609920978546143","2.9609920978546143","1.081512212753296","1.081512212753296","1.081512212753296"
"143","2.9609920978546143","2.9609920978546143","2.9609920978546143","1.081512212753296","1.081512212753296","1.081512212753296"
"144","2.9609920978546143","2.9609920978546143","2.9609920978546143","1.081512212753296","1.081512212753296","1.081512212753296"
"145","2.6979308128356934","2.6979308128356934","2.6979308128356934","0.8479052186012268","0.8479052186012268","0.8479052186012268"
"146","2.6979308128356934","2.6979308128356934","2.6979308128356934","0.8479052186012268","0.8479052186012268","0.8479052186012268"
"147","2.6979308128356934","2.6979308128356934","2.6979308128356934","0.8479052186012268","0.8479052186012268","0.8479052186012268"
"148","2.6979308128356934","2.6979308128356934","2.6979308128356934","0.8479052186012268","0.8479052186012268","0.8479052186012268"
"149","2.6979308128356934","2.6979308128356934","2.6979308128356934","0.8479052186012268","0.8479052186012268","0.8479052186012268"
"150","2.6979308128356934","2.6979308128356934","2.6979308128356934","0.8479052186012268","0.8479052186012268","0.8479052186012268"
"151","2.6979308128356934","2.6979308128356934","2.6979308128356934","0.8479052186012268","0.8479052186012268","0.8479052186012268"
"152","2.6979308128356934","2.6979308128356934","2.6979308128356934","0.8479052186012268","0.8479052186012268","0.8479052186012268"
"153","2.7202260494232178","2.7202260494232178","2.7202260494232178","0.9117053151130676","0.9117053151130676","0.9117053151130676"
"154","2.7202260494232178","2.7202260494232178","2.7202260494232178","0.9117053151130676","0.9117053151130676","0.9117053151130676"
"155","2.7202260494232178","2.7202260494232178","2.7202260494232178","0.9117053151130676","0.9117053151130676","0.9117053151130676"
"156","2.7202260494232178","2.7202260494232178","2.7202260494232178","0.9117053151130676","0.9117053151130676","0.9117053151130676"
"157","2.7202260494232178","2.7202260494232178","2.7202260494232178","0.9117053151130676","0.9117053151130676","0.9117053151130676"
"158","2.7202260494232178","2.7202260494232178","2.7202260494232178","0.9117053151130676","0.9117053151130676","0.9117053151130676"
"159","2.7202260494232178","2.7202260494232178","2.7202260494232178","0.9117053151130676","0.9117053151130676","0.9117053151130676"
"160","2.7202260494232178","2.7202260494232178","2.7202260494232178","0.9117053151130676","0.9117053151130676","0.9117053151130676"
"161","2.1438050270080566","2.1438050270080566","2.1438050270080566","0.8127939105033875","0.8127939105033875","0.8127939105033875"
"162","2.1438050270080566","2.1438050270080566","2.1438050270080566","0.8127939105033875","0.8127939105033875","0.8127939105033875"
"163","2.1438050270080566","2.1438050270080566","2.1438050270080566","0.8127939105033875","0.8127939105033875","0.8127939105033875"
"164","2.1438050270080566","2.1438050270080566","2.1438050270080566","0.8127939105033875","0.8127939105033875","0.8127939105033875"
"165","2.1438050270080566","2.1438050270080566","2.1438050270080566","0.8127939105033875","0.8127939105033875","0.8127939105033875"
"166","2.1438050270080566","2.1438050270080566","2.1438050270080566","0.8127939105033875","0.8127939105033875","0.8127939105033875"
"167","2.1438050270080566","2.1438050270080566","2.1438050270080566","0.8127939105033875","0.8127939105033875","0.8127939105033875"
"168","2.1438050270080566","2.1438050270080566","2.1438050270080566","0.8127939105033875","0.8127939105033875","0.8127939105033875"
"169","2.348261833190918","2.348261833190918","2.348261833190918","0.7979135513305664","0.7979135513305664","0.7979135513305664"
"170","2.348261833190918","2.348261833190918","2.348261833190918","0.7979135513305664","0.7979135513305664","0.7979135513305664"
"171","2.348261833190918","2.348261833190918","2.348261833190918","0.7979135513305664","0.7979135513305664","0.7979135513305664"
"172","2.348261833190918","2.348261833190918","2.348261833190918","0.7979135513305664","0.7979135513305664","0.7979135513305664"
"173","2.348261833190918","2.348261833190918","2.348261833190918","0.7979135513305664","0.7979135513305664","0.7979135513305664"
"174","2.348261833190918","2.348261833190918","2.348261833190918","0.7979135513305664","0.7979135513305664","0.7979135513305664"
"175","2.348261833190918","2.348261833190918","2.348261833190918","0.7979135513305664","0.7979135513305664","0.7979135513305664"
"176","2.348261833190918","2.348261833190918","2.348261833190918","0.7979135513305664","0.7979135513305664","0.7979135513305664"
"177","1.9831122159957886","1.9831122159957886","1.9831122159957886","0.6799862384796143","0.6799862384796143","0.6799862384796143"
"178","1.9831122159957886","1.9831122159957886","1.9831122159957886","0.6799862384796143","0.6799862384796143","0.6799862384796143"
"179","1.9831122159957886","1.9831122159957886","1.9831122159957886","0.6799862384796143","0.6799862384796143","0.6799862384796143"
"180","1.9831122159957886","1.9831122159957886","1.9831122159957886","0.6799862384796143","0.6799862384796143","0.6799862384796143"
"181","1.9831122159957886","1.9831122159957886","1.9831122159957886","0.6799862384796143","0.6799862384796143","0.6799862384796143"
"182","1.9831122159957886","1.9831122159957886","1.9831122159957886","0.6799862384796143","0.6799862384796143","0.6799862384796143"
"183","1.9831122159957886","1.9831122159957886","1.9831122159957886","0.6799862384796143","0.6799862384796143","0.6799862384796143"
"184","1.9831122159957886","1.9831122159957886","1.9831122159957886","0.6799862384796143","0.6799862384796143","0.6799862384796143"
"185","1.8506580591201782","1.8506580591201782","1.8506580591201782","0.7279783487319946","0.7279783487319946","0.7279783487319946"
"186","1.8506580591201782","1.8506580591201782","1.8506580591201782","0.7279783487319946","0.7279783487319946","0.7279783487319946"
"187","1.8506580591201782","1.8506580591201782","1.8506580591201782","0.7279783487319946","0.7279783487319946","0.7279783487319946"
"188","1.8506580591201782","1.8506580591201782","1.8506580591201782","0.7279783487319946","0.7279783487319946","0.7279783487319946"
"189","1.8506580591201782","1.8506580591201782","1.8506580591201782","0.7279783487319946","0.7279783487319946","0.7279783487319946"
"190","1.8506580591201782","1.8506580591201782","1.8506580591201782","0.7279783487319946","0.7279783487319946","0.7279783487319946"
"191","1.8506580591201782","1.8506580591201782","1.8506580591201782","0.7279783487319946","0.7279783487319946","0.7279783487319946"
"192","1.8506580591201782","1.8506580591201782","1.8506580591201782","0.7279783487319946","0.7279783487319946","0.7279783487319946"
"193","1.7745352983474731","1.7745352983474731","1.7745352983474731","0.6975280046463013","0.6975280046463013","0.6975280046463013"
"194","1.7745352983474731","1.7745352983474731","1.7745352983474731","0.6975280046463013","0.6975280046463013","0.6975280046463013"
"195","1.7745352983474731","1.7745352983474731","1.7745352983474731","0.6975280046463013","0.6975280046463013","0.6975280046463013"
"196","1.7745352983474731","1.7745352983474731","1.7745352983474731","0.6975280046463013","0.6975280046463013","0.6975280046463013"
"197","1.7745352983474731","1.7745352983474731","1.7745352983474731","0.6975280046463013","0.6975280046463013","0.6975280046463013"
"198","1.7745352983474731","1.7745352983474731","1.7745352983474731","0.6975280046463013","0.6975280046463013","0.6975280046463013"
"199","1.7745352983474731","1.7745352983474731","1.7745352983474731","0.6975280046463013","0.6975280046463013","0.6975280046463013"
"200","1.7745352983474731","1.7745352983474731","1.7745352983474731","0.6975280046463013","0.6975280046463013","0.6975280046463013"
"201","1.7060117721557617","1.7060117721557617","1.7060117721557617","0.6654617786407471","0.6654617786407471","0.6654617786407471"
"202","1.7060117721557617","1.7060117721557617","1.7060117721557617","0.6654617786407471","0.6654617786407471","0.6654617786407471"
"203","1.7060117721557617","1.7060117721557617","1.7060117721557617","0.6654617786407471","0.6654617786407471","0.6654617786407471"
"204","1.7060117721557617","1.7060117721557617","1.7060117721557617","0.6654617786407471","0.6654617786407471","0.6654617786407471"
"205","1.7060117721557617","1.7060117721557617","1.7060117721557617","0.6654617786407471","0.6654617786407471","0.6654617786407471"
"206","1.7060117721557617","1.7060117721557617","1.7060117721557617","0.6654617786407471","0.6654617786407471","0.6654617786407471"
"207","1.7060117721557617","1.7060117721557617","1.7060117721557617","0.6654617786407471","0.6654617786407471","0.6654617786407471"
"208","1.7060117721557617","1.7060117721557617","1.7060117721557617","0.6654617786407471","0.6654617786407471","0.6654617786407471"
"209","1.4791496992111206","1.4791496992111206","1.4791496992111206","0.6479914784431458","0.6479914784431458","0.6479914784431458"
"210","1.4791496992111206","1.4791496992111206","1.4791496992111206","0.6479914784431458","0.6479914784431458","0.6479914784431458"
"211","1.4791496992111206","1.4791496992111206","1.4791496992111206","0.6479914784431458","0.6479914784431458","0.6479914784431458"
"212","1.4791496992111206","1.4791496992111206","1.4791496992111206","0.6479914784431458","0.6479914784431458","0.6479914784431458"
"213","1.4791496992111206","1.4791496992111206","1.4791496992111206","0.6479914784431458","0.6479914784431458","0.6479914784431458"
"214","1.4791496992111206","1.4791496992111206","1.4791496992111206","0.6479914784431458","0.6479914784431458","0.6479914784431458"
"215","1.4791496992111206","1.4791496992111206","1.4791496992111206","0.6479914784431458","0.6479914784431458","0.6479914784431458"
"216","1.4791496992111206","1.4791496992111206","1.4791496992111206","0.6479914784431458","0.6479914784431458","0.6479914784431458"
"217","1.5260744094848633","1.5260744094848633","1.5260744094848633","0.6800066828727722","0.6800066828727722","0.6800066828727722"
"218","1.5260744094848633","1.5260744094848633","1.5260744094848633","0.6800066828727722","0.6800066828727722","0.6800066828727722"
"219","1.5260744094848633","1.5260744094848633","1.5260744094848633","0.6800066828727722","0.6800066828727722","0.6800066828727722"
"220","1.5260744094848633","1.5260744094848633","1.5260744094848633","0.6800066828727722","0.6800066828727722","0.6800066828727722"
"221","1.5260744094848633","1.5260744094848633","1.5260744094848633","0.6800066828727722","0.6800066828727722","0.6800066828727722"
"222","1.5260744094848633","1.5260744094848633","1.5260744094848633","0.6800066828727722","0.6800066828727722","0.6800066828727722"
"223","1.5260744094848633","1.5260744094848633","1.5260744094848633","0.6800066828727722","0.6800066828727722","0.6800066828727722"
"224","1.5260744094848633","1.5260744094848633","1.5260744094848633","0.6800066828727722","0.6800066828727722","0.6800066828727722"
"225","1.2353785037994385","1.2353785037994385","1.2353785037994385","0.5447709560394287","0.5447709560394287","0.5447709560394287"
"226","1.2353785037994385","1.2353785037994385","1.2353785037994385","0.5447709560394287","0.5447709560394287","0.5447709560394287"
"227","1.2353785037994385","1.2353785037994385","1.2353785037994385","0.5447709560394287","0.5447709560394287","0.5447709560394287"
"228","1.2353785037994385","1.2353785037994385","1.2353785037994385","0.5447709560394287","0.5447709560394287","0.5447709560394287"
"229","1.2353785037994385","1.2353785037994385","1.2353785037994385","0.5447709560394287","0.5447709560394287","0.5447709560394287"
"230","1.2353785037994385","1.2353785037994385","1.2353785037994385","0.5447709560394287","0.5447709560394287","0.5447709560394287"
"231","1.2353785037994385","1.2353785037994385","1.2353785037994385","0.5447709560394287","0.5447709560394287","0.5447709560394287"
"232","1.2353785037994385","1.2353785037994385","1.2353785037994385","0.5447709560394287","0.5447709560394287","0.5447709560394287"
"233","1.2432457208633423","1.2432457208633423","1.2432457208633423","0.6243166923522949","0.6243166923522949","0.6243166923522949"
"234","1.2432457208633423","1.2432457208633423","1.2432457208633423","0.6243166923522949","0.6243166923522949","0.6243166923522949"
"235","1.2432457208633423","1.2432457208633423","1.2432457208633423","0.6243166923522949","0.6243166923522949","0.6243166923522949"
"236","1.2432457208633423","1.2432457208633423","1.2432457208633423","0.6243166923522949","0.6243166923522949","0.6243166923522949"
"237","1.2432457208633423","1.2432457208633423","1.2432457208633423","0.6243166923522949","0.6243166923522949","0.6243166923522949"
"238","1.2432457208633423","1.2432457208633423","1.2432457208633423","0.6243166923522949","0.6243166923522949","0.6243166923522949"
"239","1.2432457208633423","1.2432457208633423","1.2432457208633423","0.6243166923522949","0.6243166923522949","0.6243166923522949"
"240","1.2432457208633423","1.2432457208633423","1.2432457208633423","0.6243166923522949","0.6243166923522949","0.6243166923522949"
"241","1.0162910223007202","1.0162910223007202","1.0162910223007202","0.6370912194252014","0.6370912194252014","0.6370912194252014"
"242","1.0162910223007202","1.0162910223007202","1.0162910223007202","0.6370912194252014","0.6370912194252014","0.6370912194252014"
"243","1.0162910223007202","1.0162910223007202","1.0162910223007202","0.6370912194252014","0.6370912194252014","0.6370912194252014"
"244","1.0162910223007202","1.0162910223007202","1.0162910223007202","0.6370912194252014","0.6370912194252014","0.6370912194252014"
"245","1.0162910223007202","1.0162910223007202","1.0162910223007202","0.6370912194252014","0.6370912194252014","0.6370912194252014"
"246","1.0162910223007202","1.0162910223007202","1.0162910223007202","0.6370912194252014","0.6370912194252014","0.6370912194252014"
"247","1.0162910223007202","1.0162910223007202","1.0162910223007202","0.6370912194252014","0.6370912194252014","0.6370912194252014"
"248","1.0162910223007202","1.0162910223007202","1.0162910223007202","0.6370912194252014","0.6370912194252014","0.6370912194252014"
"249","0.9985524415969849","0.9985524415969849","0.9985524415969849","0.5059905052185059","0.5059905052185059","0.5059905052185059"
"250","0.9985524415969849","0.9985524415969849","0.9985524415969849","0.5059905052185059","0.5059905052185059","0.5059905052185059"
"251","0.9985524415969849","0.9985524415969849","0.9985524415969849","0.5059905052185059","0.5059905052185059","0.5059905052185059"
"252","0.9985524415969849","0.9985524415969849","0.9985524415969849","0.5059905052185059","0.5059905052185059","0.5059905052185059"
"253","0.9985524415969849","0.9985524415969849","0.9985524415969849","0.5059905052185059","0.5059905052185059","0.5059905052185059"
"254","0.9985524415969849","0.9985524415969849","0.9985524415969849","0.5059905052185059","0.5059905052185059","0.5059905052185059"
"255","0.9985524415969849","0.9985524415969849","0.9985524415969849","0.5059905052185059","0.5059905052185059","0.5059905052185059"
"256","0.9985524415969849","0.9985524415969849","0.9985524415969849","0.5059905052185059","0.5059905052185059","0.5059905052185059"
"257","0.663261353969574","0.663261353969574","0.663261353969574","0.502215564250946","0.502215564250946","0.502215564250946"
"258","0.663261353969574","0.663261353969574","0.663261353969574","0.502215564250946","0.502215564250946","0.502215564250946"
"259","0.663261353969574","0.663261353969574","0.663261353969574","0.502215564250946","0.502215564250946","0.502215564250946"
"260","0.663261353969574","0.663261353969574","0.663261353969574","0.502215564250946","0.502215564250946","0.502215564250946"
"261","0.663261353969574","0.663261353969574","0.663261353969574","0.502215564250946","0.502215564250946","0.502215564250946"
"262","0.663261353969574","0.663261353969574","0.663261353969574","0.502215564250946","0.502215564250946","0.502215564250946"
"263","0.663261353969574","0.663261353969574","0.663261353969574","0.502215564250946","0.502215564250946","0.502215564250946"
"264","0.663261353969574","0.663261353969574","0.663261353969574","0.502215564250946","0.502215564250946","0.502215564250946"
"265","0.6561216711997986","0.6561216711997986","0.6561216711997986","0.4972594082355499","0.4972594082355499","0.4972594082355499"
"266","0.6561216711997986","0.6561216711997986","0.6561216711997986","0.4972594082355499","0.4972594082355499","0.4972594082355499"
"267","0.6561216711997986","0.6561216711997986","0.6561216711997986","0.4972594082355499","0.4972594082355499","0.4972594082355499"
"268","0.6561216711997986","0.6561216711997986","0.6561216711997986","0.4972594082355499","0.4972594082355499","0.4972594082355499"
"269","0.6561216711997986","0.6561216711997986","0.6561216711997986","0.4972594082355499","0.4972594082355499","0.4972594082355499"
"270","0.6561216711997986","0.6561216711997986","0.6561216711997986","0.4972594082355499","0.4972594082355499","0.4972594082355499"
"271","0.6561216711997986","0.6561216711997986","0.6561216711997986","0.4972594082355499","0.4972594082355499","0.4972594082355499"
"272","0.6561216711997986","0.6561216711997986","0.6561216711997986","0.4972594082355499","0.4972594082355499","0.4972594082355499"
"273","0.557492733001709","0.557492733001709","0.557492733001709","0.3651941120624542","0.3651941120624542","0.3651941120624542"
"274","0.557492733001709","0.557492733001709","0.557492733001709","0.3651941120624542","0.3651941120624542","0.3651941120624542"
"275","0.557492733001709","0.557492733001709","0.557492733001709","0.3651941120624542","0.3651941120624542","0.3651941120624542"
"276","0.557492733001709","0.557492733001709","0.557492733001709","0.3651941120624542","0.3651941120624542","0.3651941120624542"
"277","0.557492733001709","0.557492733001709","0.557492733001709","0.3651941120624542","0.3651941120624542","0.3651941120624542"
"278","0.557492733001709","0.557492733001709","0.557492733001709","0.3651941120624542","0.3651941120624542","0.3651941120624542"
"279","0.557492733001709","0.557492733001709","0.557492733001709","0.3651941120624542","0.3651941120624542","0.3651941120624542"
"280","0.557492733001709","0.557492733001709","0.557492733001709","0.3651941120624542","0.3651941120624542","0.3651941120624542"
"281","0.40580034255981445","0.40580034255981445","0.40580034255981445","0.4615287780761719","0.4615287780761719","0.4615287780761719"
"282","0.40580034255981445","0.40580034255981445","0.40580034255981445","0.4615287780761719","0.4615287780761719","0.4615287780761719"
"283","0.40580034255981445","0.40580034255981445","0.40580034255981445","0.4615287780761719","0.4615287780761719","0.4615287780761719"
"284","0.40580034255981445","0.40580034255981445","0.40580034255981445","0.4615287780761719","0.4615287780761719","0.4615287780761719"
"285","0.40580034255981445","0.40580034255981445","0.40580034255981445","0.4615287780761719","0.4615287780761719","0.4615287780761719"
"286","0.40580034255981445","0.40580034255981445","0.40580034255981445","0.4615287780761719","0.4615287780761719","0.4615287780761719"
"287","0.40580034255981445","0.40580034255981445","0.40580034255981445","0.4615287780761719","0.4615287780761719","0.4615287780761719"
"288","0.40580034255981445","0.40580034255981445","0.40580034255981445","0.4615287780761719","0.4615287780761719","0.4615287780761719"
"289","0.4425690770149231","0.4425690770149231","0.4425690770149231","0.4693015217781067","0.4693015217781067","0.4693015217781067"
"290","0.4425690770149231","0.4425690770149231","0.4425690770149231","0.4693015217781067","0.4693015217781067","0.4693015217781067"
"291","0.4425690770149231","0.4425690770149231","0.4425690770149231","0.4693015217781067","0.4693015217781067","0.4693015217781067"
"292","0.4425690770149231","0.4425690770149231","0.4425690770149231","0.4693015217781067","0.4693015217781067","0.4693015217781067"
"293","0.4425690770149231","0.4425690770149231","0.4425690770149231","0.4693015217781067","0.4693015217781067","0.4693015217781067"
"294","0.4425690770149231","0.4425690770149231","0.4425690770149231","0.4693015217781067","0.4693015217781067","0.4693015217781067"
"295","0.4425690770149231","0.4425690770149231","0.4425690770149231","0.4693015217781067","0.4693015217781067","0.4693015217781067"
"296","0.4425690770149231","0.4425690770149231","0.4425690770149231","0.4693015217781067","0.4693015217781067","0.4693015217781067"
"297","0.19197311997413635","0.19197311997413635","0.19197311997413635","0.4544657766819","0.4544657766819","0.4544657766819"
"298","0.19197311997413635","0.19197311997413635","0.19197311997413635","0.4544657766819","0.4544657766819","0.4544657766819"
"299","0.19197311997413635","0.19197311997413635","0.19197311997413635","0.4544657766819","0.4544657766819","0.4544657766819"
"300","0.19197311997413635","0.19197311997413635","0.19197311997413635","0.4544657766819","0.4544657766819","0.4544657766819"
"301","0.19197311997413635","0.19197311997413635","0.19197311997413635","0.4544657766819","0.4544657766819","0.4544657766819"
"302","0.19197311997413635","0.19197311997413635","0.19197311997413635","0.4544657766819","0.4544657766819","0.4544657766819"
"303","0.19197311997413635","0.19197311997413635","0.19197311997413635","0.4544657766819","0.4544657766819","0.4544657766819"
"304","0.19197311997413635","0.19197311997413635","0.19197311997413635","0.4544657766819","0.4544657766819","0.4544657766819"
"305","-0.006626090966165066","-0.006626090966165066","-0.006626090966165066","0.5165520310401917","0.5165520310401917","0.5165520310401917"
"306","-0.006626090966165066","-0.006626090966165066","-0.006626090966165066","0.5165520310401917","0.5165520310401917","0.5165520310401917"
"307","-0.006626090966165066","-0.006626090966165066","-0.006626090966165066","0.5165520310401917","0.5165520310401917","0.5165520310401917"
"308","-0.006626090966165066","-0.006626090966165066","-0.006626090966165066","0.5165520310401917","0.5165520310401917","0.5165520310401917"
"309","-0.006626090966165066","-0.006626090966165066","-0.006626090966165066","0.5165520310401917","0.5165520310401917","0.5165520310401917"
"310","-0.006626090966165066","-0.006626090966165066","-0.006626090966165066","0.5165520310401917","0.5165520310401917","0.5165520310401917"
"311","-0.006626090966165066","-0.006626090966165066","-0.006626090966165066","0.5165520310401917","0.5165520310401917","0.5165520310401917"
"312","-0.006626090966165066","-0.006626090966165066","-0.006626090966165066","0.5165520310401917","0.5165520310401917","0.5165520310401917"
"313","0.0666736587882042","0.0666736587882042","0.0666736587882042","0.47594738006591797","0.47594738006591797","0.47594738006591797"
"314","0.0666736587882042","0.0666736587882042","0.0666736587882042","0.47594738006591797","0.47594738006591797","0.47594738006591797"
"315","0.0666736587882042","0.0666736587882042","0.0666736587882042","0.47594738006591797","0.47594738006591797","0.47594738006591797"
"316","0.0666736587882042","0.0666736587882042","0.0666736587882042","0.47594738006591797","0.47594738006591797","0.47594738006591797"
"317","0.0666736587882042","0.0666736587882042","0.0666736587882042","0.47594738006591797","0.47594738006591797","0.47594738006591797"
"318","0.0666736587882042","0.0666736587882042","0.0666736587882042","0.47594738006591797","0.47594738006591797","0.47594738006591797"
"319","0.0666736587882042","0.0666736587882042","0.0666736587882042","0.47594738006591797","0.47594738006591797","0.47594738006591797"
"320","0.0666736587882042","0.0666736587882042","0.0666736587882042","0.47594738006591797","0.47594738006591797","0.47594738006591797"
"321","-0.064324289560318","-0.064324289560318","-0.064324289560318","0.3463912606239319","0.3463912606239319","0.3463912606239319"
"322","-0.064324289560318","-0.064324289560318","-0.064324289560318","0.3463912606239319","0.3463912606239319","0.3463912606239319"
"323","-0.064324289560318","-0.064324289560318","-0.064324289560318","0.3463912606239319","0.3463912606239319","0.3463912606239319"
"324","-0.064324289560318","-0.064324289560318","-0.064324289560318","0.3463912606239319","0.3463912606239319","0.3463912606239319"
"325","-0.064324289560318","-0.064324289560318","-0.064324289560318","0.3463912606239319","0.3463912606239319","0.3463912606239319"
"326","-0.064324289560318","-0.064324289560318","-0.064324289560318","0.3463912606239319","0.3463912606239319","0.3463912606239319"
"327","-0.064324289560318","-0.064324289560318","-0.064324289560318","0.3463912606239319","0.3463912606239319","0.3463912606239319"
"328","-0.064324289560318","-0.064324289560318","-0.064324289560318","0.3463912606239319","0.3463912606239319","0.3463912606239319"
"329","-0.06512054800987244","-0.06512054800987244","-0.06512054800987244","0.3891066312789917","0.3891066312789917","0.3891066312789917"
"330","-0.06512054800987244","-0.06512054800987244","-0.06512054800987244","0.3891066312789917","0.3891066312789917","0.3891066312789917"
"331","-0.06512054800987244","-0.06512054800987244","-0.06512054800987244","0.3891066312789917","0.3891066312789917","0.3891066312789917"
"332","-0.06512054800987244","-0.06512054800987244","-0.06512054800987244","0.3891066312789917","0.3891066312789917","0.3891066312789917"
"333","-0.06512054800987244","-0.06512054800987244","-0.06512054800987244","0.3891066312789917","0.3891066312789917","0.3891066312789917"
"334","-0.06512054800987244","-0.06512054800987244","-0.06512054800987244","0.3891066312789917","0.3891066312789917","0.3891066312789917"
"335","-0.06512054800987244","-0.06512054800987244","-0.06512054800987244","0.3891066312789917","0.3891066312789917","0.3891066312789917"
"336","-0.06512054800987244","-0.06512054800987244","-0.06512054800987244","0.3891066312789917","0.3891066312789917","0.3891066312789917"
"337","-0.0739065408706665","-0.0739065408706665","-0.0739065408706665","0.4869893789291382","0.4869893789291382","0.4869893789291382"
"338","-0.0739065408706665","-0.0739065408706665","-0.0739065408706665","0.4869893789291382","0.4869893789291382","0.4869893789291382"
"339","-0.0739065408706665","-0.0739065408706665","-0.0739065408706665","0.4869893789291382","0.4869893789291382","0.4869893789291382"
"340","-0.0739065408706665","-0.0739065408706665","-0.0739065408706665","0.4869893789291382","0.4869893789291382","0.4869893789291382"
"341","-0.0739065408706665","-0.0739065408706665","-0.0739065408706665","0.4869893789291382","0.4869893789291382","0.4869893789291382"
"342","-0.0739065408706665","-0.0739065408706665","-0.0739065408706665","0.4869893789291382","0.4869893789291382","0.4869893789291382"
"343","-0.0739065408706665","-0.0739065408706665","-0.0739065408706665","0.4869893789291382","0.4869893789291382","0.4869893789291382"
"344","-0.0739065408706665","-0.0739065408706665","-0.0739065408706665","0.4869893789291382","0.4869893789291382","0.4869893789291382"
"345","0.00003407460462767631","0.00003407460462767631","0.00003407460462767631","0.6244112849235535","0.6244112849235535","0.6244112849235535"
"346","0.00003407460462767631","0.00003407460462767631","0.00003407460462767631","0.6244112849235535","0.6244112849235535","0.6244112849235535"
"347","0.00003407460462767631","0.00003407460462767631","0.00003407460462767631","0.6244112849235535","0.6244112849235535","0.6244112849235535"
"348","0.00003407460462767631","0.00003407460462767631","0.00003407460462767631","0.6244112849235535","0.6244112849235535","0.6244112849235535"
"349","0.00003407460462767631","0.00003407460462767631","0.00003407460462767631","0.6244112849235535","0.6244112849235535","0.6244112849235535"
"350","0.00003407460462767631","0.00003407460462767631","0.00003407460462767631","0.6244112849235535","0.6244112849235535","0.6244112849235535"
"351","0.00003407460462767631","0.00003407460462767631","0.00003407460462767631","0.6244112849235535","0.6244112849235535","0.6244112849235535"
"352","0.00003407460462767631","0.00003407460462767631","0.00003407460462767631","0.6244112849235535","0.6244112849235535","0.6244112849235535"
"353","-0.20244786143302917","-0.20244786143302917","-0.20244786143302917","0.3885773718357086","0.3885773718357086","0.3885773718357086"
"354","-0.20244786143302917","-0.20244786143302917","-0.20244786143302917","0.3885773718357086","0.3885773718357086","0.3885773718357086"
"355","-0.20244786143302917","-0.20244786143302917","-0.20244786143302917","0.3885773718357086","0.3885773718357086","0.3885773718357086"
"356","-0.20244786143302917","-0.20244786143302917","-0.20244786143302917","0.3885773718357086","0.3885773718357086","0.3885773718357086"
"357","-0.20244786143302917","-0.20244786143302917","-0.20244786143302917","0.3885773718357086","0.3885773718357086","0.3885773718357086"
"358","-0.20244786143302917","-0.20244786143302917","-0.20244786143302917","0.3885773718357086","0.3885773718357086","0.3885773718357086"
"359","-0.20244786143302917","-0.20244786143302917","-0.20244786143302917","0.3885773718357086","0.3885773718357086","0.3885773718357086"
"360","-0.20244786143302917","-0.20244786143302917","-0.20244786143302917","0.3885773718357086","0.3885773718357086","0.3885773718357086"
"361","-0.29042041301727295","-0.29042041301727295","-0.29042041301727295","0.5214500427246094","0.5214500427246094","0.5214500427246094"
"362","-0.29042041301727295","-0.29042041301727295","-0.29042041301727295","0.5214500427246094","0.5214500427246094","0.5214500427246094"
"363","-0.29042041301727295","-0.29042041301727295","-0.29042041301727295","0.5214500427246094","0.5214500427246094","0.5214500427246094"
"364","-0.29042041301727295","-0.29042041301727295","-0.29042041301727295","0.5214500427246094","0.5214500427246094","0.5214500427246094"
"365","-0.29042041301727295","-0.29042041301727295","-0.29042041301727295","0.5214500427246094","0.5214500427246094","0.5214500427246094"
"366","-0.29042041301727295","-0.29042041301727295","-0.29042041301727295","0.5214500427246094","0.5214500427246094","0.5214500427246094"
"367","-0.29042041301727295","-0.29042041301727295","-0.29042041301727295","0.5214500427246094","0.5214500427246094","0.5214500427246094"
"368","-0.29042041301727295","-0.29042041301727295","-0.29042041301727295","0.5214500427246094","0.5214500427246094","0.5214500427246094"
"369","-0.4067942202091217","-0.4067942202091217","-0.4067942202091217","0.44101202487945557","0.44101202487945557","0.44101202487945557"
"370","-0.4067942202091217","-0.4067942202091217","-0.4067942202091217","0.44101202487945557","0.44101202487945557","0.44101202487945557"
"371","-0.4067942202091217","-0.4067942202091217","-0.4067942202091217","0.44101202487945557","0.44101202487945557","0.44101202487945557"
"372","-0.4067942202091217","-0.4067942202091217","-0.4067942202091217","0.44101202487945557","0.44101202487945557","0.44101202487945557"
"373","-0.4067942202091217","-0.4067942202091217","-0.4067942202091217","0.44101202487945557","0.44101202487945557","0.44101202487945557"
"374","-0.4067942202091217","-0.4067942202091217","-0.4067942202091217","0.44101202487945557","0.44101202487945557","0.44101202487945557"
"375","-0.4067942202091217","-0.4067942202091217","-0.4067942202091217","0.44101202487945557","0.44101202487945557","0.44101202487945557"
"376","-0.4067942202091217","-0.4067942202091217","-0.4067942202091217","0.44101202487945557","0.44101202487945557","0.44101202487945557"
"377","-0.3957572877407074","-0.3957572877407074","-0.3957572877407074","0.6690735816955566","0.6690735816955566","0.6690735816955566"
"378","-0.3957572877407074","-0.3957572877407074","-0.3957572877407074","0.6690735816955566","0.6690735816955566","0.6690735816955566"
"379","-0.3957572877407074","-0.3957572877407074","-0.3957572877407074","0.6690735816955566","0.6690735816955566","0.6690735816955566"
"380","-0.3957572877407074","-0.3957572877407074","-0.3957572877407074","0.6690735816955566","0.6690735816955566","0.6690735816955566"
"381","-0.3957572877407074","-0.3957572877407074","-0.3957572877407074","0.6690735816955566","0.6690735816955566","0.6690735816955566"
"382","-0.3957572877407074","-0.3957572877407074","-0.3957572877407074","0.6690735816955566","0.6690735816955566","0.6690735816955566"
"383","-0.3957572877407074","-0.3957572877407074","-0.3957572877407074","0.6690735816955566","0.6690735816955566","0.6690735816955566"
"384","-0.3957572877407074","-0.3957572877407074","-0.3957572877407074","0.6690735816955566","0.6690735816955566","0.6690735816955566"
"385","-0.6432259678840637","-0.6432259678840637","-0.6432259678840637","0.5153803825378418","0.5153803825378418","0.5153803825378418"
"386","-0.6432259678840637","-0.6432259678840637","-0.6432259678840637","0.5153803825378418","0.5153803825378418","0.5153803825378418"
"387","-0.6432259678840637","-0.6432259678840637","-0.6432259678840637","0.5153803825378418","0.5153803825378418","0.5153803825378418"
"388","-0.6432259678840637","-0.6432259678840637","-0.6432259678840637","0.5153803825378418","0.5153803825378418","0.5153803825378418"
"389","-0.6432259678840637","-0.6432259678840637","-0.6432259678840637","0.5153803825378418","0.5153803825378418","0.5153803825378418"
"390","-0.6432259678840637","-0.6432259678840637","-0.6432259678840637","0.5153803825378418","0.5153803825378418","0.5153803825378418"
"391","-0.6432259678840637","-0.6432259678840637","-0.6432259678840637","0.5153803825378418","0.5153803825378418","0.5153803825378418"
"392","-0.6432259678840637","-0.6432259678840637","-0.6432259678840637","0.5153803825378418","0.5153803825378418","0.5153803825378418"
"393","-0.6135445237159729","-0.6135445237159729","-0.6135445237159729","0.6085495352745056","0.6085495352745056","0.6085495352745056"
"394","-0.6135445237159729","-0.6135445237159729","-0.6135445237159729","0.6085495352745056","0.6085495352745056","0.6085495352745056"
"395","-0.6135445237159729","-0.6135445237159729","-0.6135445237159729","0.6085495352745056","0.6085495352745056","0.6085495352745056"
"396","-0.6135445237159729","-0.6135445237159729","-0.6135445237159729","0.6085495352745056","0.6085495352745056","0.6085495352745056"
"397","-0.6135445237159729","-0.6135445237159729","-0.6135445237159729","0.6085495352745056","0.6085495352745056","0.6085495352745056"
"398","-0.6135445237159729","-0.6135445237159729","-0.6135445237159729","0.6085495352745056","0.6085495352745056","0.6085495352745056"
"399","-0.6135445237159729","-0.6135445237159729","-0.6135445237159729","0.6085495352745056","0.6085495352745056","0.6085495352745056"
"400","-0.6135445237159729","-0.6135445237159729","-0.6135445237159729","0.6085495352745056","0.6085495352745056","0.6085495352745056"
"401","-0.7378562688827515","-0.7378562688827515","-0.7378562688827515","0.7027498483657837","0.7027498483657837","0.7027498483657837"
"402","-0.7378562688827515","-0.7378562688827515","-0.7378562688827515","0.7027498483657837","0.7027498483657837","0.7027498483657837"
"403","-0.7378562688827515","-0.7378562688827515","-0.7378562688827515","0.7027498483657837","0.7027498483657837","0.7027498483657837"
"404","-0.7378562688827515","-0.7378562688827515","-0.7378562688827515","0.7027498483657837","0.7027498483657837","0.7027498483657837"
"405","-0.7378562688827515","-0.7378562688827515","-0.7378562688827515","0.7027498483657837","0.7027498483657837","0.7027498483657837"
"406","-0.7378562688827515","-0.7378562688827515","-0.7378562688827515","0.7027498483657837","0.7027498483657837","0.7027498483657837"
"407","-0.7378562688827515","-0.7378562688827515","-0.7378562688827515","0.7027498483657837","0.7027498483657837","0.7027498483657837"
"408","-0.7378562688827515","-0.7378562688827515","-0.7378562688827515","0.7027498483657837","0.7027498483657837","0.7027498483657837"
"409","-0.561237633228302","-0.561237633228302","-0.561237633228302","0.609625518321991","0.609625518321991","0.609625518321991"
"410","-0.561237633228302","-0.561237633228302","-0.561237633228302","0.609625518321991","0.609625518321991","0.609625518321991"
"411","-0.561237633228302","-0.561237633228302","-0.561237633228302","0.609625518321991","0.609625518321991","0.609625518321991"
"412","-0.561237633228302","-0.561237633228302","-0.561237633228302","0.609625518321991","0.609625518321991","0.609625518321991"
"413","-0.561237633228302","-0.561237633228302","-0.561237633228302","0.609625518321991","0.609625518321991","0.609625518321991"
"414","-0.561237633228302","-0.561237633228302","-0.561237633228302","0.609625518321991","0.609625518321991","0.609625518321991"
"415","-0.561237633228302","-0.561237633228302","-0.561237633228302","0.609625518321991","0.609625518321991","0.609625518321991"
"416","-0.561237633228302","-0.561237633228302","-0.561237633228302","0.609625518321991","0.609625518321991","0.609625518321991"
"417","-0.9172711372375488","-0.9172711372375488","-0.9172711372375488","0.7427101135253906","0.7427101135253906","0.7427101135253906"
"418","-0.9172711372375488","-0.9172711372375488","-0.9172711372375488","0.7427101135253906","0.7427101135253906","0.7427101135253906"
"419","-0.9172711372375488","-0.9172711372375488","-0.9172711372375488","0.7427101135253906","0.7427101135253906","0.7427101135253906"
"420","-0.9172711372375488","-0.9172711372375488","-0.9172711372375488","0.7427101135253906","0.7427101135253906","0.7427101135253906"
"421","-0.9172711372375488","-0.9172711372375488","-0.9172711372375488","0.7427101135253906","0.7427101135253906","0.7427101135253906"
"422","-0.9172711372375488","-0.9172711372375488","-0.9172711372375488","0.7427101135253906","0.7427101135253906","0.7427101135253906"
"423","-0.9172711372375488","-0.9172711372375488","-0.9172711372375488","0.7427101135253906","0.7427101135253906","0.7427101135253906"
"424","-0.9172711372375488","-0.9172711372375488","-0.9172711372375488","0.7427101135253906","0.7427101135253906","0.7427101135253906"
"425","-0.9467071294784546","-0.9467071294784546","-0.9467071294784546","0.6297594904899597","0.6297594904899597","0.6297594904899597"
"426","-0.9467071294784546","-0.9467071294784546","-0.9467071294784546","0.6297594904899597","0.6297594904899597","0.6297594904899597"
"427","-0.9467071294784546","-0.9467071294784546","-0.9467071294784546","0.6297594904899597","0.6297594904899597","0.6297594904899597"
"428","-0.9467071294784546","-0.9467071294784546","-0.9467071294784546","0.6297594904899597","0.6297594904899597","0.6297594904899597"
"429","-0.9467071294784546","-0.9467071294784546","-0.9467071294784546","0.6297594904899597","0.6297594904899597","0.6297594904899597"
"430","-0.9467071294784546","-0.9467071294784546","-0.9467071294784546","0.6297594904899597","0.6297594904899597","0.6297594904899597"
"431","-0.9467071294784546","-0.9467071294784546","-0.9467071294784546","0.6297594904899597","0.6297594904899597","0.6297594904899597"
"432","-0.9467071294784546","-0.9467071294784546","-0.9467071294784546","0.6297594904899597","0.6297594904899597","0.6297594904899597"
"433","-1.085023045539856","-1.085023045539856","-1.085023045539856","0.6471264958381653","0.6471264958381653","0.6471264958381653"
"434","-1.085023045539856","-1.085023045539856","-1.085023045539856","0.6471264958381653","0.6471264958381653","0.6471264958381653"
"435","-1.085023045539856","-1.085023045539856","-1.085023045539856","0.6471264958381653","0.6471264958381653","0.6471264958381653"
"436","-1.085023045539856","-1.085023045539856","-1.085023045539856","0.6471264958381653","0.6471264958381653","0.6471264958381653"
"437","-1.085023045539856","-1.085023045539856","-1.085023045539856","0.6471264958381653","0.6471264958381653","0.6471264958381653"
"438","-1.085023045539856","-1.085023045539856","-1.085023045539856","0.6471264958381653","0.6471264958381653","0.6471264958381653"
"439","-1.085023045539856","-1.085023045539856","-1.085023045539856","0.6471264958381653","0.6471264958381653","0.6471264958381653"
"440","-1.085023045539856","-1.085023045539856","-1.085023045539856","0.6471264958381653","0.6471264958381653","0.6471264958381653"
"441","-1.1392629146575928","-1.1392629146575928","-1.1392629146575928","0.783237099647522","0.783237099647522","0.783237099647522"
"442","-1.1392629146575928","-1.1392629146575928","-1.1392629146575928","0.783237099647522","0.783237099647522","0.783237099647522"
"443","-1.1392629146575928","-1.1392629146575928","-1.1392629146575928","0.783237099647522","0.783237099647522","0.783237099647522"
"444","-1.1392629146575928","-1.1392629146575928","-1.1392629146575928","0.783237099647522","0.783237099647522","0.783237099647522"
"445","-1.1392629146575928","-1.1392629146575928","-1.1392629146575928","0.783237099647522","0.783237099647522","0.783237099647522"
"446","-1.1392629146575928","-1.1392629146575928","-1.1392629146575928","0.783237099647522","0.783237099647522","0.783237099647522"
"447","-1.1392629146575928","-1.1392629146575928","-1.1392629146575928","0.783237099647522","0.783237099647522","0.783237099647522"
"448","-1.1392629146575928","-1.1392629146575928","-1.1392629146575928","0.783237099647522","0.783237099647522","0.783237099647522"
"449","-1.1694053411483765","-1.1694053411483765","-1.1694053411483765","0.8885897397994995","0.8885897397994995","0.8885897397994995"
"450","-1.1694053411483765","-1.1694053411483765","-1.1694053411483765","0.8885897397994995","0.8885897397994995","0.8885897397994995"
"451","-1.1694053411483765","-1.1694053411483765","-1.1694053411483765","0.8885897397994995","0.8885897397994995","0.8885897397994995"
"452","-1.1694053411483765","-1.1694053411483765","-1.1694053411483765","0.8885897397994995","0.8885897397994995","0.8885897397994995"
"453","-1.1694053411483765","-1.1694053411483765","-1.1694053411483765","0.8885897397994995","0.8885897397994995","0.8885897397994995"
"454","-1.1694053411483765","-1.1694053411483765","-1.1694053411483765","0.8885897397994995","0.8885897397994995","0.8885897397994995"
"455","-1.1694053411483765","-1.1694053411483765","-1.1694053411483765","0.8885897397994995","0.8885897397994995","0.8885897397994995"
"456","-1.1694053411483765","-1.1694053411483765","-1.1694053411483765","0.8885897397994995","0.8885897397994995","0.8885897397994995"
"457","-0.9436565637588501","-0.9436565637588501","-0.9436565637588501","0.6863313317298889","0.6863313317298889","0.6863313317298889"
"458","-0.9436565637588501","-0.9436565637588501","-0.9436565637588501","0.6863313317298889","0.6863313317298889","0.6863313317298889"
"459","-0.9436565637588501","-0.9436565637588501","-0.9436565637588501","0.6863313317298889","0.6863313317298889","0.6863313317298889"
"460","-0.9436565637588501","-0.9436565637588501","-0.9436565637588501","0.6863313317298889","0.6863313317298889","0.6863313317298889"
"461","-0.9436565637588501","-0.9436565637588501","-0.9436565637588501","0.6863313317298889","0.6863313317298889","0.6863313317298889"
"462","-0.9436565637588501","-0.9436565637588501","-0.9436565637588501","0.6863313317298889","0.6863313317298889","0.6863313317298889"
"463","-0.9436565637588501","-0.9436565637588501","-0.9436565637588501","0.6863313317298889","0.6863313317298889","0.6863313317298889"
"464","-0.9436565637588501","-0.9436565637588501","-0.9436565637588501","0.6863313317298889","0.6863313317298889","0.6863313317298889"
"465","-1.378561019897461","-1.378561019897461","-1.378561019897461","0.990537703037262","0.990537703037262","0.990537703037262"
"466","-1.378561019897461","-1.378561019897461","-1.378561019897461","0.990537703037262","0.990537703037262","0.990537703037262"
"467","-1.378561019897461","-1.378561019897461","-1.378561019897461","0.990537703037262","0.990537703037262","0.990537703037262"
"468","-1.378561019897461","-1.378561019897461","-1.378561019897461","0.990537703037262","0.990537703037262","0.990537703037262"
"469","-1.378561019897461","-1.378561019897461","-1.378561019897461","0.990537703037262","0.990537703037262","0.990537703037262"
"470","-1.378561019897461","-1.378561019897461","-1.378561019897461","0.990537703037262","0.990537703037262","0.990537703037262"
"471","-1.378561019897461","-1.378561019897461","-1.378561019897461","0.990537703037262","0.990537703037262","0.990537703037262"
"472","-1.378561019897461","-1.378561019897461","-1.378561019897461","0.990537703037262","0.990537703037262","0.990537703037262"
"473","-1.111998438835144","-1.111998438835144","-1.111998438835144","0.8780872821807861","0.8780872821807861","0.8780872821807861"
"474","-1.111998438835144","-1.111998438835144","-1.111998438835144","0.8780872821807861","0.8780872821807861","0.8780872821807861"
"475","-1.111998438835144","-1.111998438835144","-1.111998438835144","0.8780872821807861","0.8780872821807861","0.8780872821807861"
"476","-1.111998438835144","-1.111998438835144","-1.111998438835144","0.8780872821807861","0.8780872821807861","0.8780872821807861"
"477","-1.111998438835144","-1.111998438835144","-1.111998438835144","0.8780872821807861","0.8780872821807861","0.8780872821807861"
"478","-1.111998438835144","-1.111998438835144","-1.111998438835144","0.8780872821807861","0.8780872821807861","0.8780872821807861"
"479","-1.111998438835144","-1.111998438835144","-1.111998438835144","0.8780872821807861","0.8780872821807861","0.8780872821807861"
"480","-1.111998438835144","-1.111998438835144","-1.111998438835144","0.8780872821807861","0.8780872821807861","0.8780872821807861"
"481","-1.1032356023788452","-1.1032356023788452","-1.1032356023788452","0.9070656299591064","0.9070656299591064","0.9070656299591064"
"482","-1.1032356023788452","-1.1032356023788452","-1.1032356023788452","0.9070656299591064","0.9070656299591064","0.9070656299591064"
"483","-1.1032356023788452","-1.1032356023788452","-1.1032356023788452","0.9070656299591064","0.9070656299591064","0.9070656299591064"
"484","-1.1032356023788452","-1.1032356023788452","-1.1032356023788452","0.9070656299591064","0.9070656299591064","0.9070656299591064"
"485","-1.1032356023788452","-1.1032356023788452","-1.1032356023788452","0.9070656299591064","0.9070656299591064","0.9070656299591064"
"486","-1.1032356023788452","-1.1032356023788452","-1.1032356023788452","0.9070656299591064","0.9070656299591064","0.9070656299591064"
"487","-1.1032356023788452","-1.1032356023788452","-1.1032356023788452","0.9070656299591064","0.9070656299591064","0.9070656299591064"
"488","-1.1032356023788452","-1.1032356023788452","-1.1032356023788452","0.9070656299591064","0.9070656299591064","0.9070656299591064"
"489","-1.4131801128387451","-1.4131801128387451","-1.4131801128387451","0.772615373134613","0.772615373134613","0.772615373134613"
"490","-1.4131801128387451","-1.4131801128387451","-1.4131801128387451","0.772615373134613","0.772615373134613","0.772615373134613"
"491","-1.4131801128387451","-1.4131801128387451","-1.4131801128387451","0.772615373134613","0.772615373134613","0.772615373134613"
"492","-1.4131801128387451","-1.4131801128387451","-1.4131801128387451","0.772615373134613","0.772615373134613","0.772615373134613"
"493","-1.4131801128387451","-1.4131801128387451","-1.4131801128387451","0.772615373134613","0.772615373134613","0.772615373134613"
"494","-1.4131801128387451","-1.4131801128387451","-1.4131801128387451","0.772615373134613","0.772615373134613","0.772615373134613"
"495","-1.4131801128387451","-1.4131801128387451","-1.4131801128387451","0.772615373134613","0.772615373134613","0.772615373134613"
"496","-1.4131801128387451","-1.4131801128387451","-1.4131801128387451","0.772615373134613","0.772615373134613","0.772615373134613"
"497","-1.3004728555679321","-1.3004728555679321","-1.3004728555679321","1.1172137260437012","1.1172137260437012","1.1172137260437012"
"498","-1.3004728555679321","-1.3004728555679321","-1.3004728555679321","1.1172137260437012","1.1172137260437012","1.1172137260437012"
"499","-1.3004728555679321","-1.3004728555679321","-1.3004728555679321","1.1172137260437012","1.1172137260437012","1.1172137260437012"
"500","-1.3004728555679321","-1.3004728555679321","-1.3004728555679321","1.1172137260437012","1.1172137260437012","1.1172137260437012"
"501","-1.3004728555679321","-1.3004728555679321","-1.3004728555679321","1.1172137260437012","1.1172137260437012","1.1172137260437012"
"502","-1.3004728555679321","-1.3004728555679321","-1.3004728555679321","1.1172137260437012","1.1172137260437012","1.1172137260437012"
"503","-1.3004728555679321","-1.3004728555679321","-1.3004728555679321","1.1172137260437012","1.1172137260437012","1.1172137260437012"
"504","-1.3004728555679321","-1.3004728555679321","-1.3004728555679321","1.1172137260437012","1.1172137260437012","1.1172137260437012"
"505","-0.9427051544189453","-0.9427051544189453","-0.9427051544189453","0.8547592759132385","0.8547592759132385","0.8547592759132385"
"506","-0.9427051544189453","-0.9427051544189453","-0.9427051544189453","0.8547592759132385","0.8547592759132385","0.8547592759132385"
"507","-0.9427051544189453","-0.9427051544189453","-0.9427051544189453","0.8547592759132385","0.8547592759132385","0.8547592759132385"
"508","-0.9427051544189453","-0.9427051544189453","-0.9427051544189453","0.8547592759132385","0.8547592759132385","0.8547592759132385"
"509","-0.9427051544189453","-0.9427051544189453","-0.9427051544189453","0.8547592759132385","0.8547592759132385","0.8547592759132385"
"510","-0.9427051544189453","-0.9427051544189453","-0.9427051544189453","0.8547592759132385","0.8547592759132385","0.8547592759132385"
"511","-0.9427051544189453","-0.9427051544189453","-0.9427051544189453","0.8547592759132385","0.8547592759132385","0.8547592759132385"
"512","-0.9427051544189453","-0.9427051544189453","-0.9427051544189453","0.8547592759132385","0.8547592759132385","0.8547592759132385"
"513","-1.0629901885986328","-1.0629901885986328","-1.0629901885986328","1.0768440961837769","1.0768440961837769","1.0768440961837769"
"514","-1.0629901885986328","-1.0629901885986328","-1.0629901885986328","1.0768440961837769","1.0768440961837769","1.0768440961837769"
"515","-1.0629901885986328","-1.0629901885986328","-1.0629901885986328","1.0768440961837769","1.0768440961837769","1.0768440961837769"
"516","-1.0629901885986328","-1.0629901885986328","-1.0629901885986328","1.0768440961837769","1.0768440961837769","1.0768440961837769"
"517","-1.0629901885986328","-1.0629901885986328","-1.0629901885986328","1.0768440961837769","1.0768440961837769","1.0768440961837769"
"518","-1.0629901885986328","-1.0629901885986328","-1.0629901885986328","1.0768440961837769","1.0768440961837769","1.0768440961837769"
"519","-1.0629901885986328","-1.0629901885986328","-1.0629901885986328","1.0768440961837769","1.0768440961837769","1.0768440961837769"
"520","-1.0629901885986328","-1.0629901885986328","-1.0629901885986328","1.0768440961837769","1.0768440961837769","1.0768440961837769"
"521","-0.9390100240707397","-0.9390100240707397","-0.9390100240707397","1.158760905265808","1.158760905265808","1.158760905265808"
"522","-0.9390100240707397","-0.9390100240707397","-0.9390100240707397","1.158760905265808","1.158760905265808","1.158760905265808"
"523","-0.9390100240707397","-0.9390100240707397","-0.9390100240707397","1.158760905265808","1.158760905265808","1.158760905265808"
"524","-0.9390100240707397","-0.9390100240707397","-0.9390100240707397","1.158760905265808","1.158760905265808","1.158760905265808"
"525","-0.9390100240707397","-0.9390100240707397","-0.9390100240707397","1.158760905265808","1.158760905265808","1.158760905265808"
"526","-0.9390100240707397","-0.9390100240707397","-0.9390100240707397","1.158760905265808","1.158760905265808","1.158760905265808"
"527","-0.9390100240707397","-0.9390100240707397","-0.9390100240707397","1.158760905265808","1.158760905265808","1.158760905265808"
"528","-0.9390100240707397","-0.9390100240707397","-0.9390100240707397","1.158760905265808","1.158760905265808","1.158760905265808"
"529","-1.1903815269470215","-1.1903815269470215","-1.1903815269470215","0.9691454172134399","0.9691454172134399","0.9691454172134399"
"530","-1.1903815269470215","-1.1903815269470215","-1.1903815269470215","0.9691454172134399","0.9691454172134399","0.9691454172134399"
"531","-1.1903815269470215","-1.1903815269470215","-1.1903815269470215","0.9691454172134399","0.9691454172134399","0.9691454172134399"
"532","-1.1903815269470215","-1.1903815269470215","-1.1903815269470215","0.9691454172134399","0.9691454172134399","0.9691454172134399"
"533","-1.1903815269470215","-1.1903815269470215","-1.1903815269470215","0.9691454172134399","0.9691454172134399","0.9691454172134399"
"534","-1.1903815269470215","-1.1903815269470215","-1.1903815269470215","0.9691454172134399","0.9691454172134399","0.9691454172134399"
"535","-1.1903815269470215","-1.1903815269470215","-1.1903815269470215","0.9691454172134399","0.9691454172134399","0.9691454172134399"
"536","-1.1903815269470215","-1.1903815269470215","-1.1903815269470215","0.9691454172134399","0.9691454172134399","0.9691454172134399"
"537","-0.760573148727417","-0.760573148727417","-0.760573148727417","0.8253735303878784","0.8253735303878784","0.8253735303878784"
"538","-0.760573148727417","-0.760573148727417","-0.760573148727417","0.8253735303878784","0.8253735303878784","0.8253735303878784"
"539","-0.760573148727417","-0.760573148727417","-0.760573148727417","0.8253735303878784","0.8253735303878784","0.8253735303878784"
"540","-0.760573148727417","-0.760573148727417","-0.760573148727417","0.8253735303878784","0.8253735303878784","0.8253735303878784"
"541","-0.760573148727417","-0.760573148727417","-0.760573148727417","0.8253735303878784","0.8253735303878784","0.8253735303878784"
"542","-0.760573148727417","-0.760573148727417","-0.760573148727417","0.8253735303878784","0.8253735303878784","0.8253735303878784"
"543","-0.760573148727417","-0.760573148727417","-0.760573148727417","0.8253735303878784","0.8253735303878784","0.8253735303878784"
"544","-0.760573148727417","-0.760573148727417","-0.760573148727417","0.8253735303878784","0.8253735303878784","0.8253735303878784"
"545","-0.3700414299964905","-0.3700414299964905","-0.3700414299964905","0.9342185258865356","0.9342185258865356","0.9342185258865356"
"546","-0.3700414299964905","-0.3700414299964905","-0.3700414299964905","0.9342185258865356","0.9342185258865356","0.9342185258865356"
"547","-0.3700414299964905","-0.3700414299964905","-0.3700414299964905","0.9342185258865356","0.9342185258865356","0.9342185258865356"
"548","-0.3700414299964905","-0.3700414299964905","-0.3700414299964905","0.9342185258865356","0.9342185258865356","0.9342185258865356"
"549","-0.3700414299964905","-0.3700414299964905","-0.3700414299964905","0.9342185258865356","0.9342185258865356","0.9342185258865356"
"550","-0.3700414299964905","-0.3700414299964905","-0.3700414299964905","0.9342185258865356","0.9342185258865356","0.9342185258865356"
"551","-0.3700414299964905","-0.3700414299964905","-0.3700414299964905","0.9342185258865356","0.9342185258865356","0.9342185258865356"
"552","-0.3700414299964905","-0.3700414299964905","-0.3700414299964905","0.9342185258865356","0.9342185258865356","0.9342185258865356"
"553","-1.193278431892395","-1.193278431892395","-1.193278431892395","0.8210096955299377","0.8210096955299377","0.8210096955299377"
"554","-1.193278431892395","-1.193278431892395","-1.193278431892395","0.8210096955299377","0.8210096955299377","0.8210096955299377"
"555","-1.193278431892395","-1.193278431892395","-1.193278431892395","0.8210096955299377","0.8210096955299377","0.8210096955299377"
"556","-1.193278431892395","-1.193278431892395","-1.193278431892395","0.8210096955299377","0.8210096955299377","0.8210096955299377"
"557","-1.193278431892395","-1.193278431892395","-1.193278431892395","0.8210096955299377","0.8210096955299377","0.8210096955299377"
"558","-1.193278431892395","-1.193278431892395","-1.193278431892395","0.8210096955299377","0.8210096955299377","0.8210096955299377"
"559","-1.193278431892395","-1.193278431892395","-1.193278431892395","0.8210096955299377","0.8210096955299377","0.8210096955299377"
"560","-1.193278431892395","-1.193278431892395","-1.193278431892395","0.8210096955299377","0.8210096955299377","0.8210096955299377"
"561","-0.9442301392555237","-0.9442301392555237","-0.9442301392555237","0.9325533509254456","0.9325533509254456","0.9325533509254456"
"562","-0.9442301392555237","-0.9442301392555237","-0.9442301392555237","0.9325533509254456","0.9325533509254456","0.9325533509254456"
"563","-0.9442301392555237","-0.9442301392555237","-0.9442301392555237","0.9325533509254456","0.9325533509254456","0.9325533509254456"
"564","-0.9442301392555237","-0.9442301392555237","-0.9442301392555237","0.9325533509254456","0.9325533509254456","0.9325533509254456"
"565","-0.9442301392555237","-0.9442301392555237","-0.9442301392555237","0.9325533509254456","0.9325533509254456","0.9325533509254456"
"566","-0.9442301392555237","-0.9442301392555237","-0.9442301392555237","0.9325533509254456","0.9325533509254456","0.9325533509254456"
"567","-0.9442301392555237","-0.9442301392555237","-0.9442301392555237","0.9325533509254456","0.9325533509254456","0.9325533509254456"
"568","-0.9442301392555237","-0.9442301392555237","-0.9442301392555237","0.9325533509254456","0.9325533509254456","0.9325533509254456"
"569","-0.6129425168037415","-0.6129425168037415","-0.6129425168037415","0.8586956858634949","0.8586956858634949","0.8586956858634949"
"570","-0.6129425168037415","-0.6129425168037415","-0.6129425168037415","0.8586956858634949","0.8586956858634949","0.8586956858634949"
"571","-0.6129425168037415","-0.6129425168037415","-0.6129425168037415","0.8586956858634949","0.8586956858634949","0.8586956858634949"
"572","-0.6129425168037415","-0.6129425168037415","-0.6129425168037415","0.8586956858634949","0.8586956858634949","0.8586956858634949"
"573","-0.6129425168037415","-0.6129425168037415","-0.6129425168037415","0.8586956858634949","0.8586956858634949","0.8586956858634949"
"574","-0.6129425168037415","-0.6129425168037415","-0.6129425168037415","0.8586956858634949","0.8586956858634949","0.8586956858634949"
"575","-0.6129425168037415","-0.6129425168037415","-0.6129425168037415","0.8586956858634949","0.8586956858634949","0.8586956858634949"
"576","-0.6129425168037415","-0.6129425168037415","-0.6129425168037415","0.8586956858634949","0.8586956858634949","0.8586956858634949"
"577","-0.5884952545166016","-0.5884952545166016","-0.5884952545166016","0.9438088536262512","0.9438088536262512","0.9438088536262512"
"578","-0.5884952545166016","-0.5884952545166016","-0.5884952545166016","0.9438088536262512","0.9438088536262512","0.9438088536262512"
"579","-0.5884952545166016","-0.5884952545166016","-0.5884952545166016","0.9438088536262512","0.9438088536262512","0.9438088536262512"
"580","-0.5884952545166016","-0.5884952545166016","-0.5884952545166016","0.9438088536262512","0.9438088536262512","0.9438088536262512"
"581","-0.5884952545166016","-0.5884952545166016","-0.5884952545166016","0.9438088536262512","0.9438088536262512","0.9438088536262512"
"582","-0.5884952545166016","-0.5884952545166016","-0.5884952545166016","0.9438088536262512","0.9438088536262512","0.9438088536262512"
"583","-0.5884952545166016","-0.5884952545166016","-0.5884952545166016","0.9438088536262512","0.9438088536262512","0.9438088536262512"
"584","-0.5884952545166016","-0.5884952545166016","-0.5884952545166016","0.9438088536262512","0.9438088536262512","0.9438088536262512"
"585","-0.43396973609924316","-0.43396973609924316","-0.43396973609924316","0.5682423114776611","0.5682423114776611","0.5682423114776611"
"586","-0.43396973609924316","-0.43396973609924316","-0.43396973609924316","0.5682423114776611","0.5682423114776611","0.5682423114776611"
"587","-0.43396973609924316","-0.43396973609924316","-0.43396973609924316","0.5682423114776611","0.5682423114776611","0.5682423114776611"
"588","-0.43396973609924316","-0.43396973609924316","-0.43396973609924316","0.5682423114776611","0.5682423114776611","0.5682423114776611"
"589","-0.43396973609924316","-0.43396973609924316","-0.43396973609924316","0.5682423114776611","0.5682423114776611","0.5682423114776611"
"590","-0.43396973609924316","-0.43396973609924316","-0.43396973609924316","0.5682423114776611","0.5682423114776611","0.5682423114776611"
"591","-0.43396973609924316","-0.43396973609924316","-0.43396973609924316","0.5682423114776611","0.5682423114776611","0.5682423114776611"
"592","-0.43396973609924316","-0.43396973609924316","-0.43396973609924316","0.5682423114776611","0.5682423114776611","0.5682423114776611"
"593","-0.5295971632003784","-0.5295971632003784","-0.5295971632003784","0.8717029690742493","0.8717029690742493","0.8717029690742493"
"594","-0.5295971632003784","-0.5295971632003784","-0.5295971632003784","0.8717029690742493","0.8717029690742493","0.8717029690742493"
"595","-0.5295971632003784","-0.5295971632003784","-0.5295971632003784","0.8717029690742493","0.8717029690742493","0.8717029690742493"
"596","-0.5295971632003784","-0.5295971632003784","-0.5295971632003784","0.8717029690742493","0.8717029690742493","0.8717029690742493"
"597","-0.5295971632003784","-0.5295971632003784","-0.5295971632003784","0.8717029690742493","0.8717029690742493","0.8717029690742493"
"598","-0.5295971632003784","-0.5295971632003784","-0.5295971632003784","0.8717029690742493","0.8717029690742493","0.8717029690742493"
"599","-0.5295971632003784","-0.5295971632003784","-0.5295971632003784","0.8717029690742493","0.8717029690742493","0.8717029690742493"
"600","-0.5295971632003784","-0.5295971632003784","-0.5295971632003784","0.8717029690742493","0.8717029690742493","0.8717029690742493"