"Step","playful-dust-3 - returns/mean","playful-dust-3 - returns/mean__MIN","playful-dust-3 - returns/mean__MAX","playful-dust-3 - returns/std","playful-dust-3 - returns/std__MIN","playful-dust-3 - returns/std__MAX"
"1","4.1884613037109375","4.1884613037109375","4.1884613037109375","1.7873432636260986","1.7873432636260986","1.7873432636260986"
"2","4.1884613037109375","4.1884613037109375","4.1884613037109375","1.7873432636260986","1.7873432636260986","1.7873432636260986"
"3","4.1884613037109375","4.1884613037109375","4.1884613037109375","1.7873432636260986","1.7873432636260986","1.7873432636260986"
"4","4.1884613037109375","4.1884613037109375","4.1884613037109375","1.7873432636260986","1.7873432636260986","1.7873432636260986"
"5","4.1884613037109375","4.1884613037109375","4.1884613037109375","1.7873432636260986","1.7873432636260986","1.7873432636260986"
"6","4.1884613037109375","4.1884613037109375","4.1884613037109375","1.7873432636260986","1.7873432636260986","1.7873432636260986"
"7","4.1884613037109375","4.1884613037109375","4.1884613037109375","1.7873432636260986","1.7873432636260986","1.7873432636260986"
"8","4.1884613037109375","4.1884613037109375","4.1884613037109375","1.7873432636260986","1.7873432636260986","1.7873432636260986"
"9","4.103238105773926","4.103238105773926","4.103238105773926","1.94749116897583","1.94749116897583","1.94749116897583"
"10","4.103238105773926","4.103238105773926","4.103238105773926","1.94749116897583","1.94749116897583","1.94749116897583"
"11","4.103238105773926","4.103238105773926","4.103238105773926","1.94749116897583","1.94749116897583","1.94749116897583"
"12","4.103238105773926","4.103238105773926","4.103238105773926","1.94749116897583","1.94749116897583","1.94749116897583"
"13","4.103238105773926","4.103238105773926","4.103238105773926","1.94749116897583","1.94749116897583","1.94749116897583"
"14","4.103238105773926","4.103238105773926","4.103238105773926","1.94749116897583","1.94749116897583","1.94749116897583"
"15","4.103238105773926","4.103238105773926","4.103238105773926","1.94749116897583","1.94749116897583","1.94749116897583"
"16","4.103238105773926","4.103238105773926","4.103238105773926","1.94749116897583","1.94749116897583","1.94749116897583"
"17","4.442896366119385","4.442896366119385","4.442896366119385","1.5035170316696167","1.5035170316696167","1.5035170316696167"
"18","4.442896366119385","4.442896366119385","4.442896366119385","1.5035170316696167","1.5035170316696167","1.5035170316696167"
"19","4.442896366119385","4.442896366119385","4.442896366119385","1.5035170316696167","1.5035170316696167","1.5035170316696167"
"20","4.442896366119385","4.442896366119385","4.442896366119385","1.5035170316696167","1.5035170316696167","1.5035170316696167"
"21","4.442896366119385","4.442896366119385","4.442896366119385","1.5035170316696167","1.5035170316696167","1.5035170316696167"
"22","4.442896366119385","4.442896366119385","4.442896366119385","1.5035170316696167","1.5035170316696167","1.5035170316696167"
"23","4.442896366119385","4.442896366119385","4.442896366119385","1.5035170316696167","1.5035170316696167","1.5035170316696167"
"24","4.442896366119385","4.442896366119385","4.442896366119385","1.5035170316696167","1.5035170316696167","1.5035170316696167"
"25","4.336681365966797","4.336681365966797","4.336681365966797","1.444172978401184","1.444172978401184","1.444172978401184"
"26","4.336681365966797","4.336681365966797","4.336681365966797","1.444172978401184","1.444172978401184","1.444172978401184"
"27","4.336681365966797","4.336681365966797","4.336681365966797","1.444172978401184","1.444172978401184","1.444172978401184"
"28","4.336681365966797","4.336681365966797","4.336681365966797","1.444172978401184","1.444172978401184","1.444172978401184"
"29","4.336681365966797","4.336681365966797","4.336681365966797","1.444172978401184","1.444172978401184","1.444172978401184"
"30","4.336681365966797","4.336681365966797","4.336681365966797","1.444172978401184","1.444172978401184","1.444172978401184"
"31","4.336681365966797","4.336681365966797","4.336681365966797","1.444172978401184","1.444172978401184","1.444172978401184"
"32","4.336681365966797","4.336681365966797","4.336681365966797","1.444172978401184","1.444172978401184","1.444172978401184"
"33","4.121448993682861","4.121448993682861","4.121448993682861","1.314241647720337","1.314241647720337","1.314241647720337"
"34","4.121448993682861","4.121448993682861","4.121448993682861","1.314241647720337","1.314241647720337","1.314241647720337"
"35","4.121448993682861","4.121448993682861","4.121448993682861","1.314241647720337","1.314241647720337","1.314241647720337"
"36","4.121448993682861","4.121448993682861","4.121448993682861","1.314241647720337","1.314241647720337","1.314241647720337"
"37","4.121448993682861","4.121448993682861","4.121448993682861","1.314241647720337","1.314241647720337","1.314241647720337"
"38","4.121448993682861","4.121448993682861","4.121448993682861","1.314241647720337","1.314241647720337","1.314241647720337"
"39","4.121448993682861","4.121448993682861","4.121448993682861","1.314241647720337","1.314241647720337","1.314241647720337"
"40","4.121448993682861","4.121448993682861","4.121448993682861","1.314241647720337","1.314241647720337","1.314241647720337"
"41","4.163861274719238","4.163861274719238","4.163861274719238","1.3330646753311157","1.3330646753311157","1.3330646753311157"
"42","4.163861274719238","4.163861274719238","4.163861274719238","1.3330646753311157","1.3330646753311157","1.3330646753311157"
"43","4.163861274719238","4.163861274719238","4.163861274719238","1.3330646753311157","1.3330646753311157","1.3330646753311157"
"44","4.163861274719238","4.163861274719238","4.163861274719238","1.3330646753311157","1.3330646753311157","1.3330646753311157"
"45","4.163861274719238","4.163861274719238","4.163861274719238","1.3330646753311157","1.3330646753311157","1.3330646753311157"
"46","4.163861274719238","4.163861274719238","4.163861274719238","1.3330646753311157","1.3330646753311157","1.3330646753311157"
"47","4.163861274719238","4.163861274719238","4.163861274719238","1.3330646753311157","1.3330646753311157","1.3330646753311157"
"48","4.163861274719238","4.163861274719238","4.163861274719238","1.3330646753311157","1.3330646753311157","1.3330646753311157"
"49","3.946375608444214","3.946375608444214","3.946375608444214","1.4592719078063965","1.4592719078063965","1.4592719078063965"
"50","3.946375608444214","3.946375608444214","3.946375608444214","1.4592719078063965","1.4592719078063965","1.4592719078063965"
"51","3.946375608444214","3.946375608444214","3.946375608444214","1.4592719078063965","1.4592719078063965","1.4592719078063965"
"52","3.946375608444214","3.946375608444214","3.946375608444214","1.4592719078063965","1.4592719078063965","1.4592719078063965"
"53","3.946375608444214","3.946375608444214","3.946375608444214","1.4592719078063965","1.4592719078063965","1.4592719078063965"
"54","3.946375608444214","3.946375608444214","3.946375608444214","1.4592719078063965","1.4592719078063965","1.4592719078063965"
"55","3.946375608444214","3.946375608444214","3.946375608444214","1.4592719078063965","1.4592719078063965","1.4592719078063965"
"56","3.946375608444214","3.946375608444214","3.946375608444214","1.4592719078063965","1.4592719078063965","1.4592719078063965"
"57","4.143782138824463","4.143782138824463","4.143782138824463","1.2946192026138306","1.2946192026138306","1.2946192026138306"
"58","4.143782138824463","4.143782138824463","4.143782138824463","1.2946192026138306","1.2946192026138306","1.2946192026138306"
"59","4.143782138824463","4.143782138824463","4.143782138824463","1.2946192026138306","1.2946192026138306","1.2946192026138306"
"60","4.143782138824463","4.143782138824463","4.143782138824463","1.2946192026138306","1.2946192026138306","1.2946192026138306"
"61","4.143782138824463","4.143782138824463","4.143782138824463","1.2946192026138306","1.2946192026138306","1.2946192026138306"
"62","4.143782138824463","4.143782138824463","4.143782138824463","1.2946192026138306","1.2946192026138306","1.2946192026138306"
"63","4.143782138824463","4.143782138824463","4.143782138824463","1.2946192026138306","1.2946192026138306","1.2946192026138306"
"64","4.143782138824463","4.143782138824463","4.143782138824463","1.2946192026138306","1.2946192026138306","1.2946192026138306"
"65","3.837892532348633","3.837892532348633","3.837892532348633","1.4484943151474","1.4484943151474","1.4484943151474"
"66","3.837892532348633","3.837892532348633","3.837892532348633","1.4484943151474","1.4484943151474","1.4484943151474"
"67","3.837892532348633","3.837892532348633","3.837892532348633","1.4484943151474","1.4484943151474","1.4484943151474"
"68","3.837892532348633","3.837892532348633","3.837892532348633","1.4484943151474","1.4484943151474","1.4484943151474"
"69","3.837892532348633","3.837892532348633","3.837892532348633","1.4484943151474","1.4484943151474","1.4484943151474"
"70","3.837892532348633","3.837892532348633","3.837892532348633","1.4484943151474","1.4484943151474","1.4484943151474"
"71","3.837892532348633","3.837892532348633","3.837892532348633","1.4484943151474","1.4484943151474","1.4484943151474"
"72","3.837892532348633","3.837892532348633","3.837892532348633","1.4484943151474","1.4484943151474","1.4484943151474"
"73","3.885751724243164","3.885751724243164","3.885751724243164","1.2515292167663574","1.2515292167663574","1.2515292167663574"
"74","3.885751724243164","3.885751724243164","3.885751724243164","1.2515292167663574","1.2515292167663574","1.2515292167663574"
"75","3.885751724243164","3.885751724243164","3.885751724243164","1.2515292167663574","1.2515292167663574","1.2515292167663574"
"76","3.885751724243164","3.885751724243164","3.885751724243164","1.2515292167663574","1.2515292167663574","1.2515292167663574"
"77","3.885751724243164","3.885751724243164","3.885751724243164","1.2515292167663574","1.2515292167663574","1.2515292167663574"
"78","3.885751724243164","3.885751724243164","3.885751724243164","1.2515292167663574","1.2515292167663574","1.2515292167663574"
"79","3.885751724243164","3.885751724243164","3.885751724243164","1.2515292167663574","1.2515292167663574","1.2515292167663574"
"80","3.885751724243164","3.885751724243164","3.885751724243164","1.2515292167663574","1.2515292167663574","1.2515292167663574"
"81","3.995633125305176","3.995633125305176","3.995633125305176","1.1653738021850586","1.1653738021850586","1.1653738021850586"
"82","3.995633125305176","3.995633125305176","3.995633125305176","1.1653738021850586","1.1653738021850586","1.1653738021850586"
"83","3.995633125305176","3.995633125305176","3.995633125305176","1.1653738021850586","1.1653738021850586","1.1653738021850586"
"84","3.995633125305176","3.995633125305176","3.995633125305176","1.1653738021850586","1.1653738021850586","1.1653738021850586"
"85","3.995633125305176","3.995633125305176","3.995633125305176","1.1653738021850586","1.1653738021850586","1.1653738021850586"
"86","3.995633125305176","3.995633125305176","3.995633125305176","1.1653738021850586","1.1653738021850586","1.1653738021850586"
"87","3.995633125305176","3.995633125305176","3.995633125305176","1.1653738021850586","1.1653738021850586","1.1653738021850586"
"88","3.995633125305176","3.995633125305176","3.995633125305176","1.1653738021850586","1.1653738021850586","1.1653738021850586"
"89","3.9557430744171143","3.9557430744171143","3.9557430744171143","1.1691077947616577","1.1691077947616577","1.1691077947616577"
"90","3.9557430744171143","3.9557430744171143","3.9557430744171143","1.1691077947616577","1.1691077947616577","1.1691077947616577"
"91","3.9557430744171143","3.9557430744171143","3.9557430744171143","1.1691077947616577","1.1691077947616577","1.1691077947616577"
"92","3.9557430744171143","3.9557430744171143","3.9557430744171143","1.1691077947616577","1.1691077947616577","1.1691077947616577"
"93","3.9557430744171143","3.9557430744171143","3.9557430744171143","1.1691077947616577","1.1691077947616577","1.1691077947616577"
"94","3.9557430744171143","3.9557430744171143","3.9557430744171143","1.1691077947616577","1.1691077947616577","1.1691077947616577"
"95","3.9557430744171143","3.9557430744171143","3.9557430744171143","1.1691077947616577","1.1691077947616577","1.1691077947616577"
"96","3.9557430744171143","3.9557430744171143","3.9557430744171143","1.1691077947616577","1.1691077947616577","1.1691077947616577"
"97","3.983431100845337","3.983431100845337","3.983431100845337","1.058753252029419","1.058753252029419","1.058753252029419"
"98","3.983431100845337","3.983431100845337","3.983431100845337","1.058753252029419","1.058753252029419","1.058753252029419"
"99","3.983431100845337","3.983431100845337","3.983431100845337","1.058753252029419","1.058753252029419","1.058753252029419"
"100","3.983431100845337","3.983431100845337","3.983431100845337","1.058753252029419","1.058753252029419","1.058753252029419"
"101","3.983431100845337","3.983431100845337","3.983431100845337","1.058753252029419","1.058753252029419","1.058753252029419"
"102","3.983431100845337","3.983431100845337","3.983431100845337","1.058753252029419","1.058753252029419","1.058753252029419"
"103","3.983431100845337","3.983431100845337","3.983431100845337","1.058753252029419","1.058753252029419","1.058753252029419"
"104","3.983431100845337","3.983431100845337","3.983431100845337","1.058753252029419","1.058753252029419","1.058753252029419"
"105","3.591019630432129","3.591019630432129","3.591019630432129","1.1775147914886475","1.1775147914886475","1.1775147914886475"
"106","3.591019630432129","3.591019630432129","3.591019630432129","1.1775147914886475","1.1775147914886475","1.1775147914886475"
"107","3.591019630432129","3.591019630432129","3.591019630432129","1.1775147914886475","1.1775147914886475","1.1775147914886475"
"108","3.591019630432129","3.591019630432129","3.591019630432129","1.1775147914886475","1.1775147914886475","1.1775147914886475"
"109","3.591019630432129","3.591019630432129","3.591019630432129","1.1775147914886475","1.1775147914886475","1.1775147914886475"
"110","3.591019630432129","3.591019630432129","3.591019630432129","1.1775147914886475","1.1775147914886475","1.1775147914886475"
"111","3.591019630432129","3.591019630432129","3.591019630432129","1.1775147914886475","1.1775147914886475","1.1775147914886475"
"112","3.591019630432129","3.591019630432129","3.591019630432129","1.1775147914886475","1.1775147914886475","1.1775147914886475"
"113","3.6571733951568604","3.6571733951568604","3.6571733951568604","1.1238995790481567","1.1238995790481567","1.1238995790481567"
"114","3.6571733951568604","3.6571733951568604","3.6571733951568604","1.1238995790481567","1.1238995790481567","1.1238995790481567"
"115","3.6571733951568604","3.6571733951568604","3.6571733951568604","1.1238995790481567","1.1238995790481567","1.1238995790481567"
"116","3.6571733951568604","3.6571733951568604","3.6571733951568604","1.1238995790481567","1.1238995790481567","1.1238995790481567"
"117","3.6571733951568604","3.6571733951568604","3.6571733951568604","1.1238995790481567","1.1238995790481567","1.1238995790481567"
"118","3.6571733951568604","3.6571733951568604","3.6571733951568604","1.1238995790481567","1.1238995790481567","1.1238995790481567"
"119","3.6571733951568604","3.6571733951568604","3.6571733951568604","1.1238995790481567","1.1238995790481567","1.1238995790481567"
"120","3.6571733951568604","3.6571733951568604","3.6571733951568604","1.1238995790481567","1.1238995790481567","1.1238995790481567"
"121","3.7354485988616943","3.7354485988616943","3.7354485988616943","1.0162874460220337","1.0162874460220337","1.0162874460220337"
"122","3.7354485988616943","3.7354485988616943","3.7354485988616943","1.0162874460220337","1.0162874460220337","1.0162874460220337"
"123","3.7354485988616943","3.7354485988616943","3.7354485988616943","1.0162874460220337","1.0162874460220337","1.0162874460220337"
"124","3.7354485988616943","3.7354485988616943","3.7354485988616943","1.0162874460220337","1.0162874460220337","1.0162874460220337"
"125","3.7354485988616943","3.7354485988616943","3.7354485988616943","1.0162874460220337","1.0162874460220337","1.0162874460220337"
"126","3.7354485988616943","3.7354485988616943","3.7354485988616943","1.0162874460220337","1.0162874460220337","1.0162874460220337"
"127","3.7354485988616943","3.7354485988616943","3.7354485988616943","1.0162874460220337","1.0162874460220337","1.0162874460220337"
"128","3.7354485988616943","3.7354485988616943","3.7354485988616943","1.0162874460220337","1.0162874460220337","1.0162874460220337"
"129","3.6768670082092285","3.6768670082092285","3.6768670082092285","1.0608367919921875","1.0608367919921875","1.0608367919921875"
"130","3.6768670082092285","3.6768670082092285","3.6768670082092285","1.0608367919921875","1.0608367919921875","1.0608367919921875"
"131","3.6768670082092285","3.6768670082092285","3.6768670082092285","1.0608367919921875","1.0608367919921875","1.0608367919921875"
"132","3.6768670082092285","3.6768670082092285","3.6768670082092285","1.0608367919921875","1.0608367919921875","1.0608367919921875"
"133","3.6768670082092285","3.6768670082092285","3.6768670082092285","1.0608367919921875","1.0608367919921875","1.0608367919921875"
"134","3.6768670082092285","3.6768670082092285","3.6768670082092285","1.0608367919921875","1.0608367919921875","1.0608367919921875"
"135","3.6768670082092285","3.6768670082092285","3.6768670082092285","1.0608367919921875","1.0608367919921875","1.0608367919921875"
"136","3.6768670082092285","3.6768670082092285","3.6768670082092285","1.0608367919921875","1.0608367919921875","1.0608367919921875"
"137","3.456943988800049","3.456943988800049","3.456943988800049","1.0482947826385498","1.0482947826385498","1.0482947826385498"
"138","3.456943988800049","3.456943988800049","3.456943988800049","1.0482947826385498","1.0482947826385498","1.0482947826385498"
"139","3.456943988800049","3.456943988800049","3.456943988800049","1.0482947826385498","1.0482947826385498","1.0482947826385498"
"140","3.456943988800049","3.456943988800049","3.456943988800049","1.0482947826385498","1.0482947826385498","1.0482947826385498"
"141","3.456943988800049","3.456943988800049","3.456943988800049","1.0482947826385498","1.0482947826385498","1.0482947826385498"
"142","3.456943988800049","3.456943988800049","3.456943988800049","1.0482947826385498","1.0482947826385498","1.0482947826385498"
"143","3.456943988800049","3.456943988800049","3.456943988800049","1.0482947826385498","1.0482947826385498","1.0482947826385498"
"144","3.456943988800049","3.456943988800049","3.456943988800049","1.0482947826385498","1.0482947826385498","1.0482947826385498"
"145","3.3129801750183105","3.3129801750183105","3.3129801750183105","0.9478740096092224","0.9478740096092224","0.9478740096092224"
"146","3.3129801750183105","3.3129801750183105","3.3129801750183105","0.9478740096092224","0.9478740096092224","0.9478740096092224"
"147","3.3129801750183105","3.3129801750183105","3.3129801750183105","0.9478740096092224","0.9478740096092224","0.9478740096092224"
"148","3.3129801750183105","3.3129801750183105","3.3129801750183105","0.9478740096092224","0.9478740096092224","0.9478740096092224"
"149","3.3129801750183105","3.3129801750183105","3.3129801750183105","0.9478740096092224","0.9478740096092224","0.9478740096092224"
"150","3.3129801750183105","3.3129801750183105","3.3129801750183105","0.9478740096092224","0.9478740096092224","0.9478740096092224"
"151","3.3129801750183105","3.3129801750183105","3.3129801750183105","0.9478740096092224","0.9478740096092224","0.9478740096092224"
"152","3.3129801750183105","3.3129801750183105","3.3129801750183105","0.9478740096092224","0.9478740096092224","0.9478740096092224"
"153","3.3289172649383545","3.3289172649383545","3.3289172649383545","1.0668864250183105","1.0668864250183105","1.0668864250183105"
"154","3.3289172649383545","3.3289172649383545","3.3289172649383545","1.0668864250183105","1.0668864250183105","1.0668864250183105"
"155","3.3289172649383545","3.3289172649383545","3.3289172649383545","1.0668864250183105","1.0668864250183105","1.0668864250183105"
"156","3.3289172649383545","3.3289172649383545","3.3289172649383545","1.0668864250183105","1.0668864250183105","1.0668864250183105"
"157","3.3289172649383545","3.3289172649383545","3.3289172649383545","1.0668864250183105","1.0668864250183105","1.0668864250183105"
"158","3.3289172649383545","3.3289172649383545","3.3289172649383545","1.0668864250183105","1.0668864250183105","1.0668864250183105"
"159","3.3289172649383545","3.3289172649383545","3.3289172649383545","1.0668864250183105","1.0668864250183105","1.0668864250183105"
"160","3.3289172649383545","3.3289172649383545","3.3289172649383545","1.0668864250183105","1.0668864250183105","1.0668864250183105"
"161","3.2167587280273438","3.2167587280273438","3.2167587280273438","0.9576031565666199","0.9576031565666199","0.9576031565666199"
"162","3.2167587280273438","3.2167587280273438","3.2167587280273438","0.9576031565666199","0.9576031565666199","0.9576031565666199"
"163","3.2167587280273438","3.2167587280273438","3.2167587280273438","0.9576031565666199","0.9576031565666199","0.9576031565666199"
"164","3.2167587280273438","3.2167587280273438","3.2167587280273438","0.9576031565666199","0.9576031565666199","0.9576031565666199"
"165","3.2167587280273438","3.2167587280273438","3.2167587280273438","0.9576031565666199","0.9576031565666199","0.9576031565666199"
"166","3.2167587280273438","3.2167587280273438","3.2167587280273438","0.9576031565666199","0.9576031565666199","0.9576031565666199"
"167","3.2167587280273438","3.2167587280273438","3.2167587280273438","0.9576031565666199","0.9576031565666199","0.9576031565666199"
"168","3.2167587280273438","3.2167587280273438","3.2167587280273438","0.9576031565666199","0.9576031565666199","0.9576031565666199"
"169","3.244720697402954","3.244720697402954","3.244720697402954","0.9366897344589233","0.9366897344589233","0.9366897344589233"
"170","3.244720697402954","3.244720697402954","3.244720697402954","0.9366897344589233","0.9366897344589233","0.9366897344589233"
"171","3.244720697402954","3.244720697402954","3.244720697402954","0.9366897344589233","0.9366897344589233","0.9366897344589233"
"172","3.244720697402954","3.244720697402954","3.244720697402954","0.9366897344589233","0.9366897344589233","0.9366897344589233"
"173","3.244720697402954","3.244720697402954","3.244720697402954","0.9366897344589233","0.9366897344589233","0.9366897344589233"
"174","3.244720697402954","3.244720697402954","3.244720697402954","0.9366897344589233","0.9366897344589233","0.9366897344589233"
"175","3.244720697402954","3.244720697402954","3.244720697402954","0.9366897344589233","0.9366897344589233","0.9366897344589233"
"176","3.244720697402954","3.244720697402954","3.244720697402954","0.9366897344589233","0.9366897344589233","0.9366897344589233"
"177","2.934706687927246","2.934706687927246","2.934706687927246","0.8538677096366882","0.8538677096366882","0.8538677096366882"
"178","2.934706687927246","2.934706687927246","2.934706687927246","0.8538677096366882","0.8538677096366882","0.8538677096366882"
"179","2.934706687927246","2.934706687927246","2.934706687927246","0.8538677096366882","0.8538677096366882","0.8538677096366882"
"180","2.934706687927246","2.934706687927246","2.934706687927246","0.8538677096366882","0.8538677096366882","0.8538677096366882"
"181","2.934706687927246","2.934706687927246","2.934706687927246","0.8538677096366882","0.8538677096366882","0.8538677096366882"
"182","2.934706687927246","2.934706687927246","2.934706687927246","0.8538677096366882","0.8538677096366882","0.8538677096366882"
"183","2.934706687927246","2.934706687927246","2.934706687927246","0.8538677096366882","0.8538677096366882","0.8538677096366882"
"184","2.934706687927246","2.934706687927246","2.934706687927246","0.8538677096366882","0.8538677096366882","0.8538677096366882"
"185","3.2395191192626953","3.2395191192626953","3.2395191192626953","0.910365879535675","0.910365879535675","0.910365879535675"
"186","3.2395191192626953","3.2395191192626953","3.2395191192626953","0.910365879535675","0.910365879535675","0.910365879535675"
"187","3.2395191192626953","3.2395191192626953","3.2395191192626953","0.910365879535675","0.910365879535675","0.910365879535675"
"188","3.2395191192626953","3.2395191192626953","3.2395191192626953","0.910365879535675","0.910365879535675","0.910365879535675"
"189","3.2395191192626953","3.2395191192626953","3.2395191192626953","0.910365879535675","0.910365879535675","0.910365879535675"
"190","3.2395191192626953","3.2395191192626953","3.2395191192626953","0.910365879535675","0.910365879535675","0.910365879535675"
"191","3.2395191192626953","3.2395191192626953","3.2395191192626953","0.910365879535675","0.910365879535675","0.910365879535675"
"192","3.2395191192626953","3.2395191192626953","3.2395191192626953","0.910365879535675","0.910365879535675","0.910365879535675"
"193","2.9736340045928955","2.9736340045928955","2.9736340045928955","0.9565562605857849","0.9565562605857849","0.9565562605857849"
"194","2.9736340045928955","2.9736340045928955","2.9736340045928955","0.9565562605857849","0.9565562605857849","0.9565562605857849"
"195","2.9736340045928955","2.9736340045928955","2.9736340045928955","0.9565562605857849","0.9565562605857849","0.9565562605857849"
"196","2.9736340045928955","2.9736340045928955","2.9736340045928955","0.9565562605857849","0.9565562605857849","0.9565562605857849"
"197","2.9736340045928955","2.9736340045928955","2.9736340045928955","0.9565562605857849","0.9565562605857849","0.9565562605857849"
"198","2.9736340045928955","2.9736340045928955","2.9736340045928955","0.9565562605857849","0.9565562605857849","0.9565562605857849"
"199","2.9736340045928955","2.9736340045928955","2.9736340045928955","0.9565562605857849","0.9565562605857849","0.9565562605857849"
"200","2.9736340045928955","2.9736340045928955","2.9736340045928955","0.9565562605857849","0.9565562605857849","0.9565562605857849"
"201","2.8951306343078613","2.8951306343078613","2.8951306343078613","0.9521569013595581","0.9521569013595581","0.9521569013595581"
"202","2.8951306343078613","2.8951306343078613","2.8951306343078613","0.9521569013595581","0.9521569013595581","0.9521569013595581"
"203","2.8951306343078613","2.8951306343078613","2.8951306343078613","0.9521569013595581","0.9521569013595581","0.9521569013595581"
"204","2.8951306343078613","2.8951306343078613","2.8951306343078613","0.9521569013595581","0.9521569013595581","0.9521569013595581"
"205","2.8951306343078613","2.8951306343078613","2.8951306343078613","0.9521569013595581","0.9521569013595581","0.9521569013595581"
"206","2.8951306343078613","2.8951306343078613","2.8951306343078613","0.9521569013595581","0.9521569013595581","0.9521569013595581"
"207","2.8951306343078613","2.8951306343078613","2.8951306343078613","0.9521569013595581","0.9521569013595581","0.9521569013595581"
"208","2.8951306343078613","2.8951306343078613","2.8951306343078613","0.9521569013595581","0.9521569013595581","0.9521569013595581"
"209","2.7890961170196533","2.7890961170196533","2.7890961170196533","0.8717447519302368","0.8717447519302368","0.8717447519302368"
"210","2.7890961170196533","2.7890961170196533","2.7890961170196533","0.8717447519302368","0.8717447519302368","0.8717447519302368"
"211","2.7890961170196533","2.7890961170196533","2.7890961170196533","0.8717447519302368","0.8717447519302368","0.8717447519302368"
"212","2.7890961170196533","2.7890961170196533","2.7890961170196533","0.8717447519302368","0.8717447519302368","0.8717447519302368"
"213","2.7890961170196533","2.7890961170196533","2.7890961170196533","0.8717447519302368","0.8717447519302368","0.8717447519302368"
"214","2.7890961170196533","2.7890961170196533","2.7890961170196533","0.8717447519302368","0.8717447519302368","0.8717447519302368"
"215","2.7890961170196533","2.7890961170196533","2.7890961170196533","0.8717447519302368","0.8717447519302368","0.8717447519302368"
"216","2.7890961170196533","2.7890961170196533","2.7890961170196533","0.8717447519302368","0.8717447519302368","0.8717447519302368"
"217","2.8022689819335938","2.8022689819335938","2.8022689819335938","0.8596599698066711","0.8596599698066711","0.8596599698066711"
"218","2.8022689819335938","2.8022689819335938","2.8022689819335938","0.8596599698066711","0.8596599698066711","0.8596599698066711"
"219","2.8022689819335938","2.8022689819335938","2.8022689819335938","0.8596599698066711","0.8596599698066711","0.8596599698066711"
"220","2.8022689819335938","2.8022689819335938","2.8022689819335938","0.8596599698066711","0.8596599698066711","0.8596599698066711"
"221","2.8022689819335938","2.8022689819335938","2.8022689819335938","0.8596599698066711","0.8596599698066711","0.8596599698066711"
"222","2.8022689819335938","2.8022689819335938","2.8022689819335938","0.8596599698066711","0.8596599698066711","0.8596599698066711"
"223","2.8022689819335938","2.8022689819335938","2.8022689819335938","0.8596599698066711","0.8596599698066711","0.8596599698066711"
"224","2.8022689819335938","2.8022689819335938","2.8022689819335938","0.8596599698066711","0.8596599698066711","0.8596599698066711"
"225","2.596114158630371","2.596114158630371","2.596114158630371","0.8002108335494995","0.8002108335494995","0.8002108335494995"
"226","2.596114158630371","2.596114158630371","2.596114158630371","0.8002108335494995","0.8002108335494995","0.8002108335494995"
"227","2.596114158630371","2.596114158630371","2.596114158630371","0.8002108335494995","0.8002108335494995","0.8002108335494995"
"228","2.596114158630371","2.596114158630371","2.596114158630371","0.8002108335494995","0.8002108335494995","0.8002108335494995"
"229","2.596114158630371","2.596114158630371","2.596114158630371","0.8002108335494995","0.8002108335494995","0.8002108335494995"
"230","2.596114158630371","2.596114158630371","2.596114158630371","0.8002108335494995","0.8002108335494995","0.8002108335494995"
"231","2.596114158630371","2.596114158630371","2.596114158630371","0.8002108335494995","0.8002108335494995","0.8002108335494995"
"232","2.596114158630371","2.596114158630371","2.596114158630371","0.8002108335494995","0.8002108335494995","0.8002108335494995"
"233","2.5890133380889893","2.5890133380889893","2.5890133380889893","0.7962055802345276","0.7962055802345276","0.7962055802345276"
"234","2.5890133380889893","2.5890133380889893","2.5890133380889893","0.7962055802345276","0.7962055802345276","0.7962055802345276"
"235","2.5890133380889893","2.5890133380889893","2.5890133380889893","0.7962055802345276","0.7962055802345276","0.7962055802345276"
"236","2.5890133380889893","2.5890133380889893","2.5890133380889893","0.7962055802345276","0.7962055802345276","0.7962055802345276"
"237","2.5890133380889893","2.5890133380889893","2.5890133380889893","0.7962055802345276","0.7962055802345276","0.7962055802345276"
"238","2.5890133380889893","2.5890133380889893","2.5890133380889893","0.7962055802345276","0.7962055802345276","0.7962055802345276"
"239","2.5890133380889893","2.5890133380889893","2.5890133380889893","0.7962055802345276","0.7962055802345276","0.7962055802345276"
"240","2.5890133380889893","2.5890133380889893","2.5890133380889893","0.7962055802345276","0.7962055802345276","0.7962055802345276"
"241","2.347395896911621","2.347395896911621","2.347395896911621","0.7699226140975952","0.7699226140975952","0.7699226140975952"
"242","2.347395896911621","2.347395896911621","2.347395896911621","0.7699226140975952","0.7699226140975952","0.7699226140975952"
"243","2.347395896911621","2.347395896911621","2.347395896911621","0.7699226140975952","0.7699226140975952","0.7699226140975952"
"244","2.347395896911621","2.347395896911621","2.347395896911621","0.7699226140975952","0.7699226140975952","0.7699226140975952"
"245","2.347395896911621","2.347395896911621","2.347395896911621","0.7699226140975952","0.7699226140975952","0.7699226140975952"
"246","2.347395896911621","2.347395896911621","2.347395896911621","0.7699226140975952","0.7699226140975952","0.7699226140975952"
"247","2.347395896911621","2.347395896911621","2.347395896911621","0.7699226140975952","0.7699226140975952","0.7699226140975952"
"248","2.347395896911621","2.347395896911621","2.347395896911621","0.7699226140975952","0.7699226140975952","0.7699226140975952"
"249","2.370337724685669","2.370337724685669","2.370337724685669","0.7992037534713745","0.7992037534713745","0.7992037534713745"
"250","2.370337724685669","2.370337724685669","2.370337724685669","0.7992037534713745","0.7992037534713745","0.7992037534713745"
"251","2.370337724685669","2.370337724685669","2.370337724685669","0.7992037534713745","0.7992037534713745","0.7992037534713745"
"252","2.370337724685669","2.370337724685669","2.370337724685669","0.7992037534713745","0.7992037534713745","0.7992037534713745"
"253","2.370337724685669","2.370337724685669","2.370337724685669","0.7992037534713745","0.7992037534713745","0.7992037534713745"
"254","2.370337724685669","2.370337724685669","2.370337724685669","0.7992037534713745","0.7992037534713745","0.7992037534713745"
"255","2.370337724685669","2.370337724685669","2.370337724685669","0.7992037534713745","0.7992037534713745","0.7992037534713745"
"256","2.370337724685669","2.370337724685669","2.370337724685669","0.7992037534713745","0.7992037534713745","0.7992037534713745"
"257","2.1828665733337402","2.1828665733337402","2.1828665733337402","0.7465981245040894","0.7465981245040894","0.7465981245040894"
"258","2.1828665733337402","2.1828665733337402","2.1828665733337402","0.7465981245040894","0.7465981245040894","0.7465981245040894"
"259","2.1828665733337402","2.1828665733337402","2.1828665733337402","0.7465981245040894","0.7465981245040894","0.7465981245040894"
"260","2.1828665733337402","2.1828665733337402","2.1828665733337402","0.7465981245040894","0.7465981245040894","0.7465981245040894"
"261","2.1828665733337402","2.1828665733337402","2.1828665733337402","0.7465981245040894","0.7465981245040894","0.7465981245040894"
"262","2.1828665733337402","2.1828665733337402","2.1828665733337402","0.7465981245040894","0.7465981245040894","0.7465981245040894"
"263","2.1828665733337402","2.1828665733337402","2.1828665733337402","0.7465981245040894","0.7465981245040894","0.7465981245040894"
"264","2.1828665733337402","2.1828665733337402","2.1828665733337402","0.7465981245040894","0.7465981245040894","0.7465981245040894"
"265","2.207071304321289","2.207071304321289","2.207071304321289","0.7511086463928223","0.7511086463928223","0.7511086463928223"
"266","2.207071304321289","2.207071304321289","2.207071304321289","0.7511086463928223","0.7511086463928223","0.7511086463928223"
"267","2.207071304321289","2.207071304321289","2.207071304321289","0.7511086463928223","0.7511086463928223","0.7511086463928223"
"268","2.207071304321289","2.207071304321289","2.207071304321289","0.7511086463928223","0.7511086463928223","0.7511086463928223"
"269","2.207071304321289","2.207071304321289","2.207071304321289","0.7511086463928223","0.7511086463928223","0.7511086463928223"
"270","2.207071304321289","2.207071304321289","2.207071304321289","0.7511086463928223","0.7511086463928223","0.7511086463928223"
"271","2.207071304321289","2.207071304321289","2.207071304321289","0.7511086463928223","0.7511086463928223","0.7511086463928223"
"272","2.207071304321289","2.207071304321289","2.207071304321289","0.7511086463928223","0.7511086463928223","0.7511086463928223"
"273","2.108292818069458","2.108292818069458","2.108292818069458","0.6573496460914612","0.6573496460914612","0.6573496460914612"
"274","2.108292818069458","2.108292818069458","2.108292818069458","0.6573496460914612","0.6573496460914612","0.6573496460914612"
"275","2.108292818069458","2.108292818069458","2.108292818069458","0.6573496460914612","0.6573496460914612","0.6573496460914612"
"276","2.108292818069458","2.108292818069458","2.108292818069458","0.6573496460914612","0.6573496460914612","0.6573496460914612"
"277","2.108292818069458","2.108292818069458","2.108292818069458","0.6573496460914612","0.6573496460914612","0.6573496460914612"
"278","2.108292818069458","2.108292818069458","2.108292818069458","0.6573496460914612","0.6573496460914612","0.6573496460914612"
"279","2.108292818069458","2.108292818069458","2.108292818069458","0.6573496460914612","0.6573496460914612","0.6573496460914612"
"280","2.108292818069458","2.108292818069458","2.108292818069458","0.6573496460914612","0.6573496460914612","0.6573496460914612"
"281","1.8347340822219849","1.8347340822219849","1.8347340822219849","0.8295331001281738","0.8295331001281738","0.8295331001281738"
"282","1.8347340822219849","1.8347340822219849","1.8347340822219849","0.8295331001281738","0.8295331001281738","0.8295331001281738"
"283","1.8347340822219849","1.8347340822219849","1.8347340822219849","0.8295331001281738","0.8295331001281738","0.8295331001281738"
"284","1.8347340822219849","1.8347340822219849","1.8347340822219849","0.8295331001281738","0.8295331001281738","0.8295331001281738"
"285","1.8347340822219849","1.8347340822219849","1.8347340822219849","0.8295331001281738","0.8295331001281738","0.8295331001281738"
"286","1.8347340822219849","1.8347340822219849","1.8347340822219849","0.8295331001281738","0.8295331001281738","0.8295331001281738"
"287","1.8347340822219849","1.8347340822219849","1.8347340822219849","0.8295331001281738","0.8295331001281738","0.8295331001281738"
"288","1.8347340822219849","1.8347340822219849","1.8347340822219849","0.8295331001281738","0.8295331001281738","0.8295331001281738"
"289","1.7974002361297607","1.7974002361297607","1.7974002361297607","0.6360383033752441","0.6360383033752441","0.6360383033752441"
"290","1.7974002361297607","1.7974002361297607","1.7974002361297607","0.6360383033752441","0.6360383033752441","0.6360383033752441"
"291","1.7974002361297607","1.7974002361297607","1.7974002361297607","0.6360383033752441","0.6360383033752441","0.6360383033752441"
"292","1.7974002361297607","1.7974002361297607","1.7974002361297607","0.6360383033752441","0.6360383033752441","0.6360383033752441"
"293","1.7974002361297607","1.7974002361297607","1.7974002361297607","0.6360383033752441","0.6360383033752441","0.6360383033752441"
"294","1.7974002361297607","1.7974002361297607","1.7974002361297607","0.6360383033752441","0.6360383033752441","0.6360383033752441"
"295","1.7974002361297607","1.7974002361297607","1.7974002361297607","0.6360383033752441","0.6360383033752441","0.6360383033752441"
"296","1.7974002361297607","1.7974002361297607","1.7974002361297607","0.6360383033752441","0.6360383033752441","0.6360383033752441"
"297","1.7804147005081177","1.7804147005081177","1.7804147005081177","0.6271652579307556","0.6271652579307556","0.6271652579307556"
"298","1.7804147005081177","1.7804147005081177","1.7804147005081177","0.6271652579307556","0.6271652579307556","0.6271652579307556"
"299","1.7804147005081177","1.7804147005081177","1.7804147005081177","0.6271652579307556","0.6271652579307556","0.6271652579307556"
"300","1.7804147005081177","1.7804147005081177","1.7804147005081177","0.6271652579307556","0.6271652579307556","0.6271652579307556"
"301","1.7804147005081177","1.7804147005081177","1.7804147005081177","0.6271652579307556","0.6271652579307556","0.6271652579307556"
"302","1.7804147005081177","1.7804147005081177","1.7804147005081177","0.6271652579307556","0.6271652579307556","0.6271652579307556"
"303","1.7804147005081177","1.7804147005081177","1.7804147005081177","0.6271652579307556","0.6271652579307556","0.6271652579307556"
"304","1.7804147005081177","1.7804147005081177","1.7804147005081177","0.6271652579307556","0.6271652579307556","0.6271652579307556"
"305","1.799147367477417","1.799147367477417","1.799147367477417","0.5715867280960083","0.5715867280960083","0.5715867280960083"
"306","1.799147367477417","1.799147367477417","1.799147367477417","0.5715867280960083","0.5715867280960083","0.5715867280960083"
"307","1.799147367477417","1.799147367477417","1.799147367477417","0.5715867280960083","0.5715867280960083","0.5715867280960083"
"308","1.799147367477417","1.799147367477417","1.799147367477417","0.5715867280960083","0.5715867280960083","0.5715867280960083"
"309","1.799147367477417","1.799147367477417","1.799147367477417","0.5715867280960083","0.5715867280960083","0.5715867280960083"
"310","1.799147367477417","1.799147367477417","1.799147367477417","0.5715867280960083","0.5715867280960083","0.5715867280960083"
"311","1.799147367477417","1.799147367477417","1.799147367477417","0.5715867280960083","0.5715867280960083","0.5715867280960083"
"312","1.799147367477417","1.799147367477417","1.799147367477417","0.5715867280960083","0.5715867280960083","0.5715867280960083"
"313","1.7965521812438965","1.7965521812438965","1.7965521812438965","0.517749011516571","0.517749011516571","0.517749011516571"
"314","1.7965521812438965","1.7965521812438965","1.7965521812438965","0.517749011516571","0.517749011516571","0.517749011516571"
"315","1.7965521812438965","1.7965521812438965","1.7965521812438965","0.517749011516571","0.517749011516571","0.517749011516571"
"316","1.7965521812438965","1.7965521812438965","1.7965521812438965","0.517749011516571","0.517749011516571","0.517749011516571"
"317","1.7965521812438965","1.7965521812438965","1.7965521812438965","0.517749011516571","0.517749011516571","0.517749011516571"
"318","1.7965521812438965","1.7965521812438965","1.7965521812438965","0.517749011516571","0.517749011516571","0.517749011516571"
"319","1.7965521812438965","1.7965521812438965","1.7965521812438965","0.517749011516571","0.517749011516571","0.517749011516571"
"320","1.7965521812438965","1.7965521812438965","1.7965521812438965","0.517749011516571","0.517749011516571","0.517749011516571"
"321","1.5517655611038208","1.5517655611038208","1.5517655611038208","0.527992308139801","0.527992308139801","0.527992308139801"
"322","1.5517655611038208","1.5517655611038208","1.5517655611038208","0.527992308139801","0.527992308139801","0.527992308139801"
"323","1.5517655611038208","1.5517655611038208","1.5517655611038208","0.527992308139801","0.527992308139801","0.527992308139801"
"324","1.5517655611038208","1.5517655611038208","1.5517655611038208","0.527992308139801","0.527992308139801","0.527992308139801"
"325","1.5517655611038208","1.5517655611038208","1.5517655611038208","0.527992308139801","0.527992308139801","0.527992308139801"
"326","1.5517655611038208","1.5517655611038208","1.5517655611038208","0.527992308139801","0.527992308139801","0.527992308139801"
"327","1.5517655611038208","1.5517655611038208","1.5517655611038208","0.527992308139801","0.527992308139801","0.527992308139801"
"328","1.5517655611038208","1.5517655611038208","1.5517655611038208","0.527992308139801","0.527992308139801","0.527992308139801"
"329","1.668935775756836","1.668935775756836","1.668935775756836","0.5493448376655579","0.5493448376655579","0.5493448376655579"
"330","1.668935775756836","1.668935775756836","1.668935775756836","0.5493448376655579","0.5493448376655579","0.5493448376655579"
"331","1.668935775756836","1.668935775756836","1.668935775756836","0.5493448376655579","0.5493448376655579","0.5493448376655579"
"332","1.668935775756836","1.668935775756836","1.668935775756836","0.5493448376655579","0.5493448376655579","0.5493448376655579"
"333","1.668935775756836","1.668935775756836","1.668935775756836","0.5493448376655579","0.5493448376655579","0.5493448376655579"
"334","1.668935775756836","1.668935775756836","1.668935775756836","0.5493448376655579","0.5493448376655579","0.5493448376655579"
"335","1.668935775756836","1.668935775756836","1.668935775756836","0.5493448376655579","0.5493448376655579","0.5493448376655579"
"336","1.668935775756836","1.668935775756836","1.668935775756836","0.5493448376655579","0.5493448376655579","0.5493448376655579"
"337","1.507888913154602","1.507888913154602","1.507888913154602","0.4443342387676239","0.4443342387676239","0.4443342387676239"
"338","1.507888913154602","1.507888913154602","1.507888913154602","0.4443342387676239","0.4443342387676239","0.4443342387676239"
"339","1.507888913154602","1.507888913154602","1.507888913154602","0.4443342387676239","0.4443342387676239","0.4443342387676239"
"340","1.507888913154602","1.507888913154602","1.507888913154602","0.4443342387676239","0.4443342387676239","0.4443342387676239"
"341","1.507888913154602","1.507888913154602","1.507888913154602","0.4443342387676239","0.4443342387676239","0.4443342387676239"
"342","1.507888913154602","1.507888913154602","1.507888913154602","0.4443342387676239","0.4443342387676239","0.4443342387676239"
"343","1.507888913154602","1.507888913154602","1.507888913154602","0.4443342387676239","0.4443342387676239","0.4443342387676239"
"344","1.507888913154602","1.507888913154602","1.507888913154602","0.4443342387676239","0.4443342387676239","0.4443342387676239"
"345","1.6100552082061768","1.6100552082061768","1.6100552082061768","0.46530741453170776","0.46530741453170776","0.46530741453170776"
"346","1.6100552082061768","1.6100552082061768","1.6100552082061768","0.46530741453170776","0.46530741453170776","0.46530741453170776"
"347","1.6100552082061768","1.6100552082061768","1.6100552082061768","0.46530741453170776","0.46530741453170776","0.46530741453170776"
"348","1.6100552082061768","1.6100552082061768","1.6100552082061768","0.46530741453170776","0.46530741453170776","0.46530741453170776"
"349","1.6100552082061768","1.6100552082061768","1.6100552082061768","0.46530741453170776","0.46530741453170776","0.46530741453170776"
"350","1.6100552082061768","1.6100552082061768","1.6100552082061768","0.46530741453170776","0.46530741453170776","0.46530741453170776"
"351","1.6100552082061768","1.6100552082061768","1.6100552082061768","0.46530741453170776","0.46530741453170776","0.46530741453170776"
"352","1.6100552082061768","1.6100552082061768","1.6100552082061768","0.46530741453170776","0.46530741453170776","0.46530741453170776"
"353","1.2755546569824219","1.2755546569824219","1.2755546569824219","0.5727251172065735","0.5727251172065735","0.5727251172065735"
"354","1.2755546569824219","1.2755546569824219","1.2755546569824219","0.5727251172065735","0.5727251172065735","0.5727251172065735"
"355","1.2755546569824219","1.2755546569824219","1.2755546569824219","0.5727251172065735","0.5727251172065735","0.5727251172065735"
"356","1.2755546569824219","1.2755546569824219","1.2755546569824219","0.5727251172065735","0.5727251172065735","0.5727251172065735"
"357","1.2755546569824219","1.2755546569824219","1.2755546569824219","0.5727251172065735","0.5727251172065735","0.5727251172065735"
"358","1.2755546569824219","1.2755546569824219","1.2755546569824219","0.5727251172065735","0.5727251172065735","0.5727251172065735"
"359","1.2755546569824219","1.2755546569824219","1.2755546569824219","0.5727251172065735","0.5727251172065735","0.5727251172065735"
"360","1.2755546569824219","1.2755546569824219","1.2755546569824219","0.5727251172065735","0.5727251172065735","0.5727251172065735"
"361","1.2783203125","1.2783203125","1.2783203125","0.6041920781135559","0.6041920781135559","0.6041920781135559"
"362","1.2783203125","1.2783203125","1.2783203125","0.6041920781135559","0.6041920781135559","0.6041920781135559"
"363","1.2783203125","1.2783203125","1.2783203125","0.6041920781135559","0.6041920781135559","0.6041920781135559"
"364","1.2783203125","1.2783203125","1.2783203125","0.6041920781135559","0.6041920781135559","0.6041920781135559"
"365","1.2783203125","1.2783203125","1.2783203125","0.6041920781135559","0.6041920781135559","0.6041920781135559"
"366","1.2783203125","1.2783203125","1.2783203125","0.6041920781135559","0.6041920781135559","0.6041920781135559"
"367","1.2783203125","1.2783203125","1.2783203125","0.6041920781135559","0.6041920781135559","0.6041920781135559"
"368","1.2783203125","1.2783203125","1.2783203125","0.6041920781135559","0.6041920781135559","0.6041920781135559"
"369","1.1072593927383423","1.1072593927383423","1.1072593927383423","0.4567612409591675","0.4567612409591675","0.4567612409591675"
"370","1.1072593927383423","1.1072593927383423","1.1072593927383423","0.4567612409591675","0.4567612409591675","0.4567612409591675"
"371","1.1072593927383423","1.1072593927383423","1.1072593927383423","0.4567612409591675","0.4567612409591675","0.4567612409591675"
"372","1.1072593927383423","1.1072593927383423","1.1072593927383423","0.4567612409591675","0.4567612409591675","0.4567612409591675"
"373","1.1072593927383423","1.1072593927383423","1.1072593927383423","0.4567612409591675","0.4567612409591675","0.4567612409591675"
"374","1.1072593927383423","1.1072593927383423","1.1072593927383423","0.4567612409591675","0.4567612409591675","0.4567612409591675"
"375","1.1072593927383423","1.1072593927383423","1.1072593927383423","0.4567612409591675","0.4567612409591675","0.4567612409591675"
"376","1.1072593927383423","1.1072593927383423","1.1072593927383423","0.4567612409591675","0.4567612409591675","0.4567612409591675"
"377","1.2263069152832031","1.2263069152832031","1.2263069152832031","0.4928634762763977","0.4928634762763977","0.4928634762763977"
"378","1.2263069152832031","1.2263069152832031","1.2263069152832031","0.4928634762763977","0.4928634762763977","0.4928634762763977"
"379","1.2263069152832031","1.2263069152832031","1.2263069152832031","0.4928634762763977","0.4928634762763977","0.4928634762763977"
"380","1.2263069152832031","1.2263069152832031","1.2263069152832031","0.4928634762763977","0.4928634762763977","0.4928634762763977"
"381","1.2263069152832031","1.2263069152832031","1.2263069152832031","0.4928634762763977","0.4928634762763977","0.4928634762763977"
"382","1.2263069152832031","1.2263069152832031","1.2263069152832031","0.4928634762763977","0.4928634762763977","0.4928634762763977"
"383","1.2263069152832031","1.2263069152832031","1.2263069152832031","0.4928634762763977","0.4928634762763977","0.4928634762763977"
"384","1.2263069152832031","1.2263069152832031","1.2263069152832031","0.4928634762763977","0.4928634762763977","0.4928634762763977"
"385","1.1179900169372559","1.1179900169372559","1.1179900169372559","0.3989158570766449","0.3989158570766449","0.3989158570766449"
"386","1.1179900169372559","1.1179900169372559","1.1179900169372559","0.3989158570766449","0.3989158570766449","0.3989158570766449"
"387","1.1179900169372559","1.1179900169372559","1.1179900169372559","0.3989158570766449","0.3989158570766449","0.3989158570766449"
"388","1.1179900169372559","1.1179900169372559","1.1179900169372559","0.3989158570766449","0.3989158570766449","0.3989158570766449"
"389","1.1179900169372559","1.1179900169372559","1.1179900169372559","0.3989158570766449","0.3989158570766449","0.3989158570766449"
"390","1.1179900169372559","1.1179900169372559","1.1179900169372559","0.3989158570766449","0.3989158570766449","0.3989158570766449"
"391","1.1179900169372559","1.1179900169372559","1.1179900169372559","0.3989158570766449","0.3989158570766449","0.3989158570766449"
"392","1.1179900169372559","1.1179900169372559","1.1179900169372559","0.3989158570766449","0.3989158570766449","0.3989158570766449"
"393","0.9904956221580505","0.9904956221580505","0.9904956221580505","0.470401406288147","0.470401406288147","0.470401406288147"
"394","0.9904956221580505","0.9904956221580505","0.9904956221580505","0.470401406288147","0.470401406288147","0.470401406288147"
"395","0.9904956221580505","0.9904956221580505","0.9904956221580505","0.470401406288147","0.470401406288147","0.470401406288147"
"396","0.9904956221580505","0.9904956221580505","0.9904956221580505","0.470401406288147","0.470401406288147","0.470401406288147"
"397","0.9904956221580505","0.9904956221580505","0.9904956221580505","0.470401406288147","0.470401406288147","0.470401406288147"
"398","0.9904956221580505","0.9904956221580505","0.9904956221580505","0.470401406288147","0.470401406288147","0.470401406288147"
"399","0.9904956221580505","0.9904956221580505","0.9904956221580505","0.470401406288147","0.470401406288147","0.470401406288147"
"400","0.9904956221580505","0.9904956221580505","0.9904956221580505","0.470401406288147","0.470401406288147","0.470401406288147"
"401","0.7325425744056702","0.7325425744056702","0.7325425744056702","0.48426347970962524","0.48426347970962524","0.48426347970962524"
"402","0.7325425744056702","0.7325425744056702","0.7325425744056702","0.48426347970962524","0.48426347970962524","0.48426347970962524"
"403","0.7325425744056702","0.7325425744056702","0.7325425744056702","0.48426347970962524","0.48426347970962524","0.48426347970962524"
"404","0.7325425744056702","0.7325425744056702","0.7325425744056702","0.48426347970962524","0.48426347970962524","0.48426347970962524"
"405","0.7325425744056702","0.7325425744056702","0.7325425744056702","0.48426347970962524","0.48426347970962524","0.48426347970962524"
"406","0.7325425744056702","0.7325425744056702","0.7325425744056702","0.48426347970962524","0.48426347970962524","0.48426347970962524"
"407","0.7325425744056702","0.7325425744056702","0.7325425744056702","0.48426347970962524","0.48426347970962524","0.48426347970962524"
"408","0.7325425744056702","0.7325425744056702","0.7325425744056702","0.48426347970962524","0.48426347970962524","0.48426347970962524"
"409","0.7910019755363464","0.7910019755363464","0.7910019755363464","0.36926698684692383","0.36926698684692383","0.36926698684692383"
"410","0.7910019755363464","0.7910019755363464","0.7910019755363464","0.36926698684692383","0.36926698684692383","0.36926698684692383"
"411","0.7910019755363464","0.7910019755363464","0.7910019755363464","0.36926698684692383","0.36926698684692383","0.36926698684692383"
"412","0.7910019755363464","0.7910019755363464","0.7910019755363464","0.36926698684692383","0.36926698684692383","0.36926698684692383"
"413","0.7910019755363464","0.7910019755363464","0.7910019755363464","0.36926698684692383","0.36926698684692383","0.36926698684692383"
"414","0.7910019755363464","0.7910019755363464","0.7910019755363464","0.36926698684692383","0.36926698684692383","0.36926698684692383"
"415","0.7910019755363464","0.7910019755363464","0.7910019755363464","0.36926698684692383","0.36926698684692383","0.36926698684692383"
"416","0.7910019755363464","0.7910019755363464","0.7910019755363464","0.36926698684692383","0.36926698684692383","0.36926698684692383"
"417","0.796474814414978","0.796474814414978","0.796474814414978","0.4568527638912201","0.4568527638912201","0.4568527638912201"
"418","0.796474814414978","0.796474814414978","0.796474814414978","0.4568527638912201","0.4568527638912201","0.4568527638912201"
"419","0.796474814414978","0.796474814414978","0.796474814414978","0.4568527638912201","0.4568527638912201","0.4568527638912201"
"420","0.796474814414978","0.796474814414978","0.796474814414978","0.4568527638912201","0.4568527638912201","0.4568527638912201"
"421","0.796474814414978","0.796474814414978","0.796474814414978","0.4568527638912201","0.4568527638912201","0.4568527638912201"
"422","0.796474814414978","0.796474814414978","0.796474814414978","0.4568527638912201","0.4568527638912201","0.4568527638912201"
"423","0.796474814414978","0.796474814414978","0.796474814414978","0.4568527638912201","0.4568527638912201","0.4568527638912201"
"424","0.796474814414978","0.796474814414978","0.796474814414978","0.4568527638912201","0.4568527638912201","0.4568527638912201"
"425","0.7855715751647949","0.7855715751647949","0.7855715751647949","0.39794328808784485","0.39794328808784485","0.39794328808784485"
"426","0.7855715751647949","0.7855715751647949","0.7855715751647949","0.39794328808784485","0.39794328808784485","0.39794328808784485"
"427","0.7855715751647949","0.7855715751647949","0.7855715751647949","0.39794328808784485","0.39794328808784485","0.39794328808784485"
"428","0.7855715751647949","0.7855715751647949","0.7855715751647949","0.39794328808784485","0.39794328808784485","0.39794328808784485"
"429","0.7855715751647949","0.7855715751647949","0.7855715751647949","0.39794328808784485","0.39794328808784485","0.39794328808784485"
"430","0.7855715751647949","0.7855715751647949","0.7855715751647949","0.39794328808784485","0.39794328808784485","0.39794328808784485"
"431","0.7855715751647949","0.7855715751647949","0.7855715751647949","0.39794328808784485","0.39794328808784485","0.39794328808784485"
"432","0.7855715751647949","0.7855715751647949","0.7855715751647949","0.39794328808784485","0.39794328808784485","0.39794328808784485"
"433","0.5816818475723267","0.5816818475723267","0.5816818475723267","0.349947452545166","0.349947452545166","0.349947452545166"
"434","0.5816818475723267","0.5816818475723267","0.5816818475723267","0.349947452545166","0.349947452545166","0.349947452545166"
"435","0.5816818475723267","0.5816818475723267","0.5816818475723267","0.349947452545166","0.349947452545166","0.349947452545166"
"436","0.5816818475723267","0.5816818475723267","0.5816818475723267","0.349947452545166","0.349947452545166","0.349947452545166"
"437","0.5816818475723267","0.5816818475723267","0.5816818475723267","0.349947452545166","0.349947452545166","0.349947452545166"
"438","0.5816818475723267","0.5816818475723267","0.5816818475723267","0.349947452545166","0.349947452545166","0.349947452545166"
"439","0.5816818475723267","0.5816818475723267","0.5816818475723267","0.349947452545166","0.349947452545166","0.349947452545166"
"440","0.5816818475723267","0.5816818475723267","0.5816818475723267","0.349947452545166","0.349947452545166","0.349947452545166"
"441","0.6005139350891113","0.6005139350891113","0.6005139350891113","0.34901073575019836","0.34901073575019836","0.34901073575019836"
"442","0.6005139350891113","0.6005139350891113","0.6005139350891113","0.34901073575019836","0.34901073575019836","0.34901073575019836"
"443","0.6005139350891113","0.6005139350891113","0.6005139350891113","0.34901073575019836","0.34901073575019836","0.34901073575019836"
"444","0.6005139350891113","0.6005139350891113","0.6005139350891113","0.34901073575019836","0.34901073575019836","0.34901073575019836"
"445","0.6005139350891113","0.6005139350891113","0.6005139350891113","0.34901073575019836","0.34901073575019836","0.34901073575019836"
"446","0.6005139350891113","0.6005139350891113","0.6005139350891113","0.34901073575019836","0.34901073575019836","0.34901073575019836"
"447","0.6005139350891113","0.6005139350891113","0.6005139350891113","0.34901073575019836","0.34901073575019836","0.34901073575019836"
"448","0.6005139350891113","0.6005139350891113","0.6005139350891113","0.34901073575019836","0.34901073575019836","0.34901073575019836"
"449","0.26922741532325745","0.26922741532325745","0.26922741532325745","0.4644550383090973","0.4644550383090973","0.4644550383090973"
"450","0.26922741532325745","0.26922741532325745","0.26922741532325745","0.4644550383090973","0.4644550383090973","0.4644550383090973"
"451","0.26922741532325745","0.26922741532325745","0.26922741532325745","0.4644550383090973","0.4644550383090973","0.4644550383090973"
"452","0.26922741532325745","0.26922741532325745","0.26922741532325745","0.4644550383090973","0.4644550383090973","0.4644550383090973"
"453","0.26922741532325745","0.26922741532325745","0.26922741532325745","0.4644550383090973","0.4644550383090973","0.4644550383090973"
"454","0.26922741532325745","0.26922741532325745","0.26922741532325745","0.4644550383090973","0.4644550383090973","0.4644550383090973"
"455","0.26922741532325745","0.26922741532325745","0.26922741532325745","0.4644550383090973","0.4644550383090973","0.4644550383090973"
"456","0.26922741532325745","0.26922741532325745","0.26922741532325745","0.4644550383090973","0.4644550383090973","0.4644550383090973"
"457","0.25102320313453674","0.25102320313453674","0.25102320313453674","0.3851659595966339","0.3851659595966339","0.3851659595966339"
"458","0.25102320313453674","0.25102320313453674","0.25102320313453674","0.3851659595966339","0.3851659595966339","0.3851659595966339"
"459","0.25102320313453674","0.25102320313453674","0.25102320313453674","0.3851659595966339","0.3851659595966339","0.3851659595966339"
"460","0.25102320313453674","0.25102320313453674","0.25102320313453674","0.3851659595966339","0.3851659595966339","0.3851659595966339"
"461","0.25102320313453674","0.25102320313453674","0.25102320313453674","0.3851659595966339","0.3851659595966339","0.3851659595966339"
"462","0.25102320313453674","0.25102320313453674","0.25102320313453674","0.3851659595966339","0.3851659595966339","0.3851659595966339"
"463","0.25102320313453674","0.25102320313453674","0.25102320313453674","0.3851659595966339","0.3851659595966339","0.3851659595966339"
"464","0.25102320313453674","0.25102320313453674","0.25102320313453674","0.3851659595966339","0.3851659595966339","0.3851659595966339"
"465","0.22002753615379333","0.22002753615379333","0.22002753615379333","0.40902063250541687","0.40902063250541687","0.40902063250541687"
"466","0.22002753615379333","0.22002753615379333","0.22002753615379333","0.40902063250541687","0.40902063250541687","0.40902063250541687"
"467","0.22002753615379333","0.22002753615379333","0.22002753615379333","0.40902063250541687","0.40902063250541687","0.40902063250541687"
"468","0.22002753615379333","0.22002753615379333","0.22002753615379333","0.40902063250541687","0.40902063250541687","0.40902063250541687"
"469","0.22002753615379333","0.22002753615379333","0.22002753615379333","0.40902063250541687","0.40902063250541687","0.40902063250541687"
"470","0.22002753615379333","0.22002753615379333","0.22002753615379333","0.40902063250541687","0.40902063250541687","0.40902063250541687"
"471","0.22002753615379333","0.22002753615379333","0.22002753615379333","0.40902063250541687","0.40902063250541687","0.40902063250541687"
"472","0.22002753615379333","0.22002753615379333","0.22002753615379333","0.40902063250541687","0.40902063250541687","0.40902063250541687"
"473","0.01836889237165451","0.01836889237165451","0.01836889237165451","0.430428147315979","0.430428147315979","0.430428147315979"
"474","0.01836889237165451","0.01836889237165451","0.01836889237165451","0.430428147315979","0.430428147315979","0.430428147315979"
"475","0.01836889237165451","0.01836889237165451","0.01836889237165451","0.430428147315979","0.430428147315979","0.430428147315979"
"476","0.01836889237165451","0.01836889237165451","0.01836889237165451","0.430428147315979","0.430428147315979","0.430428147315979"
"477","0.01836889237165451","0.01836889237165451","0.01836889237165451","0.430428147315979","0.430428147315979","0.430428147315979"
"478","0.01836889237165451","0.01836889237165451","0.01836889237165451","0.430428147315979","0.430428147315979","0.430428147315979"
"479","0.01836889237165451","0.01836889237165451","0.01836889237165451","0.430428147315979","0.430428147315979","0.430428147315979"
"480","0.01836889237165451","0.01836889237165451","0.01836889237165451","0.430428147315979","0.430428147315979","0.430428147315979"
"481","0.007711651735007763","0.007711651735007763","0.007711651735007763","0.5287476778030396","0.5287476778030396","0.5287476778030396"
"482","0.007711651735007763","0.007711651735007763","0.007711651735007763","0.5287476778030396","0.5287476778030396","0.5287476778030396"
"483","0.007711651735007763","0.007711651735007763","0.007711651735007763","0.5287476778030396","0.5287476778030396","0.5287476778030396"
"484","0.007711651735007763","0.007711651735007763","0.007711651735007763","0.5287476778030396","0.5287476778030396","0.5287476778030396"
"485","0.007711651735007763","0.007711651735007763","0.007711651735007763","0.5287476778030396","0.5287476778030396","0.5287476778030396"
"486","0.007711651735007763","0.007711651735007763","0.007711651735007763","0.5287476778030396","0.5287476778030396","0.5287476778030396"
"487","0.007711651735007763","0.007711651735007763","0.007711651735007763","0.5287476778030396","0.5287476778030396","0.5287476778030396"
"488","0.007711651735007763","0.007711651735007763","0.007711651735007763","0.5287476778030396","0.5287476778030396","0.5287476778030396"
"489","-0.1449301689863205","-0.1449301689863205","-0.1449301689863205","0.5517489910125732","0.5517489910125732","0.5517489910125732"
"490","-0.1449301689863205","-0.1449301689863205","-0.1449301689863205","0.5517489910125732","0.5517489910125732","0.5517489910125732"
"491","-0.1449301689863205","-0.1449301689863205","-0.1449301689863205","0.5517489910125732","0.5517489910125732","0.5517489910125732"
"492","-0.1449301689863205","-0.1449301689863205","-0.1449301689863205","0.5517489910125732","0.5517489910125732","0.5517489910125732"
"493","-0.1449301689863205","-0.1449301689863205","-0.1449301689863205","0.5517489910125732","0.5517489910125732","0.5517489910125732"
"494","-0.1449301689863205","-0.1449301689863205","-0.1449301689863205","0.5517489910125732","0.5517489910125732","0.5517489910125732"
"495","-0.1449301689863205","-0.1449301689863205","-0.1449301689863205","0.5517489910125732","0.5517489910125732","0.5517489910125732"
"496","-0.1449301689863205","-0.1449301689863205","-0.1449301689863205","0.5517489910125732","0.5517489910125732","0.5517489910125732"
"497","-0.22367560863494873","-0.22367560863494873","-0.22367560863494873","0.6417567133903503","0.6417567133903503","0.6417567133903503"
"498","-0.22367560863494873","-0.22367560863494873","-0.22367560863494873","0.6417567133903503","0.6417567133903503","0.6417567133903503"
"499","-0.22367560863494873","-0.22367560863494873","-0.22367560863494873","0.6417567133903503","0.6417567133903503","0.6417567133903503"
"500","-0.22367560863494873","-0.22367560863494873","-0.22367560863494873","0.6417567133903503","0.6417567133903503","0.6417567133903503"
"501","-0.22367560863494873","-0.22367560863494873","-0.22367560863494873","0.6417567133903503","0.6417567133903503","0.6417567133903503"
"502","-0.22367560863494873","-0.22367560863494873","-0.22367560863494873","0.6417567133903503","0.6417567133903503","0.6417567133903503"
"503","-0.22367560863494873","-0.22367560863494873","-0.22367560863494873","0.6417567133903503","0.6417567133903503","0.6417567133903503"
"504","-0.22367560863494873","-0.22367560863494873","-0.22367560863494873","0.6417567133903503","0.6417567133903503","0.6417567133903503"
"505","-0.05442380532622337","-0.05442380532622337","-0.05442380532622337","0.5265356302261353","0.5265356302261353","0.5265356302261353"
"506","-0.05442380532622337","-0.05442380532622337","-0.05442380532622337","0.5265356302261353","0.5265356302261353","0.5265356302261353"
"507","-0.05442380532622337","-0.05442380532622337","-0.05442380532622337","0.5265356302261353","0.5265356302261353","0.5265356302261353"
"508","-0.05442380532622337","-0.05442380532622337","-0.05442380532622337","0.5265356302261353","0.5265356302261353","0.5265356302261353"
"509","-0.05442380532622337","-0.05442380532622337","-0.05442380532622337","0.5265356302261353","0.5265356302261353","0.5265356302261353"
"510","-0.05442380532622337","-0.05442380532622337","-0.05442380532622337","0.5265356302261353","0.5265356302261353","0.5265356302261353"
"511","-0.05442380532622337","-0.05442380532622337","-0.05442380532622337","0.5265356302261353","0.5265356302261353","0.5265356302261353"
"512","-0.05442380532622337","-0.05442380532622337","-0.05442380532622337","0.5265356302261353","0.5265356302261353","0.5265356302261353"
"513","-0.2018604874610901","-0.2018604874610901","-0.2018604874610901","0.44217121601104736","0.44217121601104736","0.44217121601104736"
"514","-0.2018604874610901","-0.2018604874610901","-0.2018604874610901","0.44217121601104736","0.44217121601104736","0.44217121601104736"
"515","-0.2018604874610901","-0.2018604874610901","-0.2018604874610901","0.44217121601104736","0.44217121601104736","0.44217121601104736"
"516","-0.2018604874610901","-0.2018604874610901","-0.2018604874610901","0.44217121601104736","0.44217121601104736","0.44217121601104736"
"517","-0.2018604874610901","-0.2018604874610901","-0.2018604874610901","0.44217121601104736","0.44217121601104736","0.44217121601104736"
"518","-0.2018604874610901","-0.2018604874610901","-0.2018604874610901","0.44217121601104736","0.44217121601104736","0.44217121601104736"
"519","-0.2018604874610901","-0.2018604874610901","-0.2018604874610901","0.44217121601104736","0.44217121601104736","0.44217121601104736"
"520","-0.2018604874610901","-0.2018604874610901","-0.2018604874610901","0.44217121601104736","0.44217121601104736","0.44217121601104736"
"521","-0.15369755029678345","-0.15369755029678345","-0.15369755029678345","0.5697782635688782","0.5697782635688782","0.5697782635688782"
"522","-0.15369755029678345","-0.15369755029678345","-0.15369755029678345","0.5697782635688782","0.5697782635688782","0.5697782635688782"
"523","-0.15369755029678345","-0.15369755029678345","-0.15369755029678345","0.5697782635688782","0.5697782635688782","0.5697782635688782"
"524","-0.15369755029678345","-0.15369755029678345","-0.15369755029678345","0.5697782635688782","0.5697782635688782","0.5697782635688782"
"525","-0.15369755029678345","-0.15369755029678345","-0.15369755029678345","0.5697782635688782","0.5697782635688782","0.5697782635688782"
"526","-0.15369755029678345","-0.15369755029678345","-0.15369755029678345","0.5697782635688782","0.5697782635688782","0.5697782635688782"
"527","-0.15369755029678345","-0.15369755029678345","-0.15369755029678345","0.5697782635688782","0.5697782635688782","0.5697782635688782"
"528","-0.15369755029678345","-0.15369755029678345","-0.15369755029678345","0.5697782635688782","0.5697782635688782","0.5697782635688782"
"529","-0.21064892411231995","-0.21064892411231995","-0.21064892411231995","0.6151176691055298","0.6151176691055298","0.6151176691055298"
"530","-0.21064892411231995","-0.21064892411231995","-0.21064892411231995","0.6151176691055298","0.6151176691055298","0.6151176691055298"
"531","-0.21064892411231995","-0.21064892411231995","-0.21064892411231995","0.6151176691055298","0.6151176691055298","0.6151176691055298"
"532","-0.21064892411231995","-0.21064892411231995","-0.21064892411231995","0.6151176691055298","0.6151176691055298","0.6151176691055298"
"533","-0.21064892411231995","-0.21064892411231995","-0.21064892411231995","0.6151176691055298","0.6151176691055298","0.6151176691055298"
"534","-0.21064892411231995","-0.21064892411231995","-0.21064892411231995","0.6151176691055298","0.6151176691055298","0.6151176691055298"
"535","-0.21064892411231995","-0.21064892411231995","-0.21064892411231995","0.6151176691055298","0.6151176691055298","0.6151176691055298"
"536","-0.21064892411231995","-0.21064892411231995","-0.21064892411231995","0.6151176691055298","0.6151176691055298","0.6151176691055298"
"537","-0.05788746848702431","-0.05788746848702431","-0.05788746848702431","0.5663588047027588","0.5663588047027588","0.5663588047027588"
"538","-0.05788746848702431","-0.05788746848702431","-0.05788746848702431","0.5663588047027588","0.5663588047027588","0.5663588047027588"
"539","-0.05788746848702431","-0.05788746848702431","-0.05788746848702431","0.5663588047027588","0.5663588047027588","0.5663588047027588"
"540","-0.05788746848702431","-0.05788746848702431","-0.05788746848702431","0.5663588047027588","0.5663588047027588","0.5663588047027588"
"541","-0.05788746848702431","-0.05788746848702431","-0.05788746848702431","0.5663588047027588","0.5663588047027588","0.5663588047027588"
"542","-0.05788746848702431","-0.05788746848702431","-0.05788746848702431","0.5663588047027588","0.5663588047027588","0.5663588047027588"
"543","-0.05788746848702431","-0.05788746848702431","-0.05788746848702431","0.5663588047027588","0.5663588047027588","0.5663588047027588"
"544","-0.05788746848702431","-0.05788746848702431","-0.05788746848702431","0.5663588047027588","0.5663588047027588","0.5663588047027588"
"545","-0.12196436524391174","-0.12196436524391174","-0.12196436524391174","0.6229131817817688","0.6229131817817688","0.6229131817817688"
"546","-0.12196436524391174","-0.12196436524391174","-0.12196436524391174","0.6229131817817688","0.6229131817817688","0.6229131817817688"
"547","-0.12196436524391174","-0.12196436524391174","-0.12196436524391174","0.6229131817817688","0.6229131817817688","0.6229131817817688"
"548","-0.12196436524391174","-0.12196436524391174","-0.12196436524391174","0.6229131817817688","0.6229131817817688","0.6229131817817688"
"549","-0.12196436524391174","-0.12196436524391174","-0.12196436524391174","0.6229131817817688","0.6229131817817688","0.6229131817817688"
"550","-0.12196436524391174","-0.12196436524391174","-0.12196436524391174","0.6229131817817688","0.6229131817817688","0.6229131817817688"
"551","-0.12196436524391174","-0.12196436524391174","-0.12196436524391174","0.6229131817817688","0.6229131817817688","0.6229131817817688"
"552","-0.12196436524391174","-0.12196436524391174","-0.12196436524391174","0.6229131817817688","0.6229131817817688","0.6229131817817688"
"553","0.14438803493976593","0.14438803493976593","0.14438803493976593","0.4618987441062927","0.4618987441062927","0.4618987441062927"
"554","0.14438803493976593","0.14438803493976593","0.14438803493976593","0.4618987441062927","0.4618987441062927","0.4618987441062927"
"555","0.14438803493976593","0.14438803493976593","0.14438803493976593","0.4618987441062927","0.4618987441062927","0.4618987441062927"
"556","0.14438803493976593","0.14438803493976593","0.14438803493976593","0.4618987441062927","0.4618987441062927","0.4618987441062927"
"557","0.14438803493976593","0.14438803493976593","0.14438803493976593","0.4618987441062927","0.4618987441062927","0.4618987441062927"
"558","0.14438803493976593","0.14438803493976593","0.14438803493976593","0.4618987441062927","0.4618987441062927","0.4618987441062927"
"559","0.14438803493976593","0.14438803493976593","0.14438803493976593","0.4618987441062927","0.4618987441062927","0.4618987441062927"
"560","0.14438803493976593","0.14438803493976593","0.14438803493976593","0.4618987441062927","0.4618987441062927","0.4618987441062927"
"561","-0.23829299211502075","-0.23829299211502075","-0.23829299211502075","0.6362432837486267","0.6362432837486267","0.6362432837486267"
"562","-0.23829299211502075","-0.23829299211502075","-0.23829299211502075","0.6362432837486267","0.6362432837486267","0.6362432837486267"
"563","-0.23829299211502075","-0.23829299211502075","-0.23829299211502075","0.6362432837486267","0.6362432837486267","0.6362432837486267"
"564","-0.23829299211502075","-0.23829299211502075","-0.23829299211502075","0.6362432837486267","0.6362432837486267","0.6362432837486267"
"565","-0.23829299211502075","-0.23829299211502075","-0.23829299211502075","0.6362432837486267","0.6362432837486267","0.6362432837486267"
"566","-0.23829299211502075","-0.23829299211502075","-0.23829299211502075","0.6362432837486267","0.6362432837486267","0.6362432837486267"
"567","-0.23829299211502075","-0.23829299211502075","-0.23829299211502075","0.6362432837486267","0.6362432837486267","0.6362432837486267"
"568","-0.23829299211502075","-0.23829299211502075","-0.23829299211502075","0.6362432837486267","0.6362432837486267","0.6362432837486267"
"569","-0.05742615833878517","-0.05742615833878517","-0.05742615833878517","0.4252704083919525","0.4252704083919525","0.4252704083919525"
"570","-0.05742615833878517","-0.05742615833878517","-0.05742615833878517","0.4252704083919525","0.4252704083919525","0.4252704083919525"
"571","-0.05742615833878517","-0.05742615833878517","-0.05742615833878517","0.4252704083919525","0.4252704083919525","0.4252704083919525"
"572","-0.05742615833878517","-0.05742615833878517","-0.05742615833878517","0.4252704083919525","0.4252704083919525","0.4252704083919525"
"573","-0.05742615833878517","-0.05742615833878517","-0.05742615833878517","0.4252704083919525","0.4252704083919525","0.4252704083919525"
"574","-0.05742615833878517","-0.05742615833878517","-0.05742615833878517","0.4252704083919525","0.4252704083919525","0.4252704083919525"
"575","-0.05742615833878517","-0.05742615833878517","-0.05742615833878517","0.4252704083919525","0.4252704083919525","0.4252704083919525"
"576","-0.05742615833878517","-0.05742615833878517","-0.05742615833878517","0.4252704083919525","0.4252704083919525","0.4252704083919525"
"577","-0.05344289541244507","-0.05344289541244507","-0.05344289541244507","0.5515539646148682","0.5515539646148682","0.5515539646148682"
"578","-0.05344289541244507","-0.05344289541244507","-0.05344289541244507","0.5515539646148682","0.5515539646148682","0.5515539646148682"
"579","-0.05344289541244507","-0.05344289541244507","-0.05344289541244507","0.5515539646148682","0.5515539646148682","0.5515539646148682"
"580","-0.05344289541244507","-0.05344289541244507","-0.05344289541244507","0.5515539646148682","0.5515539646148682","0.5515539646148682"
"581","-0.05344289541244507","-0.05344289541244507","-0.05344289541244507","0.5515539646148682","0.5515539646148682","0.5515539646148682"
"582","-0.05344289541244507","-0.05344289541244507","-0.05344289541244507","0.5515539646148682","0.5515539646148682","0.5515539646148682"
"583","-0.05344289541244507","-0.05344289541244507","-0.05344289541244507","0.5515539646148682","0.5515539646148682","0.5515539646148682"
"584","-0.05344289541244507","-0.05344289541244507","-0.05344289541244507","0.5515539646148682","0.5515539646148682","0.5515539646148682"
"585","0.16521884500980377","0.16521884500980377","0.16521884500980377","0.556013286113739","0.556013286113739","0.556013286113739"
"586","0.16521884500980377","0.16521884500980377","0.16521884500980377","0.556013286113739","0.556013286113739","0.556013286113739"
"587","0.16521884500980377","0.16521884500980377","0.16521884500980377","0.556013286113739","0.556013286113739","0.556013286113739"
"588","0.16521884500980377","0.16521884500980377","0.16521884500980377","0.556013286113739","0.556013286113739","0.556013286113739"
"589","0.16521884500980377","0.16521884500980377","0.16521884500980377","0.556013286113739","0.556013286113739","0.556013286113739"
"590","0.16521884500980377","0.16521884500980377","0.16521884500980377","0.556013286113739","0.556013286113739","0.556013286113739"
"591","0.16521884500980377","0.16521884500980377","0.16521884500980377","0.556013286113739","0.556013286113739","0.556013286113739"
"592","0.16521884500980377","0.16521884500980377","0.16521884500980377","0.556013286113739","0.556013286113739","0.556013286113739"
"593","0.017675604671239853","0.017675604671239853","0.017675604671239853","0.4924980700016022","0.4924980700016022","0.4924980700016022"
"594","0.017675604671239853","0.017675604671239853","0.017675604671239853","0.4924980700016022","0.4924980700016022","0.4924980700016022"
"595","0.017675604671239853","0.017675604671239853","0.017675604671239853","0.4924980700016022","0.4924980700016022","0.4924980700016022"
"596","0.017675604671239853","0.017675604671239853","0.017675604671239853","0.4924980700016022","0.4924980700016022","0.4924980700016022"
"597","0.017675604671239853","0.017675604671239853","0.017675604671239853","0.4924980700016022","0.4924980700016022","0.4924980700016022"
"598","0.017675604671239853","0.017675604671239853","0.017675604671239853","0.4924980700016022","0.4924980700016022","0.4924980700016022"
"599","0.017675604671239853","0.017675604671239853","0.017675604671239853","0.4924980700016022","0.4924980700016022","0.4924980700016022"
"600","0.017675604671239853","0.017675604671239853","0.017675604671239853","0.4924980700016022","0.4924980700016022","0.4924980700016022"