"Step","radiant-silence-7 - returns/mean","radiant-silence-7 - returns/mean__MIN","radiant-silence-7 - returns/mean__MAX","radiant-silence-7 - returns/std","radiant-silence-7 - returns/std__MIN","radiant-silence-7 - returns/std__MAX"
"1","4.1846022605896","4.1846022605896","4.1846022605896","1.787580132484436","1.787580132484436","1.787580132484436"
"2","4.1846022605896","4.1846022605896","4.1846022605896","1.787580132484436","1.787580132484436","1.787580132484436"
"3","4.1846022605896","4.1846022605896","4.1846022605896","1.787580132484436","1.787580132484436","1.787580132484436"
"4","4.1846022605896","4.1846022605896","4.1846022605896","1.787580132484436","1.787580132484436","1.787580132484436"
"5","4.1846022605896","4.1846022605896","4.1846022605896","1.787580132484436","1.787580132484436","1.787580132484436"
"6","4.1846022605896","4.1846022605896","4.1846022605896","1.787580132484436","1.787580132484436","1.787580132484436"
"7","4.1846022605896","4.1846022605896","4.1846022605896","1.787580132484436","1.787580132484436","1.787580132484436"
"8","4.1846022605896","4.1846022605896","4.1846022605896","1.787580132484436","1.787580132484436","1.787580132484436"
"9","4.065293312072754","4.065293312072754","4.065293312072754","1.9697481393814087","1.9697481393814087","1.9697481393814087"
"10","4.065293312072754","4.065293312072754","4.065293312072754","1.9697481393814087","1.9697481393814087","1.9697481393814087"
"11","4.065293312072754","4.065293312072754","4.065293312072754","1.9697481393814087","1.9697481393814087","1.9697481393814087"
"12","4.065293312072754","4.065293312072754","4.065293312072754","1.9697481393814087","1.9697481393814087","1.9697481393814087"
"13","4.065293312072754","4.065293312072754","4.065293312072754","1.9697481393814087","1.9697481393814087","1.9697481393814087"
"14","4.065293312072754","4.065293312072754","4.065293312072754","1.9697481393814087","1.9697481393814087","1.9697481393814087"
"15","4.065293312072754","4.065293312072754","4.065293312072754","1.9697481393814087","1.9697481393814087","1.9697481393814087"
"16","4.065293312072754","4.065293312072754","4.065293312072754","1.9697481393814087","1.9697481393814087","1.9697481393814087"
"17","4.46406888961792","4.46406888961792","4.46406888961792","1.510179042816162","1.510179042816162","1.510179042816162"
"18","4.46406888961792","4.46406888961792","4.46406888961792","1.510179042816162","1.510179042816162","1.510179042816162"
"19","4.46406888961792","4.46406888961792","4.46406888961792","1.510179042816162","1.510179042816162","1.510179042816162"
"20","4.46406888961792","4.46406888961792","4.46406888961792","1.510179042816162","1.510179042816162","1.510179042816162"
"21","4.46406888961792","4.46406888961792","4.46406888961792","1.510179042816162","1.510179042816162","1.510179042816162"
"22","4.46406888961792","4.46406888961792","4.46406888961792","1.510179042816162","1.510179042816162","1.510179042816162"
"23","4.46406888961792","4.46406888961792","4.46406888961792","1.510179042816162","1.510179042816162","1.510179042816162"
"24","4.46406888961792","4.46406888961792","4.46406888961792","1.510179042816162","1.510179042816162","1.510179042816162"
"25","4.338118076324463","4.338118076324463","4.338118076324463","1.4086929559707642","1.4086929559707642","1.4086929559707642"
"26","4.338118076324463","4.338118076324463","4.338118076324463","1.4086929559707642","1.4086929559707642","1.4086929559707642"
"27","4.338118076324463","4.338118076324463","4.338118076324463","1.4086929559707642","1.4086929559707642","1.4086929559707642"
"28","4.338118076324463","4.338118076324463","4.338118076324463","1.4086929559707642","1.4086929559707642","1.4086929559707642"
"29","4.338118076324463","4.338118076324463","4.338118076324463","1.4086929559707642","1.4086929559707642","1.4086929559707642"
"30","4.338118076324463","4.338118076324463","4.338118076324463","1.4086929559707642","1.4086929559707642","1.4086929559707642"
"31","4.338118076324463","4.338118076324463","4.338118076324463","1.4086929559707642","1.4086929559707642","1.4086929559707642"
"32","4.338118076324463","4.338118076324463","4.338118076324463","1.4086929559707642","1.4086929559707642","1.4086929559707642"
"33","4.141009330749512","4.141009330749512","4.141009330749512","1.2349566221237183","1.2349566221237183","1.2349566221237183"
"34","4.141009330749512","4.141009330749512","4.141009330749512","1.2349566221237183","1.2349566221237183","1.2349566221237183"
"35","4.141009330749512","4.141009330749512","4.141009330749512","1.2349566221237183","1.2349566221237183","1.2349566221237183"
"36","4.141009330749512","4.141009330749512","4.141009330749512","1.2349566221237183","1.2349566221237183","1.2349566221237183"
"37","4.141009330749512","4.141009330749512","4.141009330749512","1.2349566221237183","1.2349566221237183","1.2349566221237183"
"38","4.141009330749512","4.141009330749512","4.141009330749512","1.2349566221237183","1.2349566221237183","1.2349566221237183"
"39","4.141009330749512","4.141009330749512","4.141009330749512","1.2349566221237183","1.2349566221237183","1.2349566221237183"
"40","4.141009330749512","4.141009330749512","4.141009330749512","1.2349566221237183","1.2349566221237183","1.2349566221237183"
"41","4.08294153213501","4.08294153213501","4.08294153213501","1.3298354148864746","1.3298354148864746","1.3298354148864746"
"42","4.08294153213501","4.08294153213501","4.08294153213501","1.3298354148864746","1.3298354148864746","1.3298354148864746"
"43","4.08294153213501","4.08294153213501","4.08294153213501","1.3298354148864746","1.3298354148864746","1.3298354148864746"
"44","4.08294153213501","4.08294153213501","4.08294153213501","1.3298354148864746","1.3298354148864746","1.3298354148864746"
"45","4.08294153213501","4.08294153213501","4.08294153213501","1.3298354148864746","1.3298354148864746","1.3298354148864746"
"46","4.08294153213501","4.08294153213501","4.08294153213501","1.3298354148864746","1.3298354148864746","1.3298354148864746"
"47","4.08294153213501","4.08294153213501","4.08294153213501","1.3298354148864746","1.3298354148864746","1.3298354148864746"
"48","4.08294153213501","4.08294153213501","4.08294153213501","1.3298354148864746","1.3298354148864746","1.3298354148864746"
"49","3.9086246490478516","3.9086246490478516","3.9086246490478516","1.3673882484436035","1.3673882484436035","1.3673882484436035"
"50","3.9086246490478516","3.9086246490478516","3.9086246490478516","1.3673882484436035","1.3673882484436035","1.3673882484436035"
"51","3.9086246490478516","3.9086246490478516","3.9086246490478516","1.3673882484436035","1.3673882484436035","1.3673882484436035"
"52","3.9086246490478516","3.9086246490478516","3.9086246490478516","1.3673882484436035","1.3673882484436035","1.3673882484436035"
"53","3.9086246490478516","3.9086246490478516","3.9086246490478516","1.3673882484436035","1.3673882484436035","1.3673882484436035"
"54","3.9086246490478516","3.9086246490478516","3.9086246490478516","1.3673882484436035","1.3673882484436035","1.3673882484436035"
"55","3.9086246490478516","3.9086246490478516","3.9086246490478516","1.3673882484436035","1.3673882484436035","1.3673882484436035"
"56","3.9086246490478516","3.9086246490478516","3.9086246490478516","1.3673882484436035","1.3673882484436035","1.3673882484436035"
"57","4.03458833694458","4.03458833694458","4.03458833694458","1.2323616743087769","1.2323616743087769","1.2323616743087769"
"58","4.03458833694458","4.03458833694458","4.03458833694458","1.2323616743087769","1.2323616743087769","1.2323616743087769"
"59","4.03458833694458","4.03458833694458","4.03458833694458","1.2323616743087769","1.2323616743087769","1.2323616743087769"
"60","4.03458833694458","4.03458833694458","4.03458833694458","1.2323616743087769","1.2323616743087769","1.2323616743087769"
"61","4.03458833694458","4.03458833694458","4.03458833694458","1.2323616743087769","1.2323616743087769","1.2323616743087769"
"62","4.03458833694458","4.03458833694458","4.03458833694458","1.2323616743087769","1.2323616743087769","1.2323616743087769"
"63","4.03458833694458","4.03458833694458","4.03458833694458","1.2323616743087769","1.2323616743087769","1.2323616743087769"
"64","4.03458833694458","4.03458833694458","4.03458833694458","1.2323616743087769","1.2323616743087769","1.2323616743087769"
"65","3.7110986709594727","3.7110986709594727","3.7110986709594727","1.4059028625488281","1.4059028625488281","1.4059028625488281"
"66","3.7110986709594727","3.7110986709594727","3.7110986709594727","1.4059028625488281","1.4059028625488281","1.4059028625488281"
"67","3.7110986709594727","3.7110986709594727","3.7110986709594727","1.4059028625488281","1.4059028625488281","1.4059028625488281"
"68","3.7110986709594727","3.7110986709594727","3.7110986709594727","1.4059028625488281","1.4059028625488281","1.4059028625488281"
"69","3.7110986709594727","3.7110986709594727","3.7110986709594727","1.4059028625488281","1.4059028625488281","1.4059028625488281"
"70","3.7110986709594727","3.7110986709594727","3.7110986709594727","1.4059028625488281","1.4059028625488281","1.4059028625488281"
"71","3.7110986709594727","3.7110986709594727","3.7110986709594727","1.4059028625488281","1.4059028625488281","1.4059028625488281"
"72","3.7110986709594727","3.7110986709594727","3.7110986709594727","1.4059028625488281","1.4059028625488281","1.4059028625488281"
"73","4.014190196990967","4.014190196990967","4.014190196990967","1.1924039125442505","1.1924039125442505","1.1924039125442505"
"74","4.014190196990967","4.014190196990967","4.014190196990967","1.1924039125442505","1.1924039125442505","1.1924039125442505"
"75","4.014190196990967","4.014190196990967","4.014190196990967","1.1924039125442505","1.1924039125442505","1.1924039125442505"
"76","4.014190196990967","4.014190196990967","4.014190196990967","1.1924039125442505","1.1924039125442505","1.1924039125442505"
"77","4.014190196990967","4.014190196990967","4.014190196990967","1.1924039125442505","1.1924039125442505","1.1924039125442505"
"78","4.014190196990967","4.014190196990967","4.014190196990967","1.1924039125442505","1.1924039125442505","1.1924039125442505"
"79","4.014190196990967","4.014190196990967","4.014190196990967","1.1924039125442505","1.1924039125442505","1.1924039125442505"
"80","4.014190196990967","4.014190196990967","4.014190196990967","1.1924039125442505","1.1924039125442505","1.1924039125442505"
"81","3.824389934539795","3.824389934539795","3.824389934539795","1.0965114831924438","1.0965114831924438","1.0965114831924438"
"82","3.824389934539795","3.824389934539795","3.824389934539795","1.0965114831924438","1.0965114831924438","1.0965114831924438"
"83","3.824389934539795","3.824389934539795","3.824389934539795","1.0965114831924438","1.0965114831924438","1.0965114831924438"
"84","3.824389934539795","3.824389934539795","3.824389934539795","1.0965114831924438","1.0965114831924438","1.0965114831924438"
"85","3.824389934539795","3.824389934539795","3.824389934539795","1.0965114831924438","1.0965114831924438","1.0965114831924438"
"86","3.824389934539795","3.824389934539795","3.824389934539795","1.0965114831924438","1.0965114831924438","1.0965114831924438"
"87","3.824389934539795","3.824389934539795","3.824389934539795","1.0965114831924438","1.0965114831924438","1.0965114831924438"
"88","3.824389934539795","3.824389934539795","3.824389934539795","1.0965114831924438","1.0965114831924438","1.0965114831924438"
"89","3.818392753601074","3.818392753601074","3.818392753601074","1.0751608610153198","1.0751608610153198","1.0751608610153198"
"90","3.818392753601074","3.818392753601074","3.818392753601074","1.0751608610153198","1.0751608610153198","1.0751608610153198"
"91","3.818392753601074","3.818392753601074","3.818392753601074","1.0751608610153198","1.0751608610153198","1.0751608610153198"
"92","3.818392753601074","3.818392753601074","3.818392753601074","1.0751608610153198","1.0751608610153198","1.0751608610153198"
"93","3.818392753601074","3.818392753601074","3.818392753601074","1.0751608610153198","1.0751608610153198","1.0751608610153198"
"94","3.818392753601074","3.818392753601074","3.818392753601074","1.0751608610153198","1.0751608610153198","1.0751608610153198"
"95","3.818392753601074","3.818392753601074","3.818392753601074","1.0751608610153198","1.0751608610153198","1.0751608610153198"
"96","3.818392753601074","3.818392753601074","3.818392753601074","1.0751608610153198","1.0751608610153198","1.0751608610153198"
"97","3.6419715881347656","3.6419715881347656","3.6419715881347656","1.107627511024475","1.107627511024475","1.107627511024475"
"98","3.6419715881347656","3.6419715881347656","3.6419715881347656","1.107627511024475","1.107627511024475","1.107627511024475"
"99","3.6419715881347656","3.6419715881347656","3.6419715881347656","1.107627511024475","1.107627511024475","1.107627511024475"
"100","3.6419715881347656","3.6419715881347656","3.6419715881347656","1.107627511024475","1.107627511024475","1.107627511024475"
"101","3.6419715881347656","3.6419715881347656","3.6419715881347656","1.107627511024475","1.107627511024475","1.107627511024475"
"102","3.6419715881347656","3.6419715881347656","3.6419715881347656","1.107627511024475","1.107627511024475","1.107627511024475"
"103","3.6419715881347656","3.6419715881347656","3.6419715881347656","1.107627511024475","1.107627511024475","1.107627511024475"
"104","3.6419715881347656","3.6419715881347656","3.6419715881347656","1.107627511024475","1.107627511024475","1.107627511024475"
"105","3.5758917331695557","3.5758917331695557","3.5758917331695557","1.1047735214233398","1.1047735214233398","1.1047735214233398"
"106","3.5758917331695557","3.5758917331695557","3.5758917331695557","1.1047735214233398","1.1047735214233398","1.1047735214233398"
"107","3.5758917331695557","3.5758917331695557","3.5758917331695557","1.1047735214233398","1.1047735214233398","1.1047735214233398"
"108","3.5758917331695557","3.5758917331695557","3.5758917331695557","1.1047735214233398","1.1047735214233398","1.1047735214233398"
"109","3.5758917331695557","3.5758917331695557","3.5758917331695557","1.1047735214233398","1.1047735214233398","1.1047735214233398"
"110","3.5758917331695557","3.5758917331695557","3.5758917331695557","1.1047735214233398","1.1047735214233398","1.1047735214233398"
"111","3.5758917331695557","3.5758917331695557","3.5758917331695557","1.1047735214233398","1.1047735214233398","1.1047735214233398"
"112","3.5758917331695557","3.5758917331695557","3.5758917331695557","1.1047735214233398","1.1047735214233398","1.1047735214233398"
"113","3.5122323036193848","3.5122323036193848","3.5122323036193848","1.0704835653305054","1.0704835653305054","1.0704835653305054"
"114","3.5122323036193848","3.5122323036193848","3.5122323036193848","1.0704835653305054","1.0704835653305054","1.0704835653305054"
"115","3.5122323036193848","3.5122323036193848","3.5122323036193848","1.0704835653305054","1.0704835653305054","1.0704835653305054"
"116","3.5122323036193848","3.5122323036193848","3.5122323036193848","1.0704835653305054","1.0704835653305054","1.0704835653305054"
"117","3.5122323036193848","3.5122323036193848","3.5122323036193848","1.0704835653305054","1.0704835653305054","1.0704835653305054"
"118","3.5122323036193848","3.5122323036193848","3.5122323036193848","1.0704835653305054","1.0704835653305054","1.0704835653305054"
"119","3.5122323036193848","3.5122323036193848","3.5122323036193848","1.0704835653305054","1.0704835653305054","1.0704835653305054"
"120","3.5122323036193848","3.5122323036193848","3.5122323036193848","1.0704835653305054","1.0704835653305054","1.0704835653305054"
"121","3.386192798614502","3.386192798614502","3.386192798614502","1.01852548122406","1.01852548122406","1.01852548122406"
"122","3.386192798614502","3.386192798614502","3.386192798614502","1.01852548122406","1.01852548122406","1.01852548122406"
"123","3.386192798614502","3.386192798614502","3.386192798614502","1.01852548122406","1.01852548122406","1.01852548122406"
"124","3.386192798614502","3.386192798614502","3.386192798614502","1.01852548122406","1.01852548122406","1.01852548122406"
"125","3.386192798614502","3.386192798614502","3.386192798614502","1.01852548122406","1.01852548122406","1.01852548122406"
"126","3.386192798614502","3.386192798614502","3.386192798614502","1.01852548122406","1.01852548122406","1.01852548122406"
"127","3.386192798614502","3.386192798614502","3.386192798614502","1.01852548122406","1.01852548122406","1.01852548122406"
"128","3.386192798614502","3.386192798614502","3.386192798614502","1.01852548122406","1.01852548122406","1.01852548122406"
"129","3.1824841499328613","3.1824841499328613","3.1824841499328613","0.9166625142097473","0.9166625142097473","0.9166625142097473"
"130","3.1824841499328613","3.1824841499328613","3.1824841499328613","0.9166625142097473","0.9166625142097473","0.9166625142097473"
"131","3.1824841499328613","3.1824841499328613","3.1824841499328613","0.9166625142097473","0.9166625142097473","0.9166625142097473"
"132","3.1824841499328613","3.1824841499328613","3.1824841499328613","0.9166625142097473","0.9166625142097473","0.9166625142097473"
"133","3.1824841499328613","3.1824841499328613","3.1824841499328613","0.9166625142097473","0.9166625142097473","0.9166625142097473"
"134","3.1824841499328613","3.1824841499328613","3.1824841499328613","0.9166625142097473","0.9166625142097473","0.9166625142097473"
"135","3.1824841499328613","3.1824841499328613","3.1824841499328613","0.9166625142097473","0.9166625142097473","0.9166625142097473"
"136","3.1824841499328613","3.1824841499328613","3.1824841499328613","0.9166625142097473","0.9166625142097473","0.9166625142097473"
"137","3.1977431774139404","3.1977431774139404","3.1977431774139404","0.9543889760971069","0.9543889760971069","0.9543889760971069"
"138","3.1977431774139404","3.1977431774139404","3.1977431774139404","0.9543889760971069","0.9543889760971069","0.9543889760971069"
"139","3.1977431774139404","3.1977431774139404","3.1977431774139404","0.9543889760971069","0.9543889760971069","0.9543889760971069"
"140","3.1977431774139404","3.1977431774139404","3.1977431774139404","0.9543889760971069","0.9543889760971069","0.9543889760971069"
"141","3.1977431774139404","3.1977431774139404","3.1977431774139404","0.9543889760971069","0.9543889760971069","0.9543889760971069"
"142","3.1977431774139404","3.1977431774139404","3.1977431774139404","0.9543889760971069","0.9543889760971069","0.9543889760971069"
"143","3.1977431774139404","3.1977431774139404","3.1977431774139404","0.9543889760971069","0.9543889760971069","0.9543889760971069"
"144","3.1977431774139404","3.1977431774139404","3.1977431774139404","0.9543889760971069","0.9543889760971069","0.9543889760971069"
"145","2.8740952014923096","2.8740952014923096","2.8740952014923096","0.8318070769309998","0.8318070769309998","0.8318070769309998"
"146","2.8740952014923096","2.8740952014923096","2.8740952014923096","0.8318070769309998","0.8318070769309998","0.8318070769309998"
"147","2.8740952014923096","2.8740952014923096","2.8740952014923096","0.8318070769309998","0.8318070769309998","0.8318070769309998"
"148","2.8740952014923096","2.8740952014923096","2.8740952014923096","0.8318070769309998","0.8318070769309998","0.8318070769309998"
"149","2.8740952014923096","2.8740952014923096","2.8740952014923096","0.8318070769309998","0.8318070769309998","0.8318070769309998"
"150","2.8740952014923096","2.8740952014923096","2.8740952014923096","0.8318070769309998","0.8318070769309998","0.8318070769309998"
"151","2.8740952014923096","2.8740952014923096","2.8740952014923096","0.8318070769309998","0.8318070769309998","0.8318070769309998"
"152","2.8740952014923096","2.8740952014923096","2.8740952014923096","0.8318070769309998","0.8318070769309998","0.8318070769309998"
"153","2.8671627044677734","2.8671627044677734","2.8671627044677734","0.8628620505332947","0.8628620505332947","0.8628620505332947"
"154","2.8671627044677734","2.8671627044677734","2.8671627044677734","0.8628620505332947","0.8628620505332947","0.8628620505332947"
"155","2.8671627044677734","2.8671627044677734","2.8671627044677734","0.8628620505332947","0.8628620505332947","0.8628620505332947"
"156","2.8671627044677734","2.8671627044677734","2.8671627044677734","0.8628620505332947","0.8628620505332947","0.8628620505332947"
"157","2.8671627044677734","2.8671627044677734","2.8671627044677734","0.8628620505332947","0.8628620505332947","0.8628620505332947"
"158","2.8671627044677734","2.8671627044677734","2.8671627044677734","0.8628620505332947","0.8628620505332947","0.8628620505332947"
"159","2.8671627044677734","2.8671627044677734","2.8671627044677734","0.8628620505332947","0.8628620505332947","0.8628620505332947"
"160","2.8671627044677734","2.8671627044677734","2.8671627044677734","0.8628620505332947","0.8628620505332947","0.8628620505332947"
"161","2.532331943511963","2.532331943511963","2.532331943511963","0.7783951163291931","0.7783951163291931","0.7783951163291931"
"162","2.532331943511963","2.532331943511963","2.532331943511963","0.7783951163291931","0.7783951163291931","0.7783951163291931"
"163","2.532331943511963","2.532331943511963","2.532331943511963","0.7783951163291931","0.7783951163291931","0.7783951163291931"
"164","2.532331943511963","2.532331943511963","2.532331943511963","0.7783951163291931","0.7783951163291931","0.7783951163291931"
"165","2.532331943511963","2.532331943511963","2.532331943511963","0.7783951163291931","0.7783951163291931","0.7783951163291931"
"166","2.532331943511963","2.532331943511963","2.532331943511963","0.7783951163291931","0.7783951163291931","0.7783951163291931"
"167","2.532331943511963","2.532331943511963","2.532331943511963","0.7783951163291931","0.7783951163291931","0.7783951163291931"
"168","2.532331943511963","2.532331943511963","2.532331943511963","0.7783951163291931","0.7783951163291931","0.7783951163291931"
"169","2.573810577392578","2.573810577392578","2.573810577392578","0.7612034678459167","0.7612034678459167","0.7612034678459167"
"170","2.573810577392578","2.573810577392578","2.573810577392578","0.7612034678459167","0.7612034678459167","0.7612034678459167"
"171","2.573810577392578","2.573810577392578","2.573810577392578","0.7612034678459167","0.7612034678459167","0.7612034678459167"
"172","2.573810577392578","2.573810577392578","2.573810577392578","0.7612034678459167","0.7612034678459167","0.7612034678459167"
"173","2.573810577392578","2.573810577392578","2.573810577392578","0.7612034678459167","0.7612034678459167","0.7612034678459167"
"174","2.573810577392578","2.573810577392578","2.573810577392578","0.7612034678459167","0.7612034678459167","0.7612034678459167"
"175","2.573810577392578","2.573810577392578","2.573810577392578","0.7612034678459167","0.7612034678459167","0.7612034678459167"
"176","2.573810577392578","2.573810577392578","2.573810577392578","0.7612034678459167","0.7612034678459167","0.7612034678459167"
"177","2.207805871963501","2.207805871963501","2.207805871963501","0.6648976802825928","0.6648976802825928","0.6648976802825928"
"178","2.207805871963501","2.207805871963501","2.207805871963501","0.6648976802825928","0.6648976802825928","0.6648976802825928"
"179","2.207805871963501","2.207805871963501","2.207805871963501","0.6648976802825928","0.6648976802825928","0.6648976802825928"
"180","2.207805871963501","2.207805871963501","2.207805871963501","0.6648976802825928","0.6648976802825928","0.6648976802825928"
"181","2.207805871963501","2.207805871963501","2.207805871963501","0.6648976802825928","0.6648976802825928","0.6648976802825928"
"182","2.207805871963501","2.207805871963501","2.207805871963501","0.6648976802825928","0.6648976802825928","0.6648976802825928"
"183","2.207805871963501","2.207805871963501","2.207805871963501","0.6648976802825928","0.6648976802825928","0.6648976802825928"
"184","2.207805871963501","2.207805871963501","2.207805871963501","0.6648976802825928","0.6648976802825928","0.6648976802825928"
"185","2.4116804599761963","2.4116804599761963","2.4116804599761963","0.7272682785987854","0.7272682785987854","0.7272682785987854"
"186","2.4116804599761963","2.4116804599761963","2.4116804599761963","0.7272682785987854","0.7272682785987854","0.7272682785987854"
"187","2.4116804599761963","2.4116804599761963","2.4116804599761963","0.7272682785987854","0.7272682785987854","0.7272682785987854"
"188","2.4116804599761963","2.4116804599761963","2.4116804599761963","0.7272682785987854","0.7272682785987854","0.7272682785987854"
"189","2.4116804599761963","2.4116804599761963","2.4116804599761963","0.7272682785987854","0.7272682785987854","0.7272682785987854"
"190","2.4116804599761963","2.4116804599761963","2.4116804599761963","0.7272682785987854","0.7272682785987854","0.7272682785987854"
"191","2.4116804599761963","2.4116804599761963","2.4116804599761963","0.7272682785987854","0.7272682785987854","0.7272682785987854"
"192","2.4116804599761963","2.4116804599761963","2.4116804599761963","0.7272682785987854","0.7272682785987854","0.7272682785987854"
"193","2.129059076309204","2.129059076309204","2.129059076309204","0.7660446166992188","0.7660446166992188","0.7660446166992188"
"194","2.129059076309204","2.129059076309204","2.129059076309204","0.7660446166992188","0.7660446166992188","0.7660446166992188"
"195","2.129059076309204","2.129059076309204","2.129059076309204","0.7660446166992188","0.7660446166992188","0.7660446166992188"
"196","2.129059076309204","2.129059076309204","2.129059076309204","0.7660446166992188","0.7660446166992188","0.7660446166992188"
"197","2.129059076309204","2.129059076309204","2.129059076309204","0.7660446166992188","0.7660446166992188","0.7660446166992188"
"198","2.129059076309204","2.129059076309204","2.129059076309204","0.7660446166992188","0.7660446166992188","0.7660446166992188"
"199","2.129059076309204","2.129059076309204","2.129059076309204","0.7660446166992188","0.7660446166992188","0.7660446166992188"
"200","2.129059076309204","2.129059076309204","2.129059076309204","0.7660446166992188","0.7660446166992188","0.7660446166992188"
"201","1.9697670936584473","1.9697670936584473","1.9697670936584473","0.7355338335037231","0.7355338335037231","0.7355338335037231"
"202","1.9697670936584473","1.9697670936584473","1.9697670936584473","0.7355338335037231","0.7355338335037231","0.7355338335037231"
"203","1.9697670936584473","1.9697670936584473","1.9697670936584473","0.7355338335037231","0.7355338335037231","0.7355338335037231"
"204","1.9697670936584473","1.9697670936584473","1.9697670936584473","0.7355338335037231","0.7355338335037231","0.7355338335037231"
"205","1.9697670936584473","1.9697670936584473","1.9697670936584473","0.7355338335037231","0.7355338335037231","0.7355338335037231"
"206","1.9697670936584473","1.9697670936584473","1.9697670936584473","0.7355338335037231","0.7355338335037231","0.7355338335037231"
"207","1.9697670936584473","1.9697670936584473","1.9697670936584473","0.7355338335037231","0.7355338335037231","0.7355338335037231"
"208","1.9697670936584473","1.9697670936584473","1.9697670936584473","0.7355338335037231","0.7355338335037231","0.7355338335037231"
"209","1.8191208839416504","1.8191208839416504","1.8191208839416504","0.5938211679458618","0.5938211679458618","0.5938211679458618"
"210","1.8191208839416504","1.8191208839416504","1.8191208839416504","0.5938211679458618","0.5938211679458618","0.5938211679458618"
"211","1.8191208839416504","1.8191208839416504","1.8191208839416504","0.5938211679458618","0.5938211679458618","0.5938211679458618"
"212","1.8191208839416504","1.8191208839416504","1.8191208839416504","0.5938211679458618","0.5938211679458618","0.5938211679458618"
"213","1.8191208839416504","1.8191208839416504","1.8191208839416504","0.5938211679458618","0.5938211679458618","0.5938211679458618"
"214","1.8191208839416504","1.8191208839416504","1.8191208839416504","0.5938211679458618","0.5938211679458618","0.5938211679458618"
"215","1.8191208839416504","1.8191208839416504","1.8191208839416504","0.5938211679458618","0.5938211679458618","0.5938211679458618"
"216","1.8191208839416504","1.8191208839416504","1.8191208839416504","0.5938211679458618","0.5938211679458618","0.5938211679458618"
"217","1.7735456228256226","1.7735456228256226","1.7735456228256226","0.7050021290779114","0.7050021290779114","0.7050021290779114"
"218","1.7735456228256226","1.7735456228256226","1.7735456228256226","0.7050021290779114","0.7050021290779114","0.7050021290779114"
"219","1.7735456228256226","1.7735456228256226","1.7735456228256226","0.7050021290779114","0.7050021290779114","0.7050021290779114"
"220","1.7735456228256226","1.7735456228256226","1.7735456228256226","0.7050021290779114","0.7050021290779114","0.7050021290779114"
"221","1.7735456228256226","1.7735456228256226","1.7735456228256226","0.7050021290779114","0.7050021290779114","0.7050021290779114"
"222","1.7735456228256226","1.7735456228256226","1.7735456228256226","0.7050021290779114","0.7050021290779114","0.7050021290779114"
"223","1.7735456228256226","1.7735456228256226","1.7735456228256226","0.7050021290779114","0.7050021290779114","0.7050021290779114"
"224","1.7735456228256226","1.7735456228256226","1.7735456228256226","0.7050021290779114","0.7050021290779114","0.7050021290779114"
"225","1.3233860731124878","1.3233860731124878","1.3233860731124878","0.5715087056159973","0.5715087056159973","0.5715087056159973"
"226","1.3233860731124878","1.3233860731124878","1.3233860731124878","0.5715087056159973","0.5715087056159973","0.5715087056159973"
"227","1.3233860731124878","1.3233860731124878","1.3233860731124878","0.5715087056159973","0.5715087056159973","0.5715087056159973"
"228","1.3233860731124878","1.3233860731124878","1.3233860731124878","0.5715087056159973","0.5715087056159973","0.5715087056159973"
"229","1.3233860731124878","1.3233860731124878","1.3233860731124878","0.5715087056159973","0.5715087056159973","0.5715087056159973"
"230","1.3233860731124878","1.3233860731124878","1.3233860731124878","0.5715087056159973","0.5715087056159973","0.5715087056159973"
"231","1.3233860731124878","1.3233860731124878","1.3233860731124878","0.5715087056159973","0.5715087056159973","0.5715087056159973"
"232","1.3233860731124878","1.3233860731124878","1.3233860731124878","0.5715087056159973","0.5715087056159973","0.5715087056159973"
"233","1.5100164413452148","1.5100164413452148","1.5100164413452148","0.6087342500686646","0.6087342500686646","0.6087342500686646"
"234","1.5100164413452148","1.5100164413452148","1.5100164413452148","0.6087342500686646","0.6087342500686646","0.6087342500686646"
"235","1.5100164413452148","1.5100164413452148","1.5100164413452148","0.6087342500686646","0.6087342500686646","0.6087342500686646"
"236","1.5100164413452148","1.5100164413452148","1.5100164413452148","0.6087342500686646","0.6087342500686646","0.6087342500686646"
"237","1.5100164413452148","1.5100164413452148","1.5100164413452148","0.6087342500686646","0.6087342500686646","0.6087342500686646"
"238","1.5100164413452148","1.5100164413452148","1.5100164413452148","0.6087342500686646","0.6087342500686646","0.6087342500686646"
"239","1.5100164413452148","1.5100164413452148","1.5100164413452148","0.6087342500686646","0.6087342500686646","0.6087342500686646"
"240","1.5100164413452148","1.5100164413452148","1.5100164413452148","0.6087342500686646","0.6087342500686646","0.6087342500686646"
"241","1.2625694274902344","1.2625694274902344","1.2625694274902344","0.6110852956771851","0.6110852956771851","0.6110852956771851"
"242","1.2625694274902344","1.2625694274902344","1.2625694274902344","0.6110852956771851","0.6110852956771851","0.6110852956771851"
"243","1.2625694274902344","1.2625694274902344","1.2625694274902344","0.6110852956771851","0.6110852956771851","0.6110852956771851"
"244","1.2625694274902344","1.2625694274902344","1.2625694274902344","0.6110852956771851","0.6110852956771851","0.6110852956771851"
"245","1.2625694274902344","1.2625694274902344","1.2625694274902344","0.6110852956771851","0.6110852956771851","0.6110852956771851"
"246","1.2625694274902344","1.2625694274902344","1.2625694274902344","0.6110852956771851","0.6110852956771851","0.6110852956771851"
"247","1.2625694274902344","1.2625694274902344","1.2625694274902344","0.6110852956771851","0.6110852956771851","0.6110852956771851"
"248","1.2625694274902344","1.2625694274902344","1.2625694274902344","0.6110852956771851","0.6110852956771851","0.6110852956771851"
"249","1.118571400642395","1.118571400642395","1.118571400642395","0.5042759776115417","0.5042759776115417","0.5042759776115417"
"250","1.118571400642395","1.118571400642395","1.118571400642395","0.5042759776115417","0.5042759776115417","0.5042759776115417"
"251","1.118571400642395","1.118571400642395","1.118571400642395","0.5042759776115417","0.5042759776115417","0.5042759776115417"
"252","1.118571400642395","1.118571400642395","1.118571400642395","0.5042759776115417","0.5042759776115417","0.5042759776115417"
"253","1.118571400642395","1.118571400642395","1.118571400642395","0.5042759776115417","0.5042759776115417","0.5042759776115417"
"254","1.118571400642395","1.118571400642395","1.118571400642395","0.5042759776115417","0.5042759776115417","0.5042759776115417"
"255","1.118571400642395","1.118571400642395","1.118571400642395","0.5042759776115417","0.5042759776115417","0.5042759776115417"
"256","1.118571400642395","1.118571400642395","1.118571400642395","0.5042759776115417","0.5042759776115417","0.5042759776115417"
"257","0.8163455724716187","0.8163455724716187","0.8163455724716187","0.5907726287841797","0.5907726287841797","0.5907726287841797"
"258","0.8163455724716187","0.8163455724716187","0.8163455724716187","0.5907726287841797","0.5907726287841797","0.5907726287841797"
"259","0.8163455724716187","0.8163455724716187","0.8163455724716187","0.5907726287841797","0.5907726287841797","0.5907726287841797"
"260","0.8163455724716187","0.8163455724716187","0.8163455724716187","0.5907726287841797","0.5907726287841797","0.5907726287841797"
"261","0.8163455724716187","0.8163455724716187","0.8163455724716187","0.5907726287841797","0.5907726287841797","0.5907726287841797"
"262","0.8163455724716187","0.8163455724716187","0.8163455724716187","0.5907726287841797","0.5907726287841797","0.5907726287841797"
"263","0.8163455724716187","0.8163455724716187","0.8163455724716187","0.5907726287841797","0.5907726287841797","0.5907726287841797"
"264","0.8163455724716187","0.8163455724716187","0.8163455724716187","0.5907726287841797","0.5907726287841797","0.5907726287841797"
"265","0.785300076007843","0.785300076007843","0.785300076007843","0.4626895487308502","0.4626895487308502","0.4626895487308502"
"266","0.785300076007843","0.785300076007843","0.785300076007843","0.4626895487308502","0.4626895487308502","0.4626895487308502"
"267","0.785300076007843","0.785300076007843","0.785300076007843","0.4626895487308502","0.4626895487308502","0.4626895487308502"
"268","0.785300076007843","0.785300076007843","0.785300076007843","0.4626895487308502","0.4626895487308502","0.4626895487308502"
"269","0.785300076007843","0.785300076007843","0.785300076007843","0.4626895487308502","0.4626895487308502","0.4626895487308502"
"270","0.785300076007843","0.785300076007843","0.785300076007843","0.4626895487308502","0.4626895487308502","0.4626895487308502"
"271","0.785300076007843","0.785300076007843","0.785300076007843","0.4626895487308502","0.4626895487308502","0.4626895487308502"
"272","0.785300076007843","0.785300076007843","0.785300076007843","0.4626895487308502","0.4626895487308502","0.4626895487308502"
"273","0.5830245018005371","0.5830245018005371","0.5830245018005371","0.5213133096694946","0.5213133096694946","0.5213133096694946"
"274","0.5830245018005371","0.5830245018005371","0.5830245018005371","0.5213133096694946","0.5213133096694946","0.5213133096694946"
"275","0.5830245018005371","0.5830245018005371","0.5830245018005371","0.5213133096694946","0.5213133096694946","0.5213133096694946"
"276","0.5830245018005371","0.5830245018005371","0.5830245018005371","0.5213133096694946","0.5213133096694946","0.5213133096694946"
"277","0.5830245018005371","0.5830245018005371","0.5830245018005371","0.5213133096694946","0.5213133096694946","0.5213133096694946"
"278","0.5830245018005371","0.5830245018005371","0.5830245018005371","0.5213133096694946","0.5213133096694946","0.5213133096694946"
"279","0.5830245018005371","0.5830245018005371","0.5830245018005371","0.5213133096694946","0.5213133096694946","0.5213133096694946"
"280","0.5830245018005371","0.5830245018005371","0.5830245018005371","0.5213133096694946","0.5213133096694946","0.5213133096694946"
"281","0.5187386870384216","0.5187386870384216","0.5187386870384216","0.4760068655014038","0.4760068655014038","0.4760068655014038"
"282","0.5187386870384216","0.5187386870384216","0.5187386870384216","0.4760068655014038","0.4760068655014038","0.4760068655014038"
"283","0.5187386870384216","0.5187386870384216","0.5187386870384216","0.4760068655014038","0.4760068655014038","0.4760068655014038"
"284","0.5187386870384216","0.5187386870384216","0.5187386870384216","0.4760068655014038","0.4760068655014038","0.4760068655014038"
"285","0.5187386870384216","0.5187386870384216","0.5187386870384216","0.4760068655014038","0.4760068655014038","0.4760068655014038"
"286","0.5187386870384216","0.5187386870384216","0.5187386870384216","0.4760068655014038","0.4760068655014038","0.4760068655014038"
"287","0.5187386870384216","0.5187386870384216","0.5187386870384216","0.4760068655014038","0.4760068655014038","0.4760068655014038"
"288","0.5187386870384216","0.5187386870384216","0.5187386870384216","0.4760068655014038","0.4760068655014038","0.4760068655014038"
"289","0.4729825258255005","0.4729825258255005","0.4729825258255005","0.416821151971817","0.416821151971817","0.416821151971817"
"290","0.4729825258255005","0.4729825258255005","0.4729825258255005","0.416821151971817","0.416821151971817","0.416821151971817"
"291","0.4729825258255005","0.4729825258255005","0.4729825258255005","0.416821151971817","0.416821151971817","0.416821151971817"
"292","0.4729825258255005","0.4729825258255005","0.4729825258255005","0.416821151971817","0.416821151971817","0.416821151971817"
"293","0.4729825258255005","0.4729825258255005","0.4729825258255005","0.416821151971817","0.416821151971817","0.416821151971817"
"294","0.4729825258255005","0.4729825258255005","0.4729825258255005","0.416821151971817","0.416821151971817","0.416821151971817"
"295","0.4729825258255005","0.4729825258255005","0.4729825258255005","0.416821151971817","0.416821151971817","0.416821151971817"
"296","0.4729825258255005","0.4729825258255005","0.4729825258255005","0.416821151971817","0.416821151971817","0.416821151971817"
"297","0.39658936858177185","0.39658936858177185","0.39658936858177185","0.4636530876159668","0.4636530876159668","0.4636530876159668"
"298","0.39658936858177185","0.39658936858177185","0.39658936858177185","0.4636530876159668","0.4636530876159668","0.4636530876159668"
"299","0.39658936858177185","0.39658936858177185","0.39658936858177185","0.4636530876159668","0.4636530876159668","0.4636530876159668"
"300","0.39658936858177185","0.39658936858177185","0.39658936858177185","0.4636530876159668","0.4636530876159668","0.4636530876159668"
"301","0.39658936858177185","0.39658936858177185","0.39658936858177185","0.4636530876159668","0.4636530876159668","0.4636530876159668"
"302","0.39658936858177185","0.39658936858177185","0.39658936858177185","0.4636530876159668","0.4636530876159668","0.4636530876159668"
"303","0.39658936858177185","0.39658936858177185","0.39658936858177185","0.4636530876159668","0.4636530876159668","0.4636530876159668"
"304","0.39658936858177185","0.39658936858177185","0.39658936858177185","0.4636530876159668","0.4636530876159668","0.4636530876159668"
"305","0.27692660689353943","0.27692660689353943","0.27692660689353943","0.43282997608184814","0.43282997608184814","0.43282997608184814"
"306","0.27692660689353943","0.27692660689353943","0.27692660689353943","0.43282997608184814","0.43282997608184814","0.43282997608184814"
"307","0.27692660689353943","0.27692660689353943","0.27692660689353943","0.43282997608184814","0.43282997608184814","0.43282997608184814"
"308","0.27692660689353943","0.27692660689353943","0.27692660689353943","0.43282997608184814","0.43282997608184814","0.43282997608184814"
"309","0.27692660689353943","0.27692660689353943","0.27692660689353943","0.43282997608184814","0.43282997608184814","0.43282997608184814"
"310","0.27692660689353943","0.27692660689353943","0.27692660689353943","0.43282997608184814","0.43282997608184814","0.43282997608184814"
"311","0.27692660689353943","0.27692660689353943","0.27692660689353943","0.43282997608184814","0.43282997608184814","0.43282997608184814"
"312","0.27692660689353943","0.27692660689353943","0.27692660689353943","0.43282997608184814","0.43282997608184814","0.43282997608184814"
"313","0.29814413189888","0.29814413189888","0.29814413189888","0.48386818170547485","0.48386818170547485","0.48386818170547485"
"314","0.29814413189888","0.29814413189888","0.29814413189888","0.48386818170547485","0.48386818170547485","0.48386818170547485"
"315","0.29814413189888","0.29814413189888","0.29814413189888","0.48386818170547485","0.48386818170547485","0.48386818170547485"
"316","0.29814413189888","0.29814413189888","0.29814413189888","0.48386818170547485","0.48386818170547485","0.48386818170547485"
"317","0.29814413189888","0.29814413189888","0.29814413189888","0.48386818170547485","0.48386818170547485","0.48386818170547485"
"318","0.29814413189888","0.29814413189888","0.29814413189888","0.48386818170547485","0.48386818170547485","0.48386818170547485"
"319","0.29814413189888","0.29814413189888","0.29814413189888","0.48386818170547485","0.48386818170547485","0.48386818170547485"
"320","0.29814413189888","0.29814413189888","0.29814413189888","0.48386818170547485","0.48386818170547485","0.48386818170547485"
"321","0.16215264797210693","0.16215264797210693","0.16215264797210693","0.3990097939968109","0.3990097939968109","0.3990097939968109"
"322","0.16215264797210693","0.16215264797210693","0.16215264797210693","0.3990097939968109","0.3990097939968109","0.3990097939968109"
"323","0.16215264797210693","0.16215264797210693","0.16215264797210693","0.3990097939968109","0.3990097939968109","0.3990097939968109"
"324","0.16215264797210693","0.16215264797210693","0.16215264797210693","0.3990097939968109","0.3990097939968109","0.3990097939968109"
"325","0.16215264797210693","0.16215264797210693","0.16215264797210693","0.3990097939968109","0.3990097939968109","0.3990097939968109"
"326","0.16215264797210693","0.16215264797210693","0.16215264797210693","0.3990097939968109","0.3990097939968109","0.3990097939968109"
"327","0.16215264797210693","0.16215264797210693","0.16215264797210693","0.3990097939968109","0.3990097939968109","0.3990097939968109"
"328","0.16215264797210693","0.16215264797210693","0.16215264797210693","0.3990097939968109","0.3990097939968109","0.3990097939968109"
"329","0.1918511539697647","0.1918511539697647","0.1918511539697647","0.5257351398468018","0.5257351398468018","0.5257351398468018"
"330","0.1918511539697647","0.1918511539697647","0.1918511539697647","0.5257351398468018","0.5257351398468018","0.5257351398468018"
"331","0.1918511539697647","0.1918511539697647","0.1918511539697647","0.5257351398468018","0.5257351398468018","0.5257351398468018"
"332","0.1918511539697647","0.1918511539697647","0.1918511539697647","0.5257351398468018","0.5257351398468018","0.5257351398468018"
"333","0.1918511539697647","0.1918511539697647","0.1918511539697647","0.5257351398468018","0.5257351398468018","0.5257351398468018"
"334","0.1918511539697647","0.1918511539697647","0.1918511539697647","0.5257351398468018","0.5257351398468018","0.5257351398468018"
"335","0.1918511539697647","0.1918511539697647","0.1918511539697647","0.5257351398468018","0.5257351398468018","0.5257351398468018"
"336","0.1918511539697647","0.1918511539697647","0.1918511539697647","0.5257351398468018","0.5257351398468018","0.5257351398468018"
"337","0.25167402625083923","0.25167402625083923","0.25167402625083923","0.4361532926559448","0.4361532926559448","0.4361532926559448"
"338","0.25167402625083923","0.25167402625083923","0.25167402625083923","0.4361532926559448","0.4361532926559448","0.4361532926559448"
"339","0.25167402625083923","0.25167402625083923","0.25167402625083923","0.4361532926559448","0.4361532926559448","0.4361532926559448"
"340","0.25167402625083923","0.25167402625083923","0.25167402625083923","0.4361532926559448","0.4361532926559448","0.4361532926559448"
"341","0.25167402625083923","0.25167402625083923","0.25167402625083923","0.4361532926559448","0.4361532926559448","0.4361532926559448"
"342","0.25167402625083923","0.25167402625083923","0.25167402625083923","0.4361532926559448","0.4361532926559448","0.4361532926559448"
"343","0.25167402625083923","0.25167402625083923","0.25167402625083923","0.4361532926559448","0.4361532926559448","0.4361532926559448"
"344","0.25167402625083923","0.25167402625083923","0.25167402625083923","0.4361532926559448","0.4361532926559448","0.4361532926559448"
"345","0.30027925968170166","0.30027925968170166","0.30027925968170166","0.5733334422111511","0.5733334422111511","0.5733334422111511"
"346","0.30027925968170166","0.30027925968170166","0.30027925968170166","0.5733334422111511","0.5733334422111511","0.5733334422111511"
"347","0.30027925968170166","0.30027925968170166","0.30027925968170166","0.5733334422111511","0.5733334422111511","0.5733334422111511"
"348","0.30027925968170166","0.30027925968170166","0.30027925968170166","0.5733334422111511","0.5733334422111511","0.5733334422111511"
"349","0.30027925968170166","0.30027925968170166","0.30027925968170166","0.5733334422111511","0.5733334422111511","0.5733334422111511"
"350","0.30027925968170166","0.30027925968170166","0.30027925968170166","0.5733334422111511","0.5733334422111511","0.5733334422111511"
"351","0.30027925968170166","0.30027925968170166","0.30027925968170166","0.5733334422111511","0.5733334422111511","0.5733334422111511"
"352","0.30027925968170166","0.30027925968170166","0.30027925968170166","0.5733334422111511","0.5733334422111511","0.5733334422111511"
"353","-0.07917334139347076","-0.07917334139347076","-0.07917334139347076","0.4730032980442047","0.4730032980442047","0.4730032980442047"
"354","-0.07917334139347076","-0.07917334139347076","-0.07917334139347076","0.4730032980442047","0.4730032980442047","0.4730032980442047"
"355","-0.07917334139347076","-0.07917334139347076","-0.07917334139347076","0.4730032980442047","0.4730032980442047","0.4730032980442047"
"356","-0.07917334139347076","-0.07917334139347076","-0.07917334139347076","0.4730032980442047","0.4730032980442047","0.4730032980442047"
"357","-0.07917334139347076","-0.07917334139347076","-0.07917334139347076","0.4730032980442047","0.4730032980442047","0.4730032980442047"
"358","-0.07917334139347076","-0.07917334139347076","-0.07917334139347076","0.4730032980442047","0.4730032980442047","0.4730032980442047"
"359","-0.07917334139347076","-0.07917334139347076","-0.07917334139347076","0.4730032980442047","0.4730032980442047","0.4730032980442047"
"360","-0.07917334139347076","-0.07917334139347076","-0.07917334139347076","0.4730032980442047","0.4730032980442047","0.4730032980442047"
"361","-0.18815834820270538","-0.18815834820270538","-0.18815834820270538","0.47476083040237427","0.47476083040237427","0.47476083040237427"
"362","-0.18815834820270538","-0.18815834820270538","-0.18815834820270538","0.47476083040237427","0.47476083040237427","0.47476083040237427"
"363","-0.18815834820270538","-0.18815834820270538","-0.18815834820270538","0.47476083040237427","0.47476083040237427","0.47476083040237427"
"364","-0.18815834820270538","-0.18815834820270538","-0.18815834820270538","0.47476083040237427","0.47476083040237427","0.47476083040237427"
"365","-0.18815834820270538","-0.18815834820270538","-0.18815834820270538","0.47476083040237427","0.47476083040237427","0.47476083040237427"
"366","-0.18815834820270538","-0.18815834820270538","-0.18815834820270538","0.47476083040237427","0.47476083040237427","0.47476083040237427"
"367","-0.18815834820270538","-0.18815834820270538","-0.18815834820270538","0.47476083040237427","0.47476083040237427","0.47476083040237427"
"368","-0.18815834820270538","-0.18815834820270538","-0.18815834820270538","0.47476083040237427","0.47476083040237427","0.47476083040237427"
"369","-0.30616050958633423","-0.30616050958633423","-0.30616050958633423","0.46039465069770813","0.46039465069770813","0.46039465069770813"
"370","-0.30616050958633423","-0.30616050958633423","-0.30616050958633423","0.46039465069770813","0.46039465069770813","0.46039465069770813"
"371","-0.30616050958633423","-0.30616050958633423","-0.30616050958633423","0.46039465069770813","0.46039465069770813","0.46039465069770813"
"372","-0.30616050958633423","-0.30616050958633423","-0.30616050958633423","0.46039465069770813","0.46039465069770813","0.46039465069770813"
"373","-0.30616050958633423","-0.30616050958633423","-0.30616050958633423","0.46039465069770813","0.46039465069770813","0.46039465069770813"
"374","-0.30616050958633423","-0.30616050958633423","-0.30616050958633423","0.46039465069770813","0.46039465069770813","0.46039465069770813"
"375","-0.30616050958633423","-0.30616050958633423","-0.30616050958633423","0.46039465069770813","0.46039465069770813","0.46039465069770813"
"376","-0.30616050958633423","-0.30616050958633423","-0.30616050958633423","0.46039465069770813","0.46039465069770813","0.46039465069770813"
"377","-0.2661546468734741","-0.2661546468734741","-0.2661546468734741","0.6166214346885681","0.6166214346885681","0.6166214346885681"
"378","-0.2661546468734741","-0.2661546468734741","-0.2661546468734741","0.6166214346885681","0.6166214346885681","0.6166214346885681"
"379","-0.2661546468734741","-0.2661546468734741","-0.2661546468734741","0.6166214346885681","0.6166214346885681","0.6166214346885681"
"380","-0.2661546468734741","-0.2661546468734741","-0.2661546468734741","0.6166214346885681","0.6166214346885681","0.6166214346885681"
"381","-0.2661546468734741","-0.2661546468734741","-0.2661546468734741","0.6166214346885681","0.6166214346885681","0.6166214346885681"
"382","-0.2661546468734741","-0.2661546468734741","-0.2661546468734741","0.6166214346885681","0.6166214346885681","0.6166214346885681"
"383","-0.2661546468734741","-0.2661546468734741","-0.2661546468734741","0.6166214346885681","0.6166214346885681","0.6166214346885681"
"384","-0.2661546468734741","-0.2661546468734741","-0.2661546468734741","0.6166214346885681","0.6166214346885681","0.6166214346885681"
"385","-0.3435656726360321","-0.3435656726360321","-0.3435656726360321","0.6463766694068909","0.6463766694068909","0.6463766694068909"
"386","-0.3435656726360321","-0.3435656726360321","-0.3435656726360321","0.6463766694068909","0.6463766694068909","0.6463766694068909"
"387","-0.3435656726360321","-0.3435656726360321","-0.3435656726360321","0.6463766694068909","0.6463766694068909","0.6463766694068909"
"388","-0.3435656726360321","-0.3435656726360321","-0.3435656726360321","0.6463766694068909","0.6463766694068909","0.6463766694068909"
"389","-0.3435656726360321","-0.3435656726360321","-0.3435656726360321","0.6463766694068909","0.6463766694068909","0.6463766694068909"
"390","-0.3435656726360321","-0.3435656726360321","-0.3435656726360321","0.6463766694068909","0.6463766694068909","0.6463766694068909"
"391","-0.3435656726360321","-0.3435656726360321","-0.3435656726360321","0.6463766694068909","0.6463766694068909","0.6463766694068909"
"392","-0.3435656726360321","-0.3435656726360321","-0.3435656726360321","0.6463766694068909","0.6463766694068909","0.6463766694068909"
"393","-0.6083036661148071","-0.6083036661148071","-0.6083036661148071","0.7380818724632263","0.7380818724632263","0.7380818724632263"
"394","-0.6083036661148071","-0.6083036661148071","-0.6083036661148071","0.7380818724632263","0.7380818724632263","0.7380818724632263"
"395","-0.6083036661148071","-0.6083036661148071","-0.6083036661148071","0.7380818724632263","0.7380818724632263","0.7380818724632263"
"396","-0.6083036661148071","-0.6083036661148071","-0.6083036661148071","0.7380818724632263","0.7380818724632263","0.7380818724632263"
"397","-0.6083036661148071","-0.6083036661148071","-0.6083036661148071","0.7380818724632263","0.7380818724632263","0.7380818724632263"
"398","-0.6083036661148071","-0.6083036661148071","-0.6083036661148071","0.7380818724632263","0.7380818724632263","0.7380818724632263"
"399","-0.6083036661148071","-0.6083036661148071","-0.6083036661148071","0.7380818724632263","0.7380818724632263","0.7380818724632263"
"400","-0.6083036661148071","-0.6083036661148071","-0.6083036661148071","0.7380818724632263","0.7380818724632263","0.7380818724632263"
"401","-0.6103571057319641","-0.6103571057319641","-0.6103571057319641","0.8164751529693604","0.8164751529693604","0.8164751529693604"
"402","-0.6103571057319641","-0.6103571057319641","-0.6103571057319641","0.8164751529693604","0.8164751529693604","0.8164751529693604"
"403","-0.6103571057319641","-0.6103571057319641","-0.6103571057319641","0.8164751529693604","0.8164751529693604","0.8164751529693604"
"404","-0.6103571057319641","-0.6103571057319641","-0.6103571057319641","0.8164751529693604","0.8164751529693604","0.8164751529693604"
"405","-0.6103571057319641","-0.6103571057319641","-0.6103571057319641","0.8164751529693604","0.8164751529693604","0.8164751529693604"
"406","-0.6103571057319641","-0.6103571057319641","-0.6103571057319641","0.8164751529693604","0.8164751529693604","0.8164751529693604"
"407","-0.6103571057319641","-0.6103571057319641","-0.6103571057319641","0.8164751529693604","0.8164751529693604","0.8164751529693604"
"408","-0.6103571057319641","-0.6103571057319641","-0.6103571057319641","0.8164751529693604","0.8164751529693604","0.8164751529693604"
"409","-0.34549030661582947","-0.34549030661582947","-0.34549030661582947","0.7754936814308167","0.7754936814308167","0.7754936814308167"
"410","-0.34549030661582947","-0.34549030661582947","-0.34549030661582947","0.7754936814308167","0.7754936814308167","0.7754936814308167"
"411","-0.34549030661582947","-0.34549030661582947","-0.34549030661582947","0.7754936814308167","0.7754936814308167","0.7754936814308167"
"412","-0.34549030661582947","-0.34549030661582947","-0.34549030661582947","0.7754936814308167","0.7754936814308167","0.7754936814308167"
"413","-0.34549030661582947","-0.34549030661582947","-0.34549030661582947","0.7754936814308167","0.7754936814308167","0.7754936814308167"
"414","-0.34549030661582947","-0.34549030661582947","-0.34549030661582947","0.7754936814308167","0.7754936814308167","0.7754936814308167"
"415","-0.34549030661582947","-0.34549030661582947","-0.34549030661582947","0.7754936814308167","0.7754936814308167","0.7754936814308167"
"416","-0.34549030661582947","-0.34549030661582947","-0.34549030661582947","0.7754936814308167","0.7754936814308167","0.7754936814308167"
"417","-0.8347377777099609","-0.8347377777099609","-0.8347377777099609","0.8842262625694275","0.8842262625694275","0.8842262625694275"
"418","-0.8347377777099609","-0.8347377777099609","-0.8347377777099609","0.8842262625694275","0.8842262625694275","0.8842262625694275"
"419","-0.8347377777099609","-0.8347377777099609","-0.8347377777099609","0.8842262625694275","0.8842262625694275","0.8842262625694275"
"420","-0.8347377777099609","-0.8347377777099609","-0.8347377777099609","0.8842262625694275","0.8842262625694275","0.8842262625694275"
"421","-0.8347377777099609","-0.8347377777099609","-0.8347377777099609","0.8842262625694275","0.8842262625694275","0.8842262625694275"
"422","-0.8347377777099609","-0.8347377777099609","-0.8347377777099609","0.8842262625694275","0.8842262625694275","0.8842262625694275"
"423","-0.8347377777099609","-0.8347377777099609","-0.8347377777099609","0.8842262625694275","0.8842262625694275","0.8842262625694275"
"424","-0.8347377777099609","-0.8347377777099609","-0.8347377777099609","0.8842262625694275","0.8842262625694275","0.8842262625694275"
"425","-0.7021185159683228","-0.7021185159683228","-0.7021185159683228","0.8004956841468811","0.8004956841468811","0.8004956841468811"
"426","-0.7021185159683228","-0.7021185159683228","-0.7021185159683228","0.8004956841468811","0.8004956841468811","0.8004956841468811"
"427","-0.7021185159683228","-0.7021185159683228","-0.7021185159683228","0.8004956841468811","0.8004956841468811","0.8004956841468811"
"428","-0.7021185159683228","-0.7021185159683228","-0.7021185159683228","0.8004956841468811","0.8004956841468811","0.8004956841468811"
"429","-0.7021185159683228","-0.7021185159683228","-0.7021185159683228","0.8004956841468811","0.8004956841468811","0.8004956841468811"
"430","-0.7021185159683228","-0.7021185159683228","-0.7021185159683228","0.8004956841468811","0.8004956841468811","0.8004956841468811"
"431","-0.7021185159683228","-0.7021185159683228","-0.7021185159683228","0.8004956841468811","0.8004956841468811","0.8004956841468811"
"432","-0.7021185159683228","-0.7021185159683228","-0.7021185159683228","0.8004956841468811","0.8004956841468811","0.8004956841468811"
"433","-0.9600335955619812","-0.9600335955619812","-0.9600335955619812","0.8235990405082703","0.8235990405082703","0.8235990405082703"
"434","-0.9600335955619812","-0.9600335955619812","-0.9600335955619812","0.8235990405082703","0.8235990405082703","0.8235990405082703"
"435","-0.9600335955619812","-0.9600335955619812","-0.9600335955619812","0.8235990405082703","0.8235990405082703","0.8235990405082703"
"436","-0.9600335955619812","-0.9600335955619812","-0.9600335955619812","0.8235990405082703","0.8235990405082703","0.8235990405082703"
"437","-0.9600335955619812","-0.9600335955619812","-0.9600335955619812","0.8235990405082703","0.8235990405082703","0.8235990405082703"
"438","-0.9600335955619812","-0.9600335955619812","-0.9600335955619812","0.8235990405082703","0.8235990405082703","0.8235990405082703"
"439","-0.9600335955619812","-0.9600335955619812","-0.9600335955619812","0.8235990405082703","0.8235990405082703","0.8235990405082703"
"440","-0.9600335955619812","-0.9600335955619812","-0.9600335955619812","0.8235990405082703","0.8235990405082703","0.8235990405082703"
"441","-0.6012895107269287","-0.6012895107269287","-0.6012895107269287","0.983974277973175","0.983974277973175","0.983974277973175"
"442","-0.6012895107269287","-0.6012895107269287","-0.6012895107269287","0.983974277973175","0.983974277973175","0.983974277973175"
"443","-0.6012895107269287","-0.6012895107269287","-0.6012895107269287","0.983974277973175","0.983974277973175","0.983974277973175"
"444","-0.6012895107269287","-0.6012895107269287","-0.6012895107269287","0.983974277973175","0.983974277973175","0.983974277973175"
"445","-0.6012895107269287","-0.6012895107269287","-0.6012895107269287","0.983974277973175","0.983974277973175","0.983974277973175"
"446","-0.6012895107269287","-0.6012895107269287","-0.6012895107269287","0.983974277973175","0.983974277973175","0.983974277973175"
"447","-0.6012895107269287","-0.6012895107269287","-0.6012895107269287","0.983974277973175","0.983974277973175","0.983974277973175"
"448","-0.6012895107269287","-0.6012895107269287","-0.6012895107269287","0.983974277973175","0.983974277973175","0.983974277973175"
"449","-0.794956624507904","-0.794956624507904","-0.794956624507904","0.9790111184120178","0.9790111184120178","0.9790111184120178"
"450","-0.794956624507904","-0.794956624507904","-0.794956624507904","0.9790111184120178","0.9790111184120178","0.9790111184120178"
"451","-0.794956624507904","-0.794956624507904","-0.794956624507904","0.9790111184120178","0.9790111184120178","0.9790111184120178"
"452","-0.794956624507904","-0.794956624507904","-0.794956624507904","0.9790111184120178","0.9790111184120178","0.9790111184120178"
"453","-0.794956624507904","-0.794956624507904","-0.794956624507904","0.9790111184120178","0.9790111184120178","0.9790111184120178"
"454","-0.794956624507904","-0.794956624507904","-0.794956624507904","0.9790111184120178","0.9790111184120178","0.9790111184120178"
"455","-0.794956624507904","-0.794956624507904","-0.794956624507904","0.9790111184120178","0.9790111184120178","0.9790111184120178"
"456","-0.794956624507904","-0.794956624507904","-0.794956624507904","0.9790111184120178","0.9790111184120178","0.9790111184120178"
"457","-0.9189342260360718","-0.9189342260360718","-0.9189342260360718","0.9617681503295898","0.9617681503295898","0.9617681503295898"
"458","-0.9189342260360718","-0.9189342260360718","-0.9189342260360718","0.9617681503295898","0.9617681503295898","0.9617681503295898"
"459","-0.9189342260360718","-0.9189342260360718","-0.9189342260360718","0.9617681503295898","0.9617681503295898","0.9617681503295898"
"460","-0.9189342260360718","-0.9189342260360718","-0.9189342260360718","0.9617681503295898","0.9617681503295898","0.9617681503295898"
"461","-0.9189342260360718","-0.9189342260360718","-0.9189342260360718","0.9617681503295898","0.9617681503295898","0.9617681503295898"
"462","-0.9189342260360718","-0.9189342260360718","-0.9189342260360718","0.9617681503295898","0.9617681503295898","0.9617681503295898"
"463","-0.9189342260360718","-0.9189342260360718","-0.9189342260360718","0.9617681503295898","0.9617681503295898","0.9617681503295898"
"464","-0.9189342260360718","-0.9189342260360718","-0.9189342260360718","0.9617681503295898","0.9617681503295898","0.9617681503295898"
"465","-0.30095374584198","-0.30095374584198","-0.30095374584198","1.1090333461761475","1.1090333461761475","1.1090333461761475"
"466","-0.30095374584198","-0.30095374584198","-0.30095374584198","1.1090333461761475","1.1090333461761475","1.1090333461761475"
"467","-0.30095374584198","-0.30095374584198","-0.30095374584198","1.1090333461761475","1.1090333461761475","1.1090333461761475"
"468","-0.30095374584198","-0.30095374584198","-0.30095374584198","1.1090333461761475","1.1090333461761475","1.1090333461761475"
"469","-0.30095374584198","-0.30095374584198","-0.30095374584198","1.1090333461761475","1.1090333461761475","1.1090333461761475"
"470","-0.30095374584198","-0.30095374584198","-0.30095374584198","1.1090333461761475","1.1090333461761475","1.1090333461761475"
"471","-0.30095374584198","-0.30095374584198","-0.30095374584198","1.1090333461761475","1.1090333461761475","1.1090333461761475"
"472","-0.30095374584198","-0.30095374584198","-0.30095374584198","1.1090333461761475","1.1090333461761475","1.1090333461761475"
"473","-1.0995005369186401","-1.0995005369186401","-1.0995005369186401","1.1309453248977661","1.1309453248977661","1.1309453248977661"
"474","-1.0995005369186401","-1.0995005369186401","-1.0995005369186401","1.1309453248977661","1.1309453248977661","1.1309453248977661"
"475","-1.0995005369186401","-1.0995005369186401","-1.0995005369186401","1.1309453248977661","1.1309453248977661","1.1309453248977661"
"476","-1.0995005369186401","-1.0995005369186401","-1.0995005369186401","1.1309453248977661","1.1309453248977661","1.1309453248977661"
"477","-1.0995005369186401","-1.0995005369186401","-1.0995005369186401","1.1309453248977661","1.1309453248977661","1.1309453248977661"
"478","-1.0995005369186401","-1.0995005369186401","-1.0995005369186401","1.1309453248977661","1.1309453248977661","1.1309453248977661"
"479","-1.0995005369186401","-1.0995005369186401","-1.0995005369186401","1.1309453248977661","1.1309453248977661","1.1309453248977661"
"480","-1.0995005369186401","-1.0995005369186401","-1.0995005369186401","1.1309453248977661","1.1309453248977661","1.1309453248977661"
"481","-0.6515670418739319","-0.6515670418739319","-0.6515670418739319","1.4459011554718018","1.4459011554718018","1.4459011554718018"
"482","-0.6515670418739319","-0.6515670418739319","-0.6515670418739319","1.4459011554718018","1.4459011554718018","1.4459011554718018"
"483","-0.6515670418739319","-0.6515670418739319","-0.6515670418739319","1.4459011554718018","1.4459011554718018","1.4459011554718018"
"484","-0.6515670418739319","-0.6515670418739319","-0.6515670418739319","1.4459011554718018","1.4459011554718018","1.4459011554718018"
"485","-0.6515670418739319","-0.6515670418739319","-0.6515670418739319","1.4459011554718018","1.4459011554718018","1.4459011554718018"
"486","-0.6515670418739319","-0.6515670418739319","-0.6515670418739319","1.4459011554718018","1.4459011554718018","1.4459011554718018"
"487","-0.6515670418739319","-0.6515670418739319","-0.6515670418739319","1.4459011554718018","1.4459011554718018","1.4459011554718018"
"488","-0.6515670418739319","-0.6515670418739319","-0.6515670418739319","1.4459011554718018","1.4459011554718018","1.4459011554718018"
"489","-0.5134727358818054","-0.5134727358818054","-0.5134727358818054","1.388258695602417","1.388258695602417","1.388258695602417"
"490","-0.5134727358818054","-0.5134727358818054","-0.5134727358818054","1.388258695602417","1.388258695602417","1.388258695602417"
"491","-0.5134727358818054","-0.5134727358818054","-0.5134727358818054","1.388258695602417","1.388258695602417","1.388258695602417"
"492","-0.5134727358818054","-0.5134727358818054","-0.5134727358818054","1.388258695602417","1.388258695602417","1.388258695602417"
"493","-0.5134727358818054","-0.5134727358818054","-0.5134727358818054","1.388258695602417","1.388258695602417","1.388258695602417"
"494","-0.5134727358818054","-0.5134727358818054","-0.5134727358818054","1.388258695602417","1.388258695602417","1.388258695602417"
"495","-0.5134727358818054","-0.5134727358818054","-0.5134727358818054","1.388258695602417","1.388258695602417","1.388258695602417"
"496","-0.5134727358818054","-0.5134727358818054","-0.5134727358818054","1.388258695602417","1.388258695602417","1.388258695602417"
"497","-0.4929294288158417","-0.4929294288158417","-0.4929294288158417","1.351729393005371","1.351729393005371","1.351729393005371"
"498","-0.4929294288158417","-0.4929294288158417","-0.4929294288158417","1.351729393005371","1.351729393005371","1.351729393005371"
"499","-0.4929294288158417","-0.4929294288158417","-0.4929294288158417","1.351729393005371","1.351729393005371","1.351729393005371"
"500","-0.4929294288158417","-0.4929294288158417","-0.4929294288158417","1.351729393005371","1.351729393005371","1.351729393005371"
"501","-0.4929294288158417","-0.4929294288158417","-0.4929294288158417","1.351729393005371","1.351729393005371","1.351729393005371"
"502","-0.4929294288158417","-0.4929294288158417","-0.4929294288158417","1.351729393005371","1.351729393005371","1.351729393005371"
"503","-0.4929294288158417","-0.4929294288158417","-0.4929294288158417","1.351729393005371","1.351729393005371","1.351729393005371"
"504","-0.4929294288158417","-0.4929294288158417","-0.4929294288158417","1.351729393005371","1.351729393005371","1.351729393005371"
"505","-0.26743951439857483","-0.26743951439857483","-0.26743951439857483","1.40390145778656","1.40390145778656","1.40390145778656"
"506","-0.26743951439857483","-0.26743951439857483","-0.26743951439857483","1.40390145778656","1.40390145778656","1.40390145778656"
"507","-0.26743951439857483","-0.26743951439857483","-0.26743951439857483","1.40390145778656","1.40390145778656","1.40390145778656"
"508","-0.26743951439857483","-0.26743951439857483","-0.26743951439857483","1.40390145778656","1.40390145778656","1.40390145778656"
"509","-0.26743951439857483","-0.26743951439857483","-0.26743951439857483","1.40390145778656","1.40390145778656","1.40390145778656"
"510","-0.26743951439857483","-0.26743951439857483","-0.26743951439857483","1.40390145778656","1.40390145778656","1.40390145778656"
"511","-0.26743951439857483","-0.26743951439857483","-0.26743951439857483","1.40390145778656","1.40390145778656","1.40390145778656"
"512","-0.26743951439857483","-0.26743951439857483","-0.26743951439857483","1.40390145778656","1.40390145778656","1.40390145778656"
"513","-0.4793849289417267","-0.4793849289417267","-0.4793849289417267","1.297789216041565","1.297789216041565","1.297789216041565"
"514","-0.4793849289417267","-0.4793849289417267","-0.4793849289417267","1.297789216041565","1.297789216041565","1.297789216041565"
"515","-0.4793849289417267","-0.4793849289417267","-0.4793849289417267","1.297789216041565","1.297789216041565","1.297789216041565"
"516","-0.4793849289417267","-0.4793849289417267","-0.4793849289417267","1.297789216041565","1.297789216041565","1.297789216041565"
"517","-0.4793849289417267","-0.4793849289417267","-0.4793849289417267","1.297789216041565","1.297789216041565","1.297789216041565"
"518","-0.4793849289417267","-0.4793849289417267","-0.4793849289417267","1.297789216041565","1.297789216041565","1.297789216041565"
"519","-0.4793849289417267","-0.4793849289417267","-0.4793849289417267","1.297789216041565","1.297789216041565","1.297789216041565"
"520","-0.4793849289417267","-0.4793849289417267","-0.4793849289417267","1.297789216041565","1.297789216041565","1.297789216041565"
"521","-0.1557251214981079","-0.1557251214981079","-0.1557251214981079","1.253395676612854","1.253395676612854","1.253395676612854"
"522","-0.1557251214981079","-0.1557251214981079","-0.1557251214981079","1.253395676612854","1.253395676612854","1.253395676612854"
"523","-0.1557251214981079","-0.1557251214981079","-0.1557251214981079","1.253395676612854","1.253395676612854","1.253395676612854"
"524","-0.1557251214981079","-0.1557251214981079","-0.1557251214981079","1.253395676612854","1.253395676612854","1.253395676612854"
"525","-0.1557251214981079","-0.1557251214981079","-0.1557251214981079","1.253395676612854","1.253395676612854","1.253395676612854"
"526","-0.1557251214981079","-0.1557251214981079","-0.1557251214981079","1.253395676612854","1.253395676612854","1.253395676612854"
"527","-0.1557251214981079","-0.1557251214981079","-0.1557251214981079","1.253395676612854","1.253395676612854","1.253395676612854"
"528","-0.1557251214981079","-0.1557251214981079","-0.1557251214981079","1.253395676612854","1.253395676612854","1.253395676612854"
"529","0.07731299102306366","0.07731299102306366","0.07731299102306366","1.1994876861572266","1.1994876861572266","1.1994876861572266"
"530","0.07731299102306366","0.07731299102306366","0.07731299102306366","1.1994876861572266","1.1994876861572266","1.1994876861572266"
"531","0.07731299102306366","0.07731299102306366","0.07731299102306366","1.1994876861572266","1.1994876861572266","1.1994876861572266"
"532","0.07731299102306366","0.07731299102306366","0.07731299102306366","1.1994876861572266","1.1994876861572266","1.1994876861572266"
"533","0.07731299102306366","0.07731299102306366","0.07731299102306366","1.1994876861572266","1.1994876861572266","1.1994876861572266"
"534","0.07731299102306366","0.07731299102306366","0.07731299102306366","1.1994876861572266","1.1994876861572266","1.1994876861572266"
"535","0.07731299102306366","0.07731299102306366","0.07731299102306366","1.1994876861572266","1.1994876861572266","1.1994876861572266"
"536","0.07731299102306366","0.07731299102306366","0.07731299102306366","1.1994876861572266","1.1994876861572266","1.1994876861572266"
"537","0.2627588212490082","0.2627588212490082","0.2627588212490082","1.1505321264266968","1.1505321264266968","1.1505321264266968"
"538","0.2627588212490082","0.2627588212490082","0.2627588212490082","1.1505321264266968","1.1505321264266968","1.1505321264266968"
"539","0.2627588212490082","0.2627588212490082","0.2627588212490082","1.1505321264266968","1.1505321264266968","1.1505321264266968"
"540","0.2627588212490082","0.2627588212490082","0.2627588212490082","1.1505321264266968","1.1505321264266968","1.1505321264266968"
"541","0.2627588212490082","0.2627588212490082","0.2627588212490082","1.1505321264266968","1.1505321264266968","1.1505321264266968"
"542","0.2627588212490082","0.2627588212490082","0.2627588212490082","1.1505321264266968","1.1505321264266968","1.1505321264266968"
"543","0.2627588212490082","0.2627588212490082","0.2627588212490082","1.1505321264266968","1.1505321264266968","1.1505321264266968"
"544","0.2627588212490082","0.2627588212490082","0.2627588212490082","1.1505321264266968","1.1505321264266968","1.1505321264266968"
"545","0.23186731338500977","0.23186731338500977","0.23186731338500977","1.1039680242538452","1.1039680242538452","1.1039680242538452"
"546","0.23186731338500977","0.23186731338500977","0.23186731338500977","1.1039680242538452","1.1039680242538452","1.1039680242538452"
"547","0.23186731338500977","0.23186731338500977","0.23186731338500977","1.1039680242538452","1.1039680242538452","1.1039680242538452"
"548","0.23186731338500977","0.23186731338500977","0.23186731338500977","1.1039680242538452","1.1039680242538452","1.1039680242538452"
"549","0.23186731338500977","0.23186731338500977","0.23186731338500977","1.1039680242538452","1.1039680242538452","1.1039680242538452"
"550","0.23186731338500977","0.23186731338500977","0.23186731338500977","1.1039680242538452","1.1039680242538452","1.1039680242538452"
"551","0.23186731338500977","0.23186731338500977","0.23186731338500977","1.1039680242538452","1.1039680242538452","1.1039680242538452"
"552","0.23186731338500977","0.23186731338500977","0.23186731338500977","1.1039680242538452","1.1039680242538452","1.1039680242538452"
"553","0.4489934742450714","0.4489934742450714","0.4489934742450714","1.030177116394043","1.030177116394043","1.030177116394043"
"554","0.4489934742450714","0.4489934742450714","0.4489934742450714","1.030177116394043","1.030177116394043","1.030177116394043"
"555","0.4489934742450714","0.4489934742450714","0.4489934742450714","1.030177116394043","1.030177116394043","1.030177116394043"
"556","0.4489934742450714","0.4489934742450714","0.4489934742450714","1.030177116394043","1.030177116394043","1.030177116394043"
"557","0.4489934742450714","0.4489934742450714","0.4489934742450714","1.030177116394043","1.030177116394043","1.030177116394043"
"558","0.4489934742450714","0.4489934742450714","0.4489934742450714","1.030177116394043","1.030177116394043","1.030177116394043"
"559","0.4489934742450714","0.4489934742450714","0.4489934742450714","1.030177116394043","1.030177116394043","1.030177116394043"
"560","0.4489934742450714","0.4489934742450714","0.4489934742450714","1.030177116394043","1.030177116394043","1.030177116394043"
"561","0.3507843315601349","0.3507843315601349","0.3507843315601349","0.879664957523346","0.879664957523346","0.879664957523346"
"562","0.3507843315601349","0.3507843315601349","0.3507843315601349","0.879664957523346","0.879664957523346","0.879664957523346"
"563","0.3507843315601349","0.3507843315601349","0.3507843315601349","0.879664957523346","0.879664957523346","0.879664957523346"
"564","0.3507843315601349","0.3507843315601349","0.3507843315601349","0.879664957523346","0.879664957523346","0.879664957523346"
"565","0.3507843315601349","0.3507843315601349","0.3507843315601349","0.879664957523346","0.879664957523346","0.879664957523346"
"566","0.3507843315601349","0.3507843315601349","0.3507843315601349","0.879664957523346","0.879664957523346","0.879664957523346"
"567","0.3507843315601349","0.3507843315601349","0.3507843315601349","0.879664957523346","0.879664957523346","0.879664957523346"
"568","0.3507843315601349","0.3507843315601349","0.3507843315601349","0.879664957523346","0.879664957523346","0.879664957523346"
"569","0.26179760694503784","0.26179760694503784","0.26179760694503784","0.8226113319396973","0.8226113319396973","0.8226113319396973"
"570","0.26179760694503784","0.26179760694503784","0.26179760694503784","0.8226113319396973","0.8226113319396973","0.8226113319396973"
"571","0.26179760694503784","0.26179760694503784","0.26179760694503784","0.8226113319396973","0.8226113319396973","0.8226113319396973"
"572","0.26179760694503784","0.26179760694503784","0.26179760694503784","0.8226113319396973","0.8226113319396973","0.8226113319396973"
"573","0.26179760694503784","0.26179760694503784","0.26179760694503784","0.8226113319396973","0.8226113319396973","0.8226113319396973"
"574","0.26179760694503784","0.26179760694503784","0.26179760694503784","0.8226113319396973","0.8226113319396973","0.8226113319396973"
"575","0.26179760694503784","0.26179760694503784","0.26179760694503784","0.8226113319396973","0.8226113319396973","0.8226113319396973"
"576","0.26179760694503784","0.26179760694503784","0.26179760694503784","0.8226113319396973","0.8226113319396973","0.8226113319396973"
"577","-0.0012553224805742502","-0.0012553224805742502","-0.0012553224805742502","1.1546311378479004","1.1546311378479004","1.1546311378479004"
"578","-0.0012553224805742502","-0.0012553224805742502","-0.0012553224805742502","1.1546311378479004","1.1546311378479004","1.1546311378479004"
"579","-0.0012553224805742502","-0.0012553224805742502","-0.0012553224805742502","1.1546311378479004","1.1546311378479004","1.1546311378479004"
"580","-0.0012553224805742502","-0.0012553224805742502","-0.0012553224805742502","1.1546311378479004","1.1546311378479004","1.1546311378479004"
"581","-0.0012553224805742502","-0.0012553224805742502","-0.0012553224805742502","1.1546311378479004","1.1546311378479004","1.1546311378479004"
"582","-0.0012553224805742502","-0.0012553224805742502","-0.0012553224805742502","1.1546311378479004","1.1546311378479004","1.1546311378479004"
"583","-0.0012553224805742502","-0.0012553224805742502","-0.0012553224805742502","1.1546311378479004","1.1546311378479004","1.1546311378479004"
"584","-0.0012553224805742502","-0.0012553224805742502","-0.0012553224805742502","1.1546311378479004","1.1546311378479004","1.1546311378479004"
"585","0.5692062377929688","0.5692062377929688","0.5692062377929688","0.6901436448097229","0.6901436448097229","0.6901436448097229"
"586","0.5692062377929688","0.5692062377929688","0.5692062377929688","0.6901436448097229","0.6901436448097229","0.6901436448097229"
"587","0.5692062377929688","0.5692062377929688","0.5692062377929688","0.6901436448097229","0.6901436448097229","0.6901436448097229"
"588","0.5692062377929688","0.5692062377929688","0.5692062377929688","0.6901436448097229","0.6901436448097229","0.6901436448097229"
"589","0.5692062377929688","0.5692062377929688","0.5692062377929688","0.6901436448097229","0.6901436448097229","0.6901436448097229"
"590","0.5692062377929688","0.5692062377929688","0.5692062377929688","0.6901436448097229","0.6901436448097229","0.6901436448097229"
"591","0.5692062377929688","0.5692062377929688","0.5692062377929688","0.6901436448097229","0.6901436448097229","0.6901436448097229"
"592","0.5692062377929688","0.5692062377929688","0.5692062377929688","0.6901436448097229","0.6901436448097229","0.6901436448097229"
"593","0.24709196388721466","0.24709196388721466","0.24709196388721466","0.9036614894866943","0.9036614894866943","0.9036614894866943"
"594","0.24709196388721466","0.24709196388721466","0.24709196388721466","0.9036614894866943","0.9036614894866943","0.9036614894866943"
"595","0.24709196388721466","0.24709196388721466","0.24709196388721466","0.9036614894866943","0.9036614894866943","0.9036614894866943"
"596","0.24709196388721466","0.24709196388721466","0.24709196388721466","0.9036614894866943","0.9036614894866943","0.9036614894866943"
"597","0.24709196388721466","0.24709196388721466","0.24709196388721466","0.9036614894866943","0.9036614894866943","0.9036614894866943"
"598","0.24709196388721466","0.24709196388721466","0.24709196388721466","0.9036614894866943","0.9036614894866943","0.9036614894866943"
"599","0.24709196388721466","0.24709196388721466","0.24709196388721466","0.9036614894866943","0.9036614894866943","0.9036614894866943"
"600","0.24709196388721466","0.24709196388721466","0.24709196388721466","0.9036614894866943","0.9036614894866943","0.9036614894866943"